return_id,date_id,product_id,customer_id,order_id,return_quantity,refund_amount,return_rate_flag,return_reason
1,20,41,8538,ORD-20220101-75640,1,549.0,1,defective_product
2,21,89,34174,ORD-20220101-47612,2,448.2,1,delivery_issue
3,15,20,41436,ORD-20220101-18202,2,698.0,1,delivery_issue
4,19,65,20977,ORD-20220101-31390,1,1519.05,1,delivery_issue
5,13,71,26822,ORD-20220101-87768,1,75.05,1,wrong_item
6,5,10,7471,ORD-20220101-54669,1,2799.0,1,changed_mind
7,19,1,35896,ORD-20220101-80561,1,1299.0,1,wrong_item
8,7,29,44104,ORD-20220101-21156,1,949.05,1,changed_mind
9,4,78,17647,ORD-20220101-88407,1,1349.0,1,changed_mind
10,7,72,45461,ORD-20220101-50106,1,109.65,1,defective_product
11,19,51,15373,ORD-20220102-83261,1,569.05,1,delivery_issue
12,18,73,7760,ORD-20220102-29924,1,109.0,1,delivery_issue
13,10,66,23229,ORD-20220102-74908,1,899.0,1,defective_product
14,10,66,43084,ORD-20220102-72852,1,899.0,1,wrong_item
15,10,25,24528,ORD-20220102-90915,1,199.0,1,not_as_described
16,10,23,24221,ORD-20220102-86883,1,170.05,1,wrong_item
17,23,59,24584,ORD-20220102-69659,1,1799.0,1,changed_mind
18,11,8,13722,ORD-20220103-44883,1,1799.0,1,changed_mind
19,30,39,28726,ORD-20220103-10550,1,1399.0,1,not_as_described
20,11,71,21838,ORD-20220103-17882,1,71.1,1,changed_mind
21,29,79,27895,ORD-20220103-31305,1,899.0,1,defective_product
22,17,78,44151,ORD-20220103-69889,1,1281.55,1,delivery_issue
23,16,76,39229,ORD-20220103-22553,1,1329.0,1,compatibility_issue
24,25,78,18872,ORD-20220103-97374,1,1214.1,1,compatibility_issue
25,11,72,30829,ORD-20220103-91436,1,129.0,1,defective_product
26,27,80,37701,ORD-20220103-11037,1,1099.0,1,defective_product
27,18,7,23791,ORD-20220103-16025,1,599.0,1,changed_mind
28,15,96,32680,ORD-20220103-82320,1,199.0,1,changed_mind
29,28,85,18691,ORD-20220103-24561,1,449.0,1,defective_product
30,26,22,29827,ORD-20220103-21634,1,284.05,1,defective_product
31,11,64,5197,ORD-20220104-17536,1,699.0,1,changed_mind
32,29,67,39581,ORD-20220104-13048,1,999.0,1,compatibility_issue
33,19,81,6721,ORD-20220104-96644,1,799.0,1,compatibility_issue
34,30,55,17569,ORD-20220104-81729,1,1499.0,1,changed_mind
35,11,65,41198,ORD-20220104-32492,1,1599.0,1,not_as_described
36,31,20,16103,ORD-20220104-33978,1,349.0,1,delivery_issue
37,25,85,34394,ORD-20220104-11611,1,449.0,1,changed_mind
38,31,13,34976,ORD-20220104-62787,2,663.1,1,changed_mind
39,12,94,12985,ORD-20220104-14525,1,99.0,1,defective_product
40,20,78,16351,ORD-20220105-26724,1,1349.0,1,wrong_item
41,23,91,4267,ORD-20220105-61525,1,737.1,1,delivery_issue
42,20,71,15291,ORD-20220105-10951,1,79.0,1,changed_mind
43,29,41,38431,ORD-20220105-52394,1,521.55,1,compatibility_issue
44,29,26,33827,ORD-20220105-16813,1,179.0,1,delivery_issue
45,33,80,32867,ORD-20220106-74632,1,1099.0,1,delivery_issue
46,34,80,570,ORD-20220106-29491,1,989.1,1,delivery_issue
47,24,16,42732,ORD-20220106-58365,1,449.0,1,defective_product
48,10,94,47619,ORD-20220107-32294,2,198.0,1,defective_product
49,23,70,5283,ORD-20220107-80807,1,129.0,1,changed_mind
50,12,79,35707,ORD-20220107-11268,1,899.0,1,delivery_issue
51,37,97,12769,ORD-20220107-96264,1,299.0,1,delivery_issue
52,21,32,36175,ORD-20220107-71659,1,899.0,1,delivery_issue
53,14,70,8437,ORD-20220107-74700,3,387.0,1,wrong_item
54,28,69,22769,ORD-20220107-20162,2,232.2,1,delivery_issue
55,20,19,31791,ORD-20220107-56770,1,379.05,1,not_as_described
56,23,26,16730,ORD-20220107-11409,2,358.0,1,not_as_described
57,30,34,15500,ORD-20220108-29641,1,999.0,1,not_as_described
58,13,75,40531,ORD-20220108-39789,1,314.1,1,not_as_described
59,14,49,19031,ORD-20220108-54515,1,499.0,1,defective_product
60,18,35,26147,ORD-20220108-66402,1,699.0,1,defective_product
61,36,17,46137,ORD-20220108-74364,1,594.15,1,delivery_issue
62,23,15,42560,ORD-20220108-78107,1,299.0,1,not_as_described
63,20,59,18132,ORD-20220108-67707,1,1799.0,1,defective_product
64,30,95,31759,ORD-20220108-24217,1,149.0,1,defective_product
65,25,61,7280,ORD-20220108-69157,1,999.0,1,changed_mind
66,13,30,5007,ORD-20220108-99630,1,1299.0,1,compatibility_issue
67,19,17,7147,ORD-20220108-31477,1,699.0,1,changed_mind
68,33,17,20574,ORD-20220108-96925,1,629.1,1,not_as_described
69,37,97,21348,ORD-20220108-55297,1,299.0,1,delivery_issue
70,26,66,36113,ORD-20220108-80269,1,899.0,1,not_as_described
71,15,34,27735,ORD-20220109-13559,1,999.0,1,changed_mind
72,38,1,14993,ORD-20220109-48867,1,1299.0,1,wrong_item
73,18,83,14585,ORD-20220109-54728,1,399.0,1,defective_product
74,24,92,39299,ORD-20220109-66530,2,2438.0,1,changed_mind
75,18,85,27755,ORD-20220109-89441,1,449.0,1,wrong_item
76,34,58,37837,ORD-20220109-63473,1,1699.0,1,defective_product
77,26,76,13761,ORD-20220109-46271,1,1329.0,1,defective_product
78,19,68,6911,ORD-20220109-26045,1,103.55,1,changed_mind
79,26,66,14900,ORD-20220109-21672,1,899.0,1,not_as_described
80,30,71,3057,ORD-20220109-21153,1,79.0,1,delivery_issue
81,30,18,49227,ORD-20220109-85477,1,599.0,1,not_as_described
82,28,66,30196,ORD-20220110-53147,1,899.0,1,defective_product
83,22,56,13739,ORD-20220110-72117,3,6597.0,1,changed_mind
84,15,2,24377,ORD-20220110-93203,1,2124.15,1,not_as_described
85,37,57,25897,ORD-20220110-31156,1,1699.15,1,changed_mind
86,22,55,23949,ORD-20220110-65764,1,1424.05,1,wrong_item
87,17,69,35257,ORD-20220110-32895,1,129.0,1,changed_mind
88,28,11,10820,ORD-20220110-21091,1,449.0,1,not_as_described
89,16,25,26389,ORD-20220110-45086,2,398.0,1,changed_mind
90,21,95,38114,ORD-20220110-39174,1,149.0,1,defective_product
91,26,65,34483,ORD-20220111-63067,1,1599.0,1,delivery_issue
92,37,93,45831,ORD-20220111-16095,1,59.0,1,compatibility_issue
93,28,59,15601,ORD-20220111-17522,1,1799.0,1,changed_mind
94,31,71,18695,ORD-20220111-12011,2,158.0,1,delivery_issue
95,14,37,23073,ORD-20220111-50460,1,799.0,1,not_as_described
96,27,65,40677,ORD-20220111-47338,2,3198.0,1,defective_product
97,37,22,411,ORD-20220111-84007,1,299.0,1,defective_product
98,40,77,41200,ORD-20220111-94634,1,1029.0,1,delivery_issue
99,31,63,22736,ORD-20220112-76777,1,1599.0,1,not_as_described
100,17,85,6868,ORD-20220112-22755,1,449.0,1,not_as_described
101,26,97,46828,ORD-20220112-96064,1,299.0,1,defective_product
102,33,60,16708,ORD-20220112-45027,1,1199.0,1,defective_product
103,19,92,15944,ORD-20220112-86152,1,1219.0,1,defective_product
104,29,95,16096,ORD-20220112-43336,1,149.0,1,delivery_issue
105,21,19,370,ORD-20220113-82354,1,399.0,1,compatibility_issue
106,25,25,28717,ORD-20220113-74005,1,199.0,1,changed_mind
107,27,5,39486,ORD-20220113-82156,2,2998.0,1,compatibility_issue
108,23,80,32974,ORD-20220113-83903,1,1099.0,1,compatibility_issue
109,31,25,32332,ORD-20220113-68616,3,597.0,1,changed_mind
110,33,58,20911,ORD-20220113-58269,2,3398.0,1,not_as_described
111,24,20,46494,ORD-20220113-14956,1,349.0,1,changed_mind
112,41,1,22176,ORD-20220113-37371,1,1299.0,1,compatibility_issue
113,32,36,20109,ORD-20220114-39300,1,599.0,1,wrong_item
114,31,35,23893,ORD-20220114-28550,1,699.0,1,not_as_described
115,28,2,24136,ORD-20220114-48810,1,2374.05,1,compatibility_issue
116,28,75,38102,ORD-20220114-37046,1,349.0,1,not_as_described
117,43,59,150,ORD-20220114-90875,1,1799.0,1,wrong_item
118,18,36,15746,ORD-20220114-54457,1,599.0,1,delivery_issue
119,18,35,12015,ORD-20220114-80231,1,699.0,1,compatibility_issue
120,24,61,2353,ORD-20220114-25073,1,999.0,1,not_as_described
121,35,8,7535,ORD-20220114-55996,1,1799.0,1,changed_mind
122,33,34,32318,ORD-20220114-16006,1,999.0,1,compatibility_issue
123,20,44,6366,ORD-20220114-11998,1,899.0,1,defective_product
124,30,36,46534,ORD-20220115-60792,1,509.15,1,compatibility_issue
125,40,33,35954,ORD-20220115-69935,1,799.0,1,changed_mind
126,18,74,34203,ORD-20220115-80849,2,598.0,1,not_as_described
127,36,54,25296,ORD-20220115-21052,3,282.15,1,changed_mind
128,41,42,23815,ORD-20220115-91619,1,1079.1,1,defective_product
129,20,4,27159,ORD-20220115-37799,1,314.1,1,compatibility_issue
130,41,5,37013,ORD-20220115-48570,1,1349.1,1,defective_product
131,37,17,24160,ORD-20220115-10488,2,1398.0,1,defective_product
132,29,8,49349,ORD-20220115-98873,1,1799.0,1,defective_product
133,27,17,4973,ORD-20220115-72015,1,699.0,1,changed_mind
134,31,7,12033,ORD-20220116-98242,1,599.0,1,wrong_item
135,41,17,33584,ORD-20220116-23336,1,664.05,1,wrong_item
136,38,36,16099,ORD-20220116-73398,1,599.0,1,changed_mind
137,36,36,18153,ORD-20220117-52852,1,599.0,1,not_as_described
138,38,5,25498,ORD-20220117-18737,1,1499.0,1,delivery_issue
139,42,6,27314,ORD-20220117-71917,2,4398.0,1,changed_mind
140,32,59,2378,ORD-20220117-81665,2,3598.0,1,defective_product
141,23,98,27228,ORD-20220117-96023,1,249.0,1,changed_mind
142,36,90,22784,ORD-20220117-80233,1,849.0,1,defective_product
143,20,95,12827,ORD-20220117-72114,1,134.1,1,wrong_item
144,30,94,28449,ORD-20220118-15025,1,89.1,1,defective_product
145,37,14,1804,ORD-20220118-93626,1,749.0,1,defective_product
146,45,66,27618,ORD-20220118-53257,1,899.0,1,delivery_issue
147,46,84,6746,ORD-20220119-81373,1,899.0,1,changed_mind
148,48,69,46542,ORD-20220119-93643,1,129.0,1,changed_mind
149,24,78,13876,ORD-20220119-89319,1,1349.0,1,not_as_described
150,37,65,24896,ORD-20220120-17666,1,1599.0,1,delivery_issue
151,39,21,33452,ORD-20220120-43919,1,296.1,1,changed_mind
152,37,74,40763,ORD-20220120-92850,1,299.0,1,not_as_described
153,24,82,18872,ORD-20220120-26363,1,849.0,1,not_as_described
154,49,76,37896,ORD-20220120-11684,1,1329.0,1,not_as_described
155,26,62,16876,ORD-20220120-34759,1,1299.0,1,not_as_described
156,50,95,9431,ORD-20220120-16393,1,149.0,1,changed_mind
157,32,74,439,ORD-20220120-83292,1,299.0,1,compatibility_issue
158,48,36,4931,ORD-20220120-27700,1,599.0,1,defective_product
159,38,65,30085,ORD-20220121-19966,1,1599.0,1,not_as_described
160,38,94,33651,ORD-20220121-39552,1,94.05,1,delivery_issue
161,51,24,4074,ORD-20220121-84221,1,279.0,1,changed_mind
162,42,91,33256,ORD-20220121-17035,1,819.0,1,defective_product
163,40,41,4391,ORD-20220121-45866,1,549.0,1,wrong_item
164,36,15,34611,ORD-20220121-43132,1,299.0,1,not_as_described
165,25,66,45574,ORD-20220122-85543,1,899.0,1,defective_product
166,37,91,17610,ORD-20220122-77344,1,819.0,1,defective_product
167,51,67,34781,ORD-20220122-40942,1,999.0,1,not_as_described
168,53,95,14850,ORD-20220123-63074,1,149.0,1,not_as_described
169,53,16,48110,ORD-20220123-25224,1,449.0,1,not_as_described
170,32,16,35037,ORD-20220123-36335,1,426.55,1,not_as_described
171,37,11,4197,ORD-20220123-73082,1,449.0,1,defective_product
172,48,8,33751,ORD-20220124-18921,1,1799.0,1,defective_product
173,29,14,21776,ORD-20220124-51584,2,1498.0,1,defective_product
174,43,11,41425,ORD-20220124-29661,1,449.0,1,changed_mind
175,30,24,38779,ORD-20220124-29636,1,279.0,1,compatibility_issue
176,31,59,6343,ORD-20220124-20274,1,1799.0,1,delivery_issue
177,29,7,38468,ORD-20220124-41663,1,599.0,1,delivery_issue
178,27,83,46866,ORD-20220124-46729,1,399.0,1,wrong_item
179,41,55,30123,ORD-20220125-13089,1,1499.0,1,changed_mind
180,41,57,1298,ORD-20220125-49917,1,1999.0,1,defective_product
181,30,96,48781,ORD-20220126-55414,1,199.0,1,delivery_issue
182,48,65,26853,ORD-20220126-84759,1,1599.0,1,not_as_described
183,39,79,5791,ORD-20220127-81182,1,899.0,1,defective_product
184,41,21,14396,ORD-20220127-49003,1,329.0,1,defective_product
185,52,25,35132,ORD-20220127-75583,1,199.0,1,not_as_described
186,38,5,16710,ORD-20220128-62997,1,1499.0,1,defective_product
187,56,85,207,ORD-20220128-77344,2,898.0,1,wrong_item
188,38,14,3718,ORD-20220128-82042,1,749.0,1,changed_mind
189,45,61,28500,ORD-20220128-33051,1,899.1,1,not_as_described
190,51,21,21230,ORD-20220128-78625,1,329.0,1,not_as_described
191,37,93,48671,ORD-20220128-10862,1,59.0,1,compatibility_issue
192,39,10,26838,ORD-20220129-16089,1,2519.1,1,not_as_described
193,56,66,41243,ORD-20220129-77330,1,899.0,1,delivery_issue
194,57,64,18809,ORD-20220129-52127,1,699.0,1,delivery_issue
195,48,67,45014,ORD-20220129-80945,1,999.0,1,defective_product
196,43,5,46600,ORD-20220129-74256,2,2998.0,1,wrong_item
197,38,36,3270,ORD-20220129-84273,1,539.1,1,defective_product
198,59,76,221,ORD-20220129-41493,1,1329.0,1,changed_mind
199,48,86,3391,ORD-20220129-58607,1,899.0,1,compatibility_issue
200,37,39,34827,ORD-20220130-34765,1,1329.05,1,defective_product
201,48,3,22231,ORD-20220130-10557,1,499.0,1,not_as_described
202,53,32,36018,ORD-20220130-11390,1,899.0,1,not_as_described
203,60,45,27345,ORD-20220130-18913,1,799.0,1,wrong_item
204,48,8,29087,ORD-20220130-29123,1,1799.0,1,delivery_issue
205,54,5,11351,ORD-20220130-48620,1,1499.0,1,not_as_described
206,36,76,22593,ORD-20220130-75846,2,2658.0,1,wrong_item
207,34,79,25630,ORD-20220130-31053,1,899.0,1,defective_product
208,60,16,49584,ORD-20220131-34798,1,449.0,1,wrong_item
209,50,53,26847,ORD-20220131-49796,1,149.0,1,not_as_described
210,49,14,47941,ORD-20220131-48992,1,749.0,1,wrong_item
211,42,6,48290,ORD-20220131-20437,1,2199.0,1,delivery_issue
212,37,89,43647,ORD-20220201-19586,1,224.1,1,defective_product
213,60,8,39838,ORD-20220201-53731,1,1799.0,1,defective_product
214,53,32,42902,ORD-20220201-80331,1,899.0,1,compatibility_issue
215,55,59,48116,ORD-20220201-67033,1,1799.0,1,defective_product
216,53,66,40983,ORD-20220201-42346,1,899.0,1,defective_product
217,35,74,23248,ORD-20220201-54119,1,299.0,1,defective_product
218,60,24,37486,ORD-20220201-14385,1,279.0,1,delivery_issue
219,49,94,22242,ORD-20220202-24330,1,99.0,1,defective_product
220,63,22,7647,ORD-20220202-21007,1,299.0,1,not_as_described
221,53,26,41718,ORD-20220202-27315,1,179.0,1,changed_mind
222,54,33,44357,ORD-20220202-16223,2,1598.0,1,not_as_described
223,37,85,38453,ORD-20220202-86182,1,449.0,1,defective_product
224,58,19,7971,ORD-20220202-83623,1,399.0,1,delivery_issue
225,41,33,15533,ORD-20220202-24513,1,799.0,1,defective_product
226,49,25,27475,ORD-20220202-91988,1,199.0,1,changed_mind
227,57,98,10679,ORD-20220202-61501,1,249.0,1,defective_product
228,59,65,44112,ORD-20220202-26672,2,3038.1,1,not_as_described
229,51,33,31535,ORD-20220202-90135,1,799.0,1,delivery_issue
230,41,72,4688,ORD-20220202-23481,1,129.0,1,wrong_item
231,50,95,23447,ORD-20220203-94079,1,149.0,1,not_as_described
232,42,97,23326,ORD-20220203-69490,1,299.0,1,defective_product
233,37,72,12723,ORD-20220203-52550,1,129.0,1,wrong_item
234,54,37,26441,ORD-20220204-57563,1,799.0,1,wrong_item
235,51,97,41642,ORD-20220204-17763,2,598.0,1,not_as_described
236,38,32,31891,ORD-20220204-76381,1,899.0,1,defective_product
237,43,31,34679,ORD-20220204-90982,1,989.1,1,delivery_issue
238,60,61,28042,ORD-20220204-74393,1,999.0,1,wrong_item
239,42,7,36733,ORD-20220205-98623,2,1078.2,1,delivery_issue
240,50,3,14576,ORD-20220205-15198,1,499.0,1,defective_product
241,54,45,44886,ORD-20220205-78768,1,799.0,1,not_as_described
242,47,72,33603,ORD-20220205-78346,1,129.0,1,not_as_described
243,65,29,12380,ORD-20220205-25139,1,849.15,1,defective_product
244,55,56,3311,ORD-20220205-56250,1,2199.0,1,compatibility_issue
245,51,97,20871,ORD-20220205-47339,1,299.0,1,delivery_issue
246,52,92,20173,ORD-20220205-14119,2,2194.2,1,delivery_issue
247,61,18,33862,ORD-20220205-21038,1,599.0,1,defective_product
248,45,76,1253,ORD-20220205-44385,1,1329.0,1,compatibility_issue
249,40,75,9243,ORD-20220205-57435,1,349.0,1,compatibility_issue
250,62,8,17826,ORD-20220206-99736,1,1799.0,1,defective_product
251,44,85,662,ORD-20220206-83268,1,449.0,1,wrong_item
252,64,1,32028,ORD-20220206-94777,1,1299.0,1,changed_mind
253,61,95,1811,ORD-20220206-60091,1,149.0,1,wrong_item
254,60,59,9881,ORD-20220206-98230,1,1619.1,1,defective_product
255,57,79,32773,ORD-20220206-80926,2,1798.0,1,delivery_issue
256,45,97,16889,ORD-20220206-92021,1,299.0,1,wrong_item
257,60,66,35957,ORD-20220206-82238,1,764.15,1,defective_product
258,55,14,38588,ORD-20220207-34277,1,749.0,1,delivery_issue
259,58,87,48070,ORD-20220207-78136,1,299.0,1,delivery_issue
260,61,78,17226,ORD-20220207-38897,1,1349.0,1,delivery_issue
261,67,27,18913,ORD-20220207-33282,1,134.1,1,wrong_item
262,47,72,6790,ORD-20220208-22426,1,129.0,1,changed_mind
263,46,7,48007,ORD-20220208-58516,1,599.0,1,defective_product
264,68,24,773,ORD-20220208-49818,1,279.0,1,delivery_issue
265,56,40,44195,ORD-20220208-65275,1,749.0,1,delivery_issue
266,66,56,8663,ORD-20220208-13259,1,2199.0,1,delivery_issue
267,52,93,13128,ORD-20220208-75349,1,56.05,1,delivery_issue
268,70,73,10546,ORD-20220210-81625,1,109.0,1,wrong_item
269,48,91,24282,ORD-20220210-54229,1,819.0,1,delivery_issue
270,71,76,46657,ORD-20220210-75565,1,1329.0,1,defective_product
271,53,18,14774,ORD-20220210-47431,1,599.0,1,delivery_issue
272,51,34,4919,ORD-20220210-41010,1,999.0,1,delivery_issue
273,51,65,3952,ORD-20220210-91021,1,1599.0,1,defective_product
274,71,95,7441,ORD-20220211-87708,2,298.0,1,defective_product
275,59,82,40789,ORD-20220211-58900,1,849.0,1,defective_product
276,63,25,33317,ORD-20220211-85513,1,199.0,1,delivery_issue
277,64,21,25768,ORD-20220211-21105,1,329.0,1,defective_product
278,50,14,34717,ORD-20220211-15364,1,749.0,1,wrong_item
279,62,67,36140,ORD-20220211-30681,1,999.0,1,not_as_described
280,58,51,39512,ORD-20220211-94037,1,599.0,1,defective_product
281,59,23,2523,ORD-20220211-50247,1,170.05,1,delivery_issue
282,47,5,18885,ORD-20220211-33342,1,1499.0,1,delivery_issue
283,60,14,4240,ORD-20220212-65010,1,749.0,1,changed_mind
284,68,55,23732,ORD-20220212-76221,1,1499.0,1,changed_mind
285,59,65,46836,ORD-20220212-87247,2,2878.2,1,defective_product
286,54,1,8640,ORD-20220212-40799,1,1299.0,1,delivery_issue
287,71,38,10341,ORD-20220212-22941,1,699.0,1,not_as_described
288,52,6,29130,ORD-20220212-32695,1,2199.0,1,defective_product
289,56,98,36095,ORD-20220212-32263,2,498.0,1,delivery_issue
290,60,80,30860,ORD-20220212-73436,1,1099.0,1,delivery_issue
291,62,34,5254,ORD-20220212-70309,1,999.0,1,delivery_issue
292,57,1,23287,ORD-20220213-66406,1,1299.0,1,not_as_described
293,47,21,41034,ORD-20220213-41386,1,279.65,1,defective_product
294,60,92,31161,ORD-20220213-38765,1,1219.0,1,not_as_described
295,56,76,18298,ORD-20220213-22263,1,1262.55,1,not_as_described
296,48,22,23786,ORD-20220214-15411,1,254.15,1,defective_product
297,56,47,46392,ORD-20220214-90019,1,569.05,1,defective_product
298,68,1,49174,ORD-20220214-96622,1,1299.0,1,defective_product
299,53,58,17530,ORD-20220215-55254,1,1699.0,1,compatibility_issue
300,50,74,48216,ORD-20220215-14264,1,299.0,1,defective_product
301,59,66,18036,ORD-20220215-71862,1,899.0,1,compatibility_issue
302,54,63,10261,ORD-20220215-74251,1,1599.0,1,compatibility_issue
303,71,67,38449,ORD-20220215-43032,1,949.05,1,defective_product
304,67,95,22029,ORD-20220216-57509,1,149.0,1,not_as_described
305,59,97,36505,ORD-20220216-82815,1,299.0,1,not_as_described
306,59,67,31777,ORD-20220216-51208,1,999.0,1,compatibility_issue
307,60,33,18814,ORD-20220216-12877,1,799.0,1,not_as_described
308,76,37,20609,ORD-20220216-66062,1,799.0,1,defective_product
309,58,77,23646,ORD-20220216-91866,1,1029.0,1,changed_mind
310,64,72,32718,ORD-20220216-34779,1,122.55,1,compatibility_issue
311,67,1,34437,ORD-20220216-66600,1,1299.0,1,not_as_described
312,53,5,42907,ORD-20220217-51659,1,1499.0,1,not_as_described
313,51,23,48545,ORD-20220217-69692,1,179.0,1,delivery_issue
314,64,8,45633,ORD-20220217-43502,1,1799.0,1,changed_mind
315,55,93,28367,ORD-20220217-83395,1,59.0,1,not_as_described
316,63,17,29695,ORD-20220217-26120,1,699.0,1,defective_product
317,74,37,12398,ORD-20220217-89124,1,799.0,1,defective_product
318,74,2,35929,ORD-20220217-11669,1,2249.1,1,changed_mind
319,58,8,33613,ORD-20220218-79467,1,1799.0,1,changed_mind
320,70,51,10470,ORD-20220218-80734,1,599.0,1,changed_mind
321,59,2,23277,ORD-20220218-31613,1,2499.0,1,compatibility_issue
322,62,79,10011,ORD-20220218-43600,1,899.0,1,defective_product
323,64,95,24546,ORD-20220218-33955,1,149.0,1,defective_product
324,64,53,13543,ORD-20220218-71070,1,149.0,1,delivery_issue
325,55,73,28827,ORD-20220219-81185,1,109.0,1,defective_product
326,59,95,11038,ORD-20220219-27607,1,141.55,1,delivery_issue
327,80,64,26640,ORD-20220219-55280,1,699.0,1,wrong_item
328,58,18,26202,ORD-20220219-69210,1,569.05,1,delivery_issue
329,75,95,32711,ORD-20220219-27960,1,149.0,1,not_as_described
330,54,86,37996,ORD-20220219-80611,1,854.05,1,defective_product
331,55,77,1811,ORD-20220220-22157,1,1029.0,1,compatibility_issue
332,81,79,49151,ORD-20220220-48497,1,899.0,1,delivery_issue
333,55,35,30981,ORD-20220220-32838,1,699.0,1,compatibility_issue
334,66,76,10920,ORD-20220220-20935,2,2658.0,1,delivery_issue
335,65,41,27928,ORD-20220220-30999,1,549.0,1,delivery_issue
336,59,92,18740,ORD-20220220-43126,1,1097.1,1,not_as_described
337,74,19,24909,ORD-20220220-49504,1,379.05,1,changed_mind
338,70,57,24661,ORD-20220221-19570,1,1799.1,1,wrong_item
339,57,66,46705,ORD-20220221-21996,1,899.0,1,not_as_described
340,73,85,17990,ORD-20220221-56175,1,449.0,1,compatibility_issue
341,81,61,18587,ORD-20220221-59671,1,999.0,1,delivery_issue
342,68,79,17412,ORD-20220221-83242,1,899.0,1,compatibility_issue
343,56,90,30691,ORD-20220222-46318,2,1528.2,1,changed_mind
344,72,69,37319,ORD-20220222-13908,1,129.0,1,defective_product
345,76,61,32214,ORD-20220222-12230,1,999.0,1,not_as_described
346,62,94,24044,ORD-20220223-60255,1,99.0,1,defective_product
347,74,30,27188,ORD-20220223-55643,1,1299.0,1,wrong_item
348,75,24,39679,ORD-20220224-85994,1,279.0,1,wrong_item
349,62,46,17847,ORD-20220224-71364,1,499.0,1,defective_product
350,84,29,32357,ORD-20220224-64602,1,999.0,1,not_as_described
351,65,94,15768,ORD-20220224-96296,2,198.0,1,defective_product
352,65,58,9639,ORD-20220225-61345,1,1529.1,1,delivery_issue
353,84,18,34689,ORD-20220225-14268,1,599.0,1,delivery_issue
354,81,38,40882,ORD-20220226-34876,1,699.0,1,changed_mind
355,73,11,22320,ORD-20220226-90890,1,426.55,1,changed_mind
356,66,89,30639,ORD-20220227-66046,1,224.1,1,defective_product
357,79,67,9951,ORD-20220227-72667,1,999.0,1,changed_mind
358,69,85,49108,ORD-20220227-19150,1,449.0,1,changed_mind
359,63,73,40076,ORD-20220227-32947,2,218.0,1,delivery_issue
360,89,58,43764,ORD-20220228-74141,1,1699.0,1,delivery_issue
361,77,10,46609,ORD-20220228-54254,1,2799.0,1,delivery_issue
362,83,27,32714,ORD-20220228-79478,1,149.0,1,changed_mind
363,82,23,42298,ORD-20220228-79682,1,170.05,1,not_as_described
364,88,55,35123,ORD-20220228-58274,1,1424.05,1,not_as_described
365,75,92,28825,ORD-20220228-39865,1,1219.0,1,delivery_issue
366,64,68,37114,ORD-20220301-79390,1,109.0,1,defective_product
367,78,81,13898,ORD-20220301-33379,1,799.0,1,defective_product
368,86,67,27187,ORD-20220301-94778,1,999.0,1,delivery_issue
369,87,29,18252,ORD-20220301-65165,1,949.05,1,changed_mind
370,83,5,36739,ORD-20220301-28630,2,2998.0,1,compatibility_issue
371,66,74,19193,ORD-20220302-92312,1,299.0,1,not_as_described
372,86,11,26707,ORD-20220302-28008,2,898.0,1,defective_product
373,82,72,10338,ORD-20220302-20094,1,129.0,1,changed_mind
374,71,48,45316,ORD-20220302-11876,1,629.1,1,defective_product
375,79,12,44052,ORD-20220302-61595,1,899.0,1,defective_product
376,79,10,10901,ORD-20220302-29117,1,2799.0,1,not_as_described
377,84,6,48720,ORD-20220302-54868,1,2089.05,1,compatibility_issue
378,77,19,22668,ORD-20220302-24684,1,379.05,1,defective_product
379,67,92,22609,ORD-20220302-81176,1,1219.0,1,compatibility_issue
380,79,60,402,ORD-20220302-19862,1,1199.0,1,changed_mind
381,71,64,3634,ORD-20220302-36320,1,699.0,1,wrong_item
382,91,72,30238,ORD-20220303-18855,1,129.0,1,compatibility_issue
383,87,92,31924,ORD-20220303-27890,1,1219.0,1,defective_product
384,92,98,29058,ORD-20220303-39332,1,249.0,1,delivery_issue
385,77,67,22966,ORD-20220303-81638,2,1998.0,1,defective_product
386,81,58,41856,ORD-20220303-28019,1,1699.0,1,changed_mind
387,84,63,27004,ORD-20220303-35759,1,1599.0,1,delivery_issue
388,89,42,21196,ORD-20220304-94663,1,1199.0,1,changed_mind
389,77,40,12246,ORD-20220304-95964,1,749.0,1,not_as_described
390,68,52,28694,ORD-20220304-99183,1,349.0,1,changed_mind
391,86,20,18012,ORD-20220304-44488,1,349.0,1,defective_product
392,86,20,1075,ORD-20220305-22555,2,698.0,1,compatibility_issue
393,68,94,19,ORD-20220305-41626,1,99.0,1,defective_product
394,77,95,46514,ORD-20220305-78893,1,141.55,1,defective_product
395,70,94,35088,ORD-20220305-26089,1,99.0,1,defective_product
396,70,8,1425,ORD-20220305-21417,1,1799.0,1,not_as_described
397,70,19,27693,ORD-20220305-95053,1,399.0,1,changed_mind
398,74,6,22229,ORD-20220305-31615,2,4398.0,1,delivery_issue
399,86,6,46877,ORD-20220305-91184,3,6597.0,1,compatibility_issue
400,68,94,22171,ORD-20220305-47629,1,94.05,1,not_as_described
401,70,68,43437,ORD-20220305-73617,1,103.55,1,not_as_described
402,94,79,37820,ORD-20220305-40886,2,1798.0,1,delivery_issue
403,87,97,27127,ORD-20220306-95286,1,299.0,1,delivery_issue
404,80,22,48265,ORD-20220306-66730,1,299.0,1,compatibility_issue
405,92,91,20461,ORD-20220306-38144,1,819.0,1,defective_product
406,95,44,2881,ORD-20220307-16523,1,854.05,1,not_as_described
407,89,4,39448,ORD-20220307-87277,1,349.0,1,compatibility_issue
408,86,97,40912,ORD-20220307-90587,1,254.15,1,defective_product
409,75,29,17160,ORD-20220307-90663,1,949.05,1,not_as_described
410,91,52,30740,ORD-20220308-43805,1,349.0,1,not_as_described
411,78,80,43360,ORD-20220308-23036,1,1044.05,1,not_as_described
412,83,12,7993,ORD-20220308-55571,1,899.0,1,defective_product
413,93,66,42896,ORD-20220308-18381,1,899.0,1,not_as_described
414,91,96,16228,ORD-20220308-37903,1,199.0,1,not_as_described
415,70,51,44290,ORD-20220308-95748,1,599.0,1,compatibility_issue
416,88,83,17402,ORD-20220308-72632,1,399.0,1,delivery_issue
417,86,65,43575,ORD-20220308-47152,2,3038.1,1,defective_product
418,82,80,25398,ORD-20220309-44059,1,1099.0,1,delivery_issue
419,78,80,46980,ORD-20220309-92037,1,1099.0,1,delivery_issue
420,76,17,7549,ORD-20220309-43388,1,664.05,1,changed_mind
421,93,74,34536,ORD-20220309-53037,1,299.0,1,wrong_item
422,89,77,42502,ORD-20220310-33593,1,1029.0,1,delivery_issue
423,82,69,18094,ORD-20220310-31704,3,387.0,1,delivery_issue
424,78,16,49992,ORD-20220310-99617,3,1347.0,1,changed_mind
425,93,74,5349,ORD-20220310-88620,2,598.0,1,not_as_described
426,79,66,23195,ORD-20220310-82244,1,899.0,1,delivery_issue
427,81,95,28883,ORD-20220310-72091,1,149.0,1,not_as_described
428,73,34,27961,ORD-20220310-53105,1,949.05,1,changed_mind
429,77,93,31733,ORD-20220310-72643,1,56.05,1,defective_product
430,88,61,14132,ORD-20220310-29853,1,999.0,1,delivery_issue
431,77,17,603,ORD-20220311-45631,1,699.0,1,defective_product
432,75,71,36392,ORD-20220311-39943,2,158.0,1,changed_mind
433,81,11,23739,ORD-20220311-14424,1,449.0,1,delivery_issue
434,87,76,28264,ORD-20220311-50102,1,1329.0,1,delivery_issue
435,86,11,758,ORD-20220311-42534,1,449.0,1,not_as_described
436,95,78,45738,ORD-20220311-34001,1,1214.1,1,defective_product
437,89,92,39158,ORD-20220311-30681,1,1219.0,1,changed_mind
438,89,36,45652,ORD-20220312-16649,1,599.0,1,delivery_issue
439,78,76,43606,ORD-20220312-95600,1,1329.0,1,wrong_item
440,99,53,19454,ORD-20220312-51142,1,149.0,1,not_as_described
441,94,69,11915,ORD-20220312-80361,2,258.0,1,wrong_item
442,99,76,39026,ORD-20220312-16028,1,1262.55,1,wrong_item
443,85,6,27988,ORD-20220312-13512,1,2199.0,1,compatibility_issue
444,93,23,31110,ORD-20220312-27828,1,179.0,1,changed_mind
445,76,65,30733,ORD-20220312-12684,1,1599.0,1,defective_product
446,96,96,31809,ORD-20220313-18826,1,199.0,1,not_as_described
447,83,52,32299,ORD-20220313-16715,1,331.55,1,delivery_issue
448,102,72,29192,ORD-20220313-35587,1,129.0,1,delivery_issue
449,77,20,2670,ORD-20220313-82661,1,349.0,1,not_as_described
450,100,72,34862,ORD-20220313-86705,1,129.0,1,not_as_described
451,83,71,38431,ORD-20220313-24344,1,79.0,1,not_as_described
452,80,84,47482,ORD-20220314-95904,1,899.0,1,changed_mind
453,86,85,22714,ORD-20220314-79095,1,426.55,1,not_as_described
454,88,65,15449,ORD-20220314-32550,1,1599.0,1,delivery_issue
455,88,91,99,ORD-20220314-86314,1,819.0,1,defective_product
456,82,59,9583,ORD-20220314-99987,1,1799.0,1,delivery_issue
457,89,86,49617,ORD-20220314-18027,1,899.0,1,not_as_described
458,80,34,3778,ORD-20220314-98399,1,999.0,1,defective_product
459,98,82,45389,ORD-20220315-35721,1,849.0,1,wrong_item
460,89,66,23310,ORD-20220315-78757,1,899.0,1,delivery_issue
461,80,20,32129,ORD-20220315-56996,1,296.65,1,defective_product
462,97,76,35651,ORD-20220315-84782,1,1329.0,1,defective_product
463,94,72,12512,ORD-20220315-93433,1,122.55,1,not_as_described
464,92,10,35749,ORD-20220315-68447,2,5598.0,1,delivery_issue
465,81,2,28401,ORD-20220315-91609,1,2499.0,1,not_as_described
466,92,11,37490,ORD-20220315-96091,1,449.0,1,defective_product
467,79,92,5340,ORD-20220315-20319,1,1219.0,1,compatibility_issue
468,90,71,27161,ORD-20220315-39093,1,79.0,1,changed_mind
469,78,91,11114,ORD-20220316-21451,1,819.0,1,not_as_described
470,85,66,38735,ORD-20220316-52803,1,809.1,1,defective_product
471,101,96,5831,ORD-20220316-55079,1,199.0,1,defective_product
472,99,73,31120,ORD-20220316-64453,1,109.0,1,delivery_issue
473,84,48,31336,ORD-20220316-48157,1,699.0,1,delivery_issue
474,101,94,1913,ORD-20220316-10171,1,94.05,1,defective_product
475,97,91,21705,ORD-20220317-74227,1,819.0,1,not_as_described
476,79,11,2197,ORD-20220317-88185,1,449.0,1,defective_product
477,104,5,12284,ORD-20220317-67283,1,1349.1,1,wrong_item
478,79,29,49686,ORD-20220317-75714,1,999.0,1,changed_mind
479,101,66,10990,ORD-20220317-81777,1,899.0,1,defective_product
480,82,59,16804,ORD-20220317-27200,1,1619.1,1,defective_product
481,106,76,32209,ORD-20220317-96148,1,1262.55,1,not_as_described
482,87,61,3230,ORD-20220318-86280,1,849.15,1,changed_mind
483,99,33,45978,ORD-20220318-23200,1,799.0,1,changed_mind
484,83,69,8051,ORD-20220318-96366,1,129.0,1,changed_mind
485,93,82,28308,ORD-20220318-73979,1,849.0,1,wrong_item
486,93,18,44186,ORD-20220318-59615,1,599.0,1,changed_mind
487,106,27,31192,ORD-20220318-75548,1,141.55,1,changed_mind
488,84,5,328,ORD-20220319-83949,1,1499.0,1,defective_product
489,91,29,16973,ORD-20220319-56681,1,999.0,1,delivery_issue
490,107,45,17807,ORD-20220319-52537,1,799.0,1,defective_product
491,98,72,9154,ORD-20220319-21403,1,129.0,1,delivery_issue
492,86,96,23393,ORD-20220319-97625,1,199.0,1,wrong_item
493,98,10,39675,ORD-20220319-97668,1,2799.0,1,delivery_issue
494,101,82,12215,ORD-20220320-95822,1,849.0,1,not_as_described
495,101,18,46259,ORD-20220320-40446,1,569.05,1,wrong_item
496,88,66,25364,ORD-20220320-65639,1,899.0,1,wrong_item
497,97,71,6363,ORD-20220320-87227,1,79.0,1,not_as_described
498,92,38,17793,ORD-20220320-59486,1,699.0,1,wrong_item
499,85,78,41597,ORD-20220320-44577,1,1349.0,1,not_as_described
500,90,7,46572,ORD-20220320-78175,2,1198.0,1,not_as_described
501,87,8,41668,ORD-20220320-70806,1,1799.0,1,defective_product
502,95,72,39942,ORD-20220320-52477,1,129.0,1,changed_mind
503,101,85,17453,ORD-20220320-94355,1,449.0,1,defective_product
504,104,95,48984,ORD-20220320-15422,1,149.0,1,changed_mind
505,101,8,5167,ORD-20220321-36255,1,1799.0,1,defective_product
506,104,41,23889,ORD-20220321-64346,2,1098.0,1,not_as_described
507,102,58,47690,ORD-20220322-90640,1,1699.0,1,not_as_described
508,110,62,48765,ORD-20220322-74420,1,1299.0,1,defective_product
509,97,97,1499,ORD-20220322-53813,1,299.0,1,delivery_issue
510,87,85,3944,ORD-20220322-82541,1,404.1,1,wrong_item
511,96,76,4646,ORD-20220322-32392,1,1329.0,1,changed_mind
512,97,18,35387,ORD-20220322-36946,1,599.0,1,delivery_issue
513,103,59,10428,ORD-20220323-20221,1,1799.0,1,delivery_issue
514,95,80,30887,ORD-20220323-47034,1,1099.0,1,compatibility_issue
515,112,76,21240,ORD-20220323-74089,1,1329.0,1,not_as_described
516,89,17,46194,ORD-20220323-63499,1,699.0,1,defective_product
517,110,79,29742,ORD-20220324-66645,1,899.0,1,defective_product
518,104,81,9559,ORD-20220324-92463,2,1598.0,1,delivery_issue
519,105,90,6049,ORD-20220324-71954,1,849.0,1,wrong_item
520,93,67,9508,ORD-20220324-13117,1,999.0,1,changed_mind
521,111,41,3150,ORD-20220324-52453,1,521.55,1,delivery_issue
522,96,91,37462,ORD-20220324-10703,1,778.05,1,changed_mind
523,111,86,27975,ORD-20220324-53202,1,899.0,1,compatibility_issue
524,87,66,3925,ORD-20220324-71888,1,854.05,1,not_as_described
525,106,19,25046,ORD-20220325-93011,2,678.3,1,defective_product
526,87,56,10728,ORD-20220325-10875,1,2199.0,1,changed_mind
527,100,29,27184,ORD-20220325-78230,1,999.0,1,defective_product
528,104,97,47767,ORD-20220326-17445,1,299.0,1,not_as_described
529,114,32,48570,ORD-20220326-73150,1,899.0,1,compatibility_issue
530,108,6,20569,ORD-20220326-14895,1,2199.0,1,wrong_item
531,99,15,42562,ORD-20220326-83568,1,284.05,1,not_as_described
532,112,60,26367,ORD-20220326-97012,1,1199.0,1,changed_mind
533,99,29,18175,ORD-20220326-60897,1,999.0,1,not_as_described
534,110,93,2693,ORD-20220326-78487,1,59.0,1,delivery_issue
535,109,78,7887,ORD-20220326-11244,1,1281.55,1,not_as_described
536,98,64,40202,ORD-20220327-22337,1,699.0,1,changed_mind
537,100,58,37384,ORD-20220327-43509,1,1699.0,1,not_as_described
538,116,35,40837,ORD-20220327-57331,1,699.0,1,compatibility_issue
539,109,98,31274,ORD-20220327-70772,1,236.55,1,not_as_described
540,114,79,13843,ORD-20220328-48432,1,899.0,1,wrong_item
541,112,71,43259,ORD-20220328-45685,1,79.0,1,wrong_item
542,93,74,7563,ORD-20220328-36816,1,299.0,1,not_as_described
543,114,65,16854,ORD-20220328-37331,1,1599.0,1,changed_mind
544,115,67,16614,ORD-20220328-96127,1,999.0,1,defective_product
545,105,2,22018,ORD-20220329-66501,1,2499.0,1,compatibility_issue
546,113,95,41820,ORD-20220329-89939,1,149.0,1,not_as_described
547,101,80,28344,ORD-20220329-25574,1,1099.0,1,delivery_issue
548,108,65,44875,ORD-20220329-43250,1,1599.0,1,defective_product
549,108,69,24935,ORD-20220329-62646,2,258.0,1,wrong_item
550,111,86,28807,ORD-20220329-92240,1,899.0,1,delivery_issue
551,97,4,4736,ORD-20220329-41471,1,349.0,1,not_as_described
552,110,7,2318,ORD-20220330-73557,1,599.0,1,compatibility_issue
553,112,7,36417,ORD-20220330-86998,1,599.0,1,changed_mind
554,109,71,10618,ORD-20220331-62049,1,79.0,1,defective_product
555,117,75,23100,ORD-20220331-44815,2,698.0,1,defective_product
556,112,95,25911,ORD-20220331-70998,1,134.1,1,delivery_issue
557,99,58,38040,ORD-20220331-57887,1,1699.0,1,not_as_described
558,100,93,21268,ORD-20220401-51478,2,118.0,1,defective_product
559,97,25,14128,ORD-20220401-90164,1,199.0,1,compatibility_issue
560,98,67,13225,ORD-20220401-80533,1,999.0,1,defective_product
561,113,65,34557,ORD-20220401-99593,1,1599.0,1,delivery_issue
562,108,79,33429,ORD-20220402-58806,1,899.0,1,delivery_issue
563,108,61,22862,ORD-20220402-92880,1,999.0,1,changed_mind
564,113,20,38972,ORD-20220402-57724,1,349.0,1,defective_product
565,116,10,15179,ORD-20220402-67147,1,2799.0,1,defective_product
566,122,15,34556,ORD-20220402-95995,1,299.0,1,delivery_issue
567,105,76,18843,ORD-20220402-36908,1,1329.0,1,changed_mind
568,107,33,47311,ORD-20220402-59014,1,719.1,1,changed_mind
569,118,55,14247,ORD-20220403-25282,1,1499.0,1,changed_mind
570,101,95,19949,ORD-20220403-23618,1,149.0,1,defective_product
571,121,80,13178,ORD-20220403-91603,1,1044.05,1,defective_product
572,103,58,32549,ORD-20220403-70073,2,3398.0,1,not_as_described
573,109,7,27674,ORD-20220403-20763,1,599.0,1,wrong_item
574,101,94,8564,ORD-20220403-28172,1,99.0,1,defective_product
575,107,79,2194,ORD-20220403-92165,1,899.0,1,defective_product
576,100,4,29531,ORD-20220403-21944,1,349.0,1,defective_product
577,120,7,47439,ORD-20220403-17555,1,509.15,1,compatibility_issue
578,101,80,47946,ORD-20220404-20544,1,1099.0,1,changed_mind
579,111,69,6206,ORD-20220404-35491,1,129.0,1,defective_product
580,116,85,3851,ORD-20220404-86027,1,426.55,1,compatibility_issue
581,106,34,1780,ORD-20220404-21298,1,999.0,1,defective_product
582,117,16,3143,ORD-20220405-63559,1,426.55,1,wrong_item
583,123,71,4276,ORD-20220405-94231,1,79.0,1,changed_mind
584,98,98,3330,ORD-20220405-61498,1,249.0,1,defective_product
585,108,66,2599,ORD-20220405-86961,1,899.0,1,delivery_issue
586,120,3,32229,ORD-20220405-23282,1,449.1,1,changed_mind
587,113,72,17916,ORD-20220405-86778,1,129.0,1,defective_product
588,120,86,12682,ORD-20220405-74449,1,809.1,1,not_as_described
589,112,35,34724,ORD-20220406-90886,1,629.1,1,not_as_described
590,113,28,38291,ORD-20220406-12257,1,249.0,1,defective_product
591,116,91,33395,ORD-20220406-32897,1,737.1,1,compatibility_issue
592,124,15,43306,ORD-20220406-80964,1,299.0,1,wrong_item
593,106,59,40416,ORD-20220406-45983,1,1799.0,1,wrong_item
594,116,72,43185,ORD-20220406-63342,1,129.0,1,compatibility_issue
595,103,14,46289,ORD-20220407-90610,1,749.0,1,not_as_described
596,116,6,11210,ORD-20220407-82265,1,2199.0,1,changed_mind
597,106,92,9068,ORD-20220407-81192,2,2438.0,1,changed_mind
598,121,20,32676,ORD-20220407-44888,1,331.55,1,changed_mind
599,112,21,47081,ORD-20220407-39611,1,329.0,1,wrong_item
600,117,71,12073,ORD-20220407-44783,1,79.0,1,wrong_item
601,126,55,12194,ORD-20220407-94143,1,1424.05,1,delivery_issue
602,108,66,20408,ORD-20220407-62877,1,899.0,1,defective_product
603,121,4,3398,ORD-20220407-62796,1,349.0,1,changed_mind
604,116,61,7610,ORD-20220408-39736,1,999.0,1,changed_mind
605,126,24,41279,ORD-20220408-26395,1,279.0,1,defective_product
606,123,94,40897,ORD-20220408-47278,1,99.0,1,wrong_item
607,128,7,10361,ORD-20220408-25545,1,599.0,1,changed_mind
608,104,86,30444,ORD-20220408-89642,1,854.05,1,changed_mind
609,110,71,5986,ORD-20220409-86786,1,79.0,1,wrong_item
610,113,18,13218,ORD-20220409-90078,1,599.0,1,delivery_issue
611,110,36,35208,ORD-20220409-99026,1,599.0,1,defective_product
612,120,81,4790,ORD-20220409-68156,1,799.0,1,not_as_described
613,109,57,19757,ORD-20220409-56898,1,1899.05,1,defective_product
614,128,73,24329,ORD-20220409-65209,1,109.0,1,defective_product
615,114,11,25393,ORD-20220409-64221,1,449.0,1,not_as_described
616,115,54,35934,ORD-20220410-89733,1,99.0,1,compatibility_issue
617,104,75,7655,ORD-20220410-68292,1,349.0,1,wrong_item
618,112,39,17984,ORD-20220410-80724,1,1399.0,1,delivery_issue
619,116,2,7210,ORD-20220410-31054,1,2499.0,1,defective_product
620,109,76,13640,ORD-20220410-59492,1,1329.0,1,changed_mind
621,116,53,19934,ORD-20220411-49757,1,149.0,1,delivery_issue
622,123,26,5262,ORD-20220411-18960,1,170.05,1,defective_product
623,127,69,15722,ORD-20220411-44446,2,245.1,1,compatibility_issue
624,116,97,19783,ORD-20220411-75486,1,299.0,1,defective_product
625,122,7,21691,ORD-20220411-18751,1,599.0,1,wrong_item
626,125,92,47739,ORD-20220412-62720,1,1158.05,1,wrong_item
627,120,66,2754,ORD-20220412-46565,1,899.0,1,changed_mind
628,108,69,8904,ORD-20220412-30116,1,129.0,1,defective_product
629,121,14,24847,ORD-20220412-58424,1,711.55,1,defective_product
630,109,76,6226,ORD-20220412-90612,1,1262.55,1,not_as_described
631,120,38,18083,ORD-20220412-57049,1,699.0,1,compatibility_issue
632,108,79,10377,ORD-20220413-83533,1,899.0,1,defective_product
633,106,90,501,ORD-20220413-99263,1,849.0,1,wrong_item
634,114,41,7500,ORD-20220413-39879,1,466.65,1,compatibility_issue
635,106,71,40002,ORD-20220413-21443,1,79.0,1,delivery_issue
636,132,26,44291,ORD-20220413-29277,2,358.0,1,changed_mind
637,113,36,37007,ORD-20220413-39277,1,599.0,1,changed_mind
638,120,86,33873,ORD-20220414-49254,1,899.0,1,delivery_issue
639,132,65,34276,ORD-20220414-20920,1,1599.0,1,wrong_item
640,122,73,9973,ORD-20220414-57730,1,109.0,1,delivery_issue
641,129,5,25024,ORD-20220414-64028,1,1499.0,1,changed_mind
642,111,10,8393,ORD-20220414-39803,1,2799.0,1,delivery_issue
643,112,91,47889,ORD-20220415-51457,1,819.0,1,not_as_described
644,135,84,31230,ORD-20220415-58991,1,899.0,1,wrong_item
645,133,95,7944,ORD-20220415-91774,1,149.0,1,wrong_item
646,118,21,8447,ORD-20220415-65598,1,329.0,1,defective_product
647,134,74,26173,ORD-20220415-77464,1,299.0,1,defective_product
648,110,48,7578,ORD-20220415-28802,1,699.0,1,delivery_issue
649,128,14,40010,ORD-20220415-14786,1,749.0,1,compatibility_issue
650,113,57,22421,ORD-20220416-78355,1,1999.0,1,not_as_described
651,110,63,13484,ORD-20220416-92950,1,1599.0,1,compatibility_issue
652,130,93,49739,ORD-20220416-93942,1,59.0,1,changed_mind
653,114,36,17461,ORD-20220416-34571,1,599.0,1,defective_product
654,120,67,9823,ORD-20220416-27786,1,949.05,1,delivery_issue
655,136,10,44011,ORD-20220416-46789,1,2799.0,1,changed_mind
656,122,65,6318,ORD-20220416-23078,1,1599.0,1,not_as_described
657,117,19,5772,ORD-20220416-93171,1,399.0,1,defective_product
658,126,76,15779,ORD-20220416-57914,1,1262.55,1,defective_product
659,122,10,47002,ORD-20220416-64364,1,2659.05,1,changed_mind
660,111,30,3990,ORD-20220417-57190,1,1299.0,1,compatibility_issue
661,112,57,38268,ORD-20220417-46898,1,1999.0,1,wrong_item
662,120,80,5966,ORD-20220417-86763,1,1099.0,1,not_as_described
663,120,37,1422,ORD-20220417-66740,1,799.0,1,defective_product
664,124,30,39938,ORD-20220417-50170,1,1299.0,1,delivery_issue
665,124,14,5777,ORD-20220417-64358,1,749.0,1,wrong_item
666,122,84,126,ORD-20220418-72865,1,854.05,1,not_as_described
667,131,85,48829,ORD-20220418-86247,1,426.55,1,defective_product
668,120,18,22226,ORD-20220418-13403,1,599.0,1,changed_mind
669,132,80,43770,ORD-20220418-31566,1,1099.0,1,defective_product
670,133,66,39057,ORD-20220419-16863,1,899.0,1,defective_product
671,128,2,35385,ORD-20220419-61997,1,2499.0,1,not_as_described
672,136,94,16705,ORD-20220419-95629,1,99.0,1,compatibility_issue
673,121,22,41927,ORD-20220419-60170,1,269.1,1,changed_mind
674,131,9,28586,ORD-20220420-27716,1,1299.0,1,defective_product
675,127,10,42330,ORD-20220420-67151,1,2799.0,1,not_as_described
676,135,72,10532,ORD-20220420-72957,1,129.0,1,not_as_described
677,129,80,7924,ORD-20220420-40357,1,1099.0,1,compatibility_issue
678,119,45,13272,ORD-20220420-16817,1,799.0,1,changed_mind
679,136,6,33483,ORD-20220420-93478,1,2199.0,1,defective_product
680,138,86,34014,ORD-20220420-49275,1,809.1,1,not_as_described
681,133,67,9208,ORD-20220420-24302,1,949.05,1,compatibility_issue
682,121,45,13814,ORD-20220421-77343,1,719.1,1,not_as_described
683,127,72,41687,ORD-20220421-22079,1,116.1,1,changed_mind
684,129,19,49024,ORD-20220421-69909,1,379.05,1,delivery_issue
685,124,11,20187,ORD-20220421-43622,1,449.0,1,defective_product
686,124,17,37821,ORD-20220422-44274,1,699.0,1,wrong_item
687,132,61,44611,ORD-20220422-87535,1,949.05,1,defective_product
688,115,61,30880,ORD-20220422-19408,1,999.0,1,defective_product
689,121,97,33051,ORD-20220422-90583,1,284.05,1,not_as_described
690,132,69,33987,ORD-20220422-52969,1,129.0,1,not_as_described
691,141,95,3199,ORD-20220423-13683,1,149.0,1,defective_product
692,130,77,38990,ORD-20220423-12231,1,977.55,1,defective_product
693,134,74,35767,ORD-20220423-39242,1,299.0,1,not_as_described
694,143,94,38343,ORD-20220424-96426,1,89.1,1,not_as_described
695,128,35,8584,ORD-20220424-85237,1,699.0,1,compatibility_issue
696,122,63,33600,ORD-20220424-24858,1,1599.0,1,delivery_issue
697,131,52,39744,ORD-20220424-67540,1,349.0,1,changed_mind
698,126,60,48599,ORD-20220424-43871,1,1199.0,1,wrong_item
699,119,16,1245,ORD-20220424-64573,1,449.0,1,not_as_described
700,135,12,24435,ORD-20220424-65444,1,899.0,1,delivery_issue
701,119,61,42563,ORD-20220424-64299,1,999.0,1,changed_mind
702,134,91,6407,ORD-20220424-97435,1,819.0,1,compatibility_issue
703,131,76,5079,ORD-20220424-25353,1,1329.0,1,defective_product
704,125,6,35777,ORD-20220425-69832,1,2199.0,1,changed_mind
705,121,65,1921,ORD-20220425-22540,1,1599.0,1,changed_mind
706,131,8,23539,ORD-20220425-22408,1,1799.0,1,defective_product
707,118,32,39092,ORD-20220425-98158,1,899.0,1,not_as_described
708,145,56,22632,ORD-20220425-94749,1,2199.0,1,compatibility_issue
709,119,91,39505,ORD-20220426-87012,2,1474.2,1,not_as_described
710,142,85,41472,ORD-20220426-23317,1,449.0,1,not_as_described
711,136,74,28144,ORD-20220426-39078,3,897.0,1,delivery_issue
712,130,6,44625,ORD-20220426-61308,1,2199.0,1,defective_product
713,122,67,36291,ORD-20220426-46176,1,949.05,1,not_as_described
714,129,40,24141,ORD-20220426-76308,1,711.55,1,changed_mind
715,122,17,44769,ORD-20220427-71178,2,1398.0,1,wrong_item
716,123,40,15561,ORD-20220427-18868,3,2134.65,1,not_as_described
717,126,37,30594,ORD-20220427-14487,2,1598.0,1,compatibility_issue
718,121,18,38633,ORD-20220427-82709,1,569.05,1,changed_mind
719,143,58,7237,ORD-20220427-10903,2,3228.1,1,changed_mind
720,141,63,28142,ORD-20220427-99065,1,1599.0,1,defective_product
721,140,89,41875,ORD-20220427-89484,2,498.0,1,wrong_item
722,147,53,19063,ORD-20220427-23194,1,149.0,1,delivery_issue
723,145,87,6579,ORD-20220427-78965,1,299.0,1,not_as_described
724,131,51,2716,ORD-20220427-66916,1,569.05,1,compatibility_issue
725,142,24,18092,ORD-20220427-24466,1,279.0,1,wrong_item
726,126,73,41044,ORD-20220427-36999,1,109.0,1,not_as_described
727,132,71,47206,ORD-20220428-15927,1,75.05,1,wrong_item
728,124,58,18473,ORD-20220428-89890,1,1699.0,1,not_as_described
729,122,34,31265,ORD-20220428-37892,1,999.0,1,not_as_described
730,131,34,11029,ORD-20220428-72956,1,999.0,1,changed_mind
731,146,63,23144,ORD-20220428-60888,1,1439.1,1,changed_mind
732,140,88,14165,ORD-20220428-12319,1,699.0,1,changed_mind
733,145,6,38403,ORD-20220428-63202,1,2199.0,1,changed_mind
734,142,46,27926,ORD-20220428-13879,1,474.05,1,changed_mind
735,147,40,27825,ORD-20220428-59120,1,711.55,1,not_as_described
736,146,96,23609,ORD-20220429-66956,1,199.0,1,delivery_issue
737,122,67,3699,ORD-20220429-65436,1,999.0,1,delivery_issue
738,143,80,10042,ORD-20220429-67678,1,1099.0,1,compatibility_issue
739,138,89,25401,ORD-20220430-77785,1,224.1,1,changed_mind
740,132,22,7833,ORD-20220430-88622,1,299.0,1,not_as_described
741,136,19,1486,ORD-20220430-73279,1,379.05,1,delivery_issue
742,143,18,47191,ORD-20220430-37807,1,599.0,1,changed_mind
743,124,96,38842,ORD-20220430-19489,1,199.0,1,changed_mind
744,144,66,1920,ORD-20220430-88123,1,809.1,1,delivery_issue
745,145,17,45615,ORD-20220430-22300,1,699.0,1,defective_product
746,145,6,33449,ORD-20220501-83956,1,2199.0,1,changed_mind
747,139,35,20300,ORD-20220501-92276,1,664.05,1,changed_mind
748,147,14,12298,ORD-20220501-23780,1,749.0,1,changed_mind
749,136,85,15416,ORD-20220501-69781,1,449.0,1,defective_product
750,136,19,38572,ORD-20220502-73179,2,798.0,1,not_as_described
751,144,17,5736,ORD-20220502-49663,1,664.05,1,compatibility_issue
752,149,57,21992,ORD-20220502-89386,1,1999.0,1,defective_product
753,133,92,17383,ORD-20220502-19887,1,1219.0,1,defective_product
754,129,82,6271,ORD-20220502-89656,1,849.0,1,defective_product
755,129,47,20129,ORD-20220502-63340,1,599.0,1,changed_mind
756,137,5,39679,ORD-20220502-60998,1,1499.0,1,delivery_issue
757,134,96,15004,ORD-20220502-69160,1,199.0,1,delivery_issue
758,142,94,11232,ORD-20220503-50946,1,99.0,1,compatibility_issue
759,149,28,10433,ORD-20220503-76239,1,236.55,1,delivery_issue
760,147,19,2855,ORD-20220503-73928,1,399.0,1,defective_product
761,150,25,45105,ORD-20220503-51276,1,199.0,1,not_as_described
762,130,71,32854,ORD-20220503-71698,1,75.05,1,changed_mind
763,144,8,34923,ORD-20220504-37688,1,1799.0,1,not_as_described
764,142,51,34145,ORD-20220505-36743,1,599.0,1,not_as_described
765,130,85,23289,ORD-20220505-81076,1,449.0,1,defective_product
766,133,40,10678,ORD-20220505-65056,1,749.0,1,delivery_issue
767,147,4,1102,ORD-20220505-20653,1,349.0,1,delivery_issue
768,132,19,10851,ORD-20220505-28305,1,379.05,1,not_as_described
769,134,72,43886,ORD-20220505-46223,1,129.0,1,defective_product
770,135,46,10294,ORD-20220505-16878,1,499.0,1,changed_mind
771,148,66,14768,ORD-20220506-65295,1,899.0,1,defective_product
772,137,50,8234,ORD-20220506-67386,1,749.0,1,compatibility_issue
773,133,95,38724,ORD-20220506-74748,2,298.0,1,changed_mind
774,133,21,31345,ORD-20220506-30213,1,329.0,1,changed_mind
775,137,65,31761,ORD-20220506-33353,1,1599.0,1,changed_mind
776,146,89,28702,ORD-20220506-81832,1,249.0,1,defective_product
777,150,90,40712,ORD-20220506-14180,1,849.0,1,wrong_item
778,149,73,47176,ORD-20220506-97769,1,98.1,1,changed_mind
779,132,29,47905,ORD-20220506-27864,1,949.05,1,delivery_issue
780,155,91,21002,ORD-20220506-69885,1,819.0,1,delivery_issue
781,139,62,36628,ORD-20220507-70492,1,1299.0,1,defective_product
782,144,5,31928,ORD-20220507-36146,2,2998.0,1,defective_product
783,143,85,2668,ORD-20220507-18984,1,449.0,1,compatibility_issue
784,139,93,29570,ORD-20220507-49733,1,56.05,1,not_as_described
785,134,58,37216,ORD-20220507-41643,1,1699.0,1,compatibility_issue
786,155,17,35752,ORD-20220507-60165,1,699.0,1,changed_mind
787,143,79,41229,ORD-20220508-22049,1,899.0,1,defective_product
788,137,14,24984,ORD-20220508-33473,1,749.0,1,changed_mind
789,156,46,37711,ORD-20220508-78948,1,499.0,1,not_as_described
790,156,66,11242,ORD-20220508-13624,1,899.0,1,delivery_issue
791,137,59,48689,ORD-20220508-22564,1,1619.1,1,defective_product
792,134,12,3126,ORD-20220509-81932,2,1618.2,1,delivery_issue
793,153,49,35757,ORD-20220509-66602,1,499.0,1,compatibility_issue
794,140,36,31008,ORD-20220509-58535,1,569.05,1,compatibility_issue
795,147,66,10881,ORD-20220509-52864,1,899.0,1,delivery_issue
796,158,83,40064,ORD-20220509-59322,1,399.0,1,not_as_described
797,137,18,4858,ORD-20220509-32745,1,539.1,1,not_as_described
798,144,61,12141,ORD-20220509-70182,1,999.0,1,changed_mind
799,143,72,37266,ORD-20220509-63762,1,122.55,1,changed_mind
800,156,76,23375,ORD-20220510-43339,1,1329.0,1,defective_product
801,153,87,34152,ORD-20220510-13767,1,299.0,1,changed_mind
802,147,24,17487,ORD-20220510-23189,1,279.0,1,compatibility_issue
803,156,8,19766,ORD-20220510-61684,1,1799.0,1,defective_product
804,155,59,34635,ORD-20220511-35953,1,1709.05,1,compatibility_issue
805,143,6,9378,ORD-20220511-92944,1,2199.0,1,delivery_issue
806,136,95,29010,ORD-20220511-41909,1,149.0,1,defective_product
807,138,78,31421,ORD-20220511-49726,1,1349.0,1,defective_product
808,161,69,33354,ORD-20220511-50749,3,387.0,1,not_as_described
809,151,46,17487,ORD-20220511-90878,1,499.0,1,defective_product
810,156,34,45355,ORD-20220511-45794,1,999.0,1,changed_mind
811,137,90,7070,ORD-20220512-25301,1,849.0,1,not_as_described
812,148,91,27565,ORD-20220512-22120,1,819.0,1,changed_mind
813,143,36,584,ORD-20220513-17677,2,1198.0,1,changed_mind
814,144,17,47235,ORD-20220513-84135,1,699.0,1,delivery_issue
815,156,57,33805,ORD-20220513-13227,1,1999.0,1,not_as_described
816,154,1,12638,ORD-20220513-71587,1,1299.0,1,changed_mind
817,162,94,6151,ORD-20220513-85501,1,99.0,1,not_as_described
818,140,73,11269,ORD-20220513-99420,1,109.0,1,defective_product
819,145,14,25847,ORD-20220513-82956,1,749.0,1,defective_product
820,149,56,36539,ORD-20220513-78187,2,4398.0,1,wrong_item
821,136,4,36577,ORD-20220513-61182,1,349.0,1,delivery_issue
822,159,72,4983,ORD-20220514-81917,1,129.0,1,changed_mind
823,149,3,426,ORD-20220514-70662,1,499.0,1,changed_mind
824,156,71,30909,ORD-20220514-10085,1,75.05,1,defective_product
825,159,89,49712,ORD-20220514-93896,1,249.0,1,defective_product
826,164,5,31194,ORD-20220514-76030,1,1499.0,1,changed_mind
827,158,92,41729,ORD-20220514-18234,1,1219.0,1,defective_product
828,150,12,37544,ORD-20220515-31719,1,899.0,1,compatibility_issue
829,153,69,21167,ORD-20220515-23125,1,129.0,1,changed_mind
830,162,43,20225,ORD-20220515-93592,1,1499.0,1,compatibility_issue
831,140,82,15681,ORD-20220515-93803,1,849.0,1,not_as_described
832,161,9,13974,ORD-20220515-27506,1,1234.05,1,changed_mind
833,166,2,20674,ORD-20220516-25493,1,2499.0,1,changed_mind
834,156,88,11514,ORD-20220516-49045,2,1398.0,1,defective_product
835,159,81,3953,ORD-20220516-78690,1,799.0,1,not_as_described
836,163,29,4711,ORD-20220516-41840,1,999.0,1,wrong_item
837,167,2,18707,ORD-20220517-66122,1,2499.0,1,not_as_described
838,161,67,43079,ORD-20220517-83921,1,899.1,1,not_as_described
839,158,57,30220,ORD-20220517-31525,1,1999.0,1,not_as_described
840,165,71,15547,ORD-20220517-76680,1,79.0,1,defective_product
841,165,57,3719,ORD-20220517-19335,1,1999.0,1,defective_product
842,162,76,45733,ORD-20220517-20612,1,1329.0,1,changed_mind
843,158,17,3807,ORD-20220518-86312,1,699.0,1,wrong_item
844,166,66,47471,ORD-20220518-52850,1,899.0,1,defective_product
845,163,76,46465,ORD-20220518-45718,1,1329.0,1,delivery_issue
846,157,72,44569,ORD-20220518-91150,2,258.0,1,compatibility_issue
847,161,76,19463,ORD-20220518-96119,1,1196.1,1,not_as_described
848,160,79,2988,ORD-20220518-14709,1,899.0,1,changed_mind
849,162,25,7486,ORD-20220518-43778,1,199.0,1,changed_mind
850,147,66,26220,ORD-20220518-82763,1,899.0,1,changed_mind
851,148,83,1766,ORD-20220519-15539,3,1197.0,1,compatibility_issue
852,144,97,9876,ORD-20220519-39498,1,299.0,1,defective_product
853,156,36,6411,ORD-20220519-92730,2,1198.0,1,not_as_described
854,159,79,14550,ORD-20220519-72115,1,899.0,1,defective_product
855,161,93,28363,ORD-20220519-44575,1,59.0,1,changed_mind
856,168,94,7587,ORD-20220519-48804,1,94.05,1,delivery_issue
857,168,14,27713,ORD-20220520-25392,1,749.0,1,changed_mind
858,158,93,44482,ORD-20220520-13738,1,59.0,1,delivery_issue
859,170,24,11551,ORD-20220520-51028,1,279.0,1,compatibility_issue
860,154,36,30236,ORD-20220520-62523,1,599.0,1,defective_product
861,148,43,21406,ORD-20220520-55533,1,1499.0,1,not_as_described
862,161,47,30320,ORD-20220520-84806,1,599.0,1,changed_mind
863,162,97,44111,ORD-20220520-72349,1,254.15,1,delivery_issue
864,150,50,48650,ORD-20220520-26341,1,674.1,1,defective_product
865,165,94,26591,ORD-20220520-86343,1,94.05,1,delivery_issue
866,144,18,23806,ORD-20220521-44348,1,599.0,1,wrong_item
867,166,59,29167,ORD-20220521-26353,1,1619.1,1,defective_product
868,169,55,2628,ORD-20220521-45778,1,1499.0,1,changed_mind
869,162,60,19946,ORD-20220521-96069,1,1139.05,1,defective_product
870,169,72,8366,ORD-20220521-61630,1,129.0,1,not_as_described
871,144,28,36440,ORD-20220521-86878,2,498.0,1,changed_mind
872,152,26,40866,ORD-20220522-19596,1,179.0,1,defective_product
873,164,50,3456,ORD-20220522-55785,1,749.0,1,changed_mind
874,161,13,47259,ORD-20220522-56780,1,349.0,1,defective_product
875,161,92,31004,ORD-20220522-89896,1,1219.0,1,defective_product
876,160,65,19857,ORD-20220522-84733,1,1599.0,1,compatibility_issue
877,164,74,12750,ORD-20220522-35671,1,269.1,1,delivery_issue
878,157,81,21188,ORD-20220523-15000,1,679.15,1,not_as_described
879,154,61,48627,ORD-20220523-49484,1,999.0,1,delivery_issue
880,167,26,25337,ORD-20220523-97297,1,179.0,1,defective_product
881,147,94,306,ORD-20220523-32774,1,99.0,1,changed_mind
882,153,12,20694,ORD-20220524-91999,1,854.05,1,delivery_issue
883,175,8,11038,ORD-20220525-23312,1,1799.0,1,not_as_described
884,156,59,6317,ORD-20220526-44891,1,1799.0,1,not_as_described
885,150,5,14621,ORD-20220526-75070,1,1349.1,1,wrong_item
886,165,16,18354,ORD-20220527-88926,1,449.0,1,compatibility_issue
887,163,76,26100,ORD-20220527-47325,1,1329.0,1,changed_mind
888,177,64,45305,ORD-20220527-61354,1,699.0,1,changed_mind
889,165,58,30630,ORD-20220527-44591,1,1699.0,1,changed_mind
890,171,36,15874,ORD-20220527-63101,1,599.0,1,changed_mind
891,163,55,20741,ORD-20220527-26381,1,1499.0,1,not_as_described
892,177,95,38530,ORD-20220527-20219,1,149.0,1,delivery_issue
893,160,94,470,ORD-20220528-58058,2,198.0,1,defective_product
894,164,76,44517,ORD-20220528-66173,2,2658.0,1,changed_mind
895,171,8,17308,ORD-20220528-35307,1,1709.05,1,defective_product
896,174,60,37412,ORD-20220528-24316,1,1199.0,1,not_as_described
897,155,93,46123,ORD-20220528-39976,1,59.0,1,defective_product
898,157,10,1603,ORD-20220529-69899,1,2799.0,1,compatibility_issue
899,154,64,37845,ORD-20220529-93492,1,699.0,1,changed_mind
900,164,70,44080,ORD-20220529-41905,1,129.0,1,changed_mind
901,168,18,906,ORD-20220529-26159,1,599.0,1,defective_product
902,173,57,33001,ORD-20220529-60203,2,3998.0,1,not_as_described
903,173,97,23569,ORD-20220529-98182,1,299.0,1,changed_mind
904,154,25,22815,ORD-20220530-48863,1,199.0,1,compatibility_issue
905,172,80,42064,ORD-20220530-13315,1,1099.0,1,changed_mind
906,176,60,11361,ORD-20220530-19586,1,1199.0,1,defective_product
907,171,47,40428,ORD-20220530-36815,1,599.0,1,changed_mind
908,177,6,18381,ORD-20220530-80556,1,1979.1,1,changed_mind
909,170,91,41317,ORD-20220530-49251,1,819.0,1,defective_product
910,170,69,47223,ORD-20220530-65676,2,258.0,1,compatibility_issue
911,171,44,7500,ORD-20220531-86475,1,899.0,1,defective_product
912,172,73,49726,ORD-20220531-49592,1,109.0,1,changed_mind
913,171,67,25389,ORD-20220531-80359,1,999.0,1,defective_product
914,174,19,35333,ORD-20220531-96543,1,399.0,1,delivery_issue
915,180,36,3546,ORD-20220531-49585,1,599.0,1,changed_mind
916,174,84,15360,ORD-20220531-31043,1,899.0,1,changed_mind
917,163,59,30010,ORD-20220531-44098,1,1799.0,1,changed_mind
918,171,87,41139,ORD-20220531-18269,1,254.15,1,defective_product
919,171,60,20866,ORD-20220531-45187,1,1139.05,1,compatibility_issue
920,165,36,32888,ORD-20220531-24830,1,599.0,1,defective_product
921,178,95,23612,ORD-20220531-49613,1,149.0,1,changed_mind
922,168,11,46813,ORD-20220601-97550,2,898.0,1,not_as_described
923,173,2,26954,ORD-20220601-76764,1,2249.1,1,delivery_issue
924,172,19,26386,ORD-20220601-85269,1,399.0,1,delivery_issue
925,171,72,21480,ORD-20220601-37096,1,129.0,1,wrong_item
926,172,8,15778,ORD-20220601-79457,1,1799.0,1,defective_product
927,164,80,19512,ORD-20220602-11978,1,1099.0,1,changed_mind
928,162,65,2786,ORD-20220602-31004,1,1599.0,1,not_as_described
929,170,69,44902,ORD-20220602-64058,1,129.0,1,defective_product
930,159,80,10556,ORD-20220602-24924,1,1099.0,1,delivery_issue
931,158,62,49340,ORD-20220602-11937,1,1299.0,1,defective_product
932,170,91,34205,ORD-20220602-28810,1,819.0,1,not_as_described
933,166,98,26314,ORD-20220603-83404,1,236.55,1,changed_mind
934,159,91,47543,ORD-20220603-77340,2,1638.0,1,defective_product
935,158,2,39235,ORD-20220603-93503,1,2499.0,1,defective_product
936,165,16,14422,ORD-20220603-57997,1,449.0,1,defective_product
937,160,51,21518,ORD-20220603-57238,1,569.05,1,compatibility_issue
938,164,72,14657,ORD-20220603-53898,1,129.0,1,defective_product
939,166,78,6382,ORD-20220604-20378,1,1281.55,1,delivery_issue
940,184,39,8687,ORD-20220604-57796,2,2798.0,1,defective_product
941,174,50,24047,ORD-20220604-41281,1,711.55,1,not_as_described
942,179,83,49477,ORD-20220604-42377,1,399.0,1,defective_product
943,160,32,17996,ORD-20220604-55875,1,764.15,1,not_as_described
944,169,5,412,ORD-20220604-28335,1,1499.0,1,defective_product
945,161,39,34578,ORD-20220604-72533,1,1259.1,1,not_as_described
946,167,79,12838,ORD-20220604-29216,1,899.0,1,delivery_issue
947,176,71,22182,ORD-20220604-68289,1,79.0,1,compatibility_issue
948,184,7,23207,ORD-20220605-91010,1,599.0,1,defective_product
949,179,42,2611,ORD-20220605-84241,1,1139.05,1,delivery_issue
950,170,37,12520,ORD-20220605-68062,1,799.0,1,not_as_described
951,179,65,30816,ORD-20220605-62352,1,1599.0,1,compatibility_issue
952,168,79,27613,ORD-20220605-20865,1,899.0,1,defective_product
953,184,6,29706,ORD-20220606-55174,1,2199.0,1,delivery_issue
954,187,39,39395,ORD-20220606-59408,1,1329.05,1,not_as_described
955,188,8,13684,ORD-20220607-52106,1,1799.0,1,not_as_described
956,166,38,25599,ORD-20220607-45960,1,699.0,1,not_as_described
957,164,79,5762,ORD-20220607-97627,1,899.0,1,defective_product
958,186,67,27522,ORD-20220607-88305,1,999.0,1,not_as_described
959,171,2,37335,ORD-20220607-62820,2,4498.2,1,delivery_issue
960,178,92,26752,ORD-20220607-31190,1,1219.0,1,changed_mind
961,176,2,11526,ORD-20220607-67726,1,2499.0,1,defective_product
962,171,65,21415,ORD-20220608-51515,1,1599.0,1,changed_mind
963,165,6,37667,ORD-20220608-25349,1,2199.0,1,wrong_item
964,166,6,43370,ORD-20220608-37709,1,2199.0,1,changed_mind
965,187,28,185,ORD-20220608-56186,1,249.0,1,compatibility_issue
966,176,85,1933,ORD-20220608-31773,1,381.65,1,wrong_item
967,176,51,41251,ORD-20220608-46350,1,599.0,1,wrong_item
968,182,20,15543,ORD-20220608-15401,1,331.55,1,wrong_item
969,175,17,753,ORD-20220609-62307,1,699.0,1,changed_mind
970,170,83,48965,ORD-20220609-87960,1,399.0,1,changed_mind
971,165,58,6460,ORD-20220609-50097,3,5097.0,1,not_as_described
972,188,68,2945,ORD-20220609-46913,1,109.0,1,compatibility_issue
973,179,94,34913,ORD-20220609-60027,1,99.0,1,not_as_described
974,172,11,28543,ORD-20220609-62963,2,898.0,1,delivery_issue
975,190,51,45099,ORD-20220609-21082,1,599.0,1,wrong_item
976,175,16,6979,ORD-20220609-88871,1,404.1,1,changed_mind
977,183,42,2803,ORD-20220609-36472,1,1199.0,1,not_as_described
978,168,85,46850,ORD-20220610-60914,1,449.0,1,wrong_item
979,181,31,34051,ORD-20220610-39536,1,1099.0,1,defective_product
980,172,79,21715,ORD-20220610-28093,2,1708.1,1,delivery_issue
981,184,50,10259,ORD-20220610-48367,1,749.0,1,delivery_issue
982,165,61,40066,ORD-20220610-34302,1,999.0,1,changed_mind
983,167,93,14638,ORD-20220610-68175,1,59.0,1,wrong_item
984,170,62,1085,ORD-20220610-79742,1,1299.0,1,delivery_issue
985,183,85,44532,ORD-20220610-23911,1,449.0,1,compatibility_issue
986,177,48,34624,ORD-20220611-54770,1,699.0,1,delivery_issue
987,183,59,20258,ORD-20220611-88650,1,1799.0,1,delivery_issue
988,183,53,5332,ORD-20220611-91518,1,149.0,1,not_as_described
989,176,51,30373,ORD-20220611-40934,1,569.05,1,defective_product
990,178,86,13989,ORD-20220611-37144,1,809.1,1,changed_mind
991,176,65,5892,ORD-20220611-99286,2,3198.0,1,compatibility_issue
992,171,26,17670,ORD-20220612-16296,1,179.0,1,not_as_described
993,183,73,12342,ORD-20220612-35961,1,109.0,1,defective_product
994,173,25,30461,ORD-20220612-45940,1,199.0,1,defective_product
995,183,48,45582,ORD-20220612-35670,1,699.0,1,delivery_issue
996,186,47,11398,ORD-20220612-25941,1,599.0,1,wrong_item
997,184,3,46284,ORD-20220612-42539,1,449.1,1,delivery_issue
998,179,94,11026,ORD-20220613-50711,1,99.0,1,defective_product
999,187,34,41901,ORD-20220613-97034,1,999.0,1,defective_product
1000,178,63,42267,ORD-20220614-98739,1,1599.0,1,not_as_described
1001,179,7,48936,ORD-20220614-37744,1,599.0,1,not_as_described
1002,183,31,31813,ORD-20220614-80632,1,1099.0,1,compatibility_issue
1003,178,72,39955,ORD-20220614-90293,1,129.0,1,not_as_described
1004,184,24,21179,ORD-20220614-54210,1,279.0,1,defective_product
1005,169,65,20419,ORD-20220614-40333,1,1599.0,1,changed_mind
1006,182,74,21649,ORD-20220615-37921,1,269.1,1,changed_mind
1007,187,87,1884,ORD-20220615-49867,1,284.05,1,changed_mind
1008,184,12,33300,ORD-20220615-76856,1,899.0,1,defective_product
1009,169,71,33387,ORD-20220615-42029,1,67.15,1,not_as_described
1010,184,25,39815,ORD-20220615-34354,1,199.0,1,defective_product
1011,186,90,14994,ORD-20220615-47329,1,806.55,1,compatibility_issue
1012,174,7,24986,ORD-20220615-80183,2,1138.1,1,defective_product
1013,178,37,13092,ORD-20220616-49129,1,799.0,1,defective_product
1014,197,52,3079,ORD-20220616-15148,1,349.0,1,not_as_described
1015,186,59,24304,ORD-20220617-48130,1,1799.0,1,delivery_issue
1016,191,19,35253,ORD-20220617-59103,1,399.0,1,not_as_described
1017,196,16,8762,ORD-20220617-16413,1,449.0,1,defective_product
1018,198,64,27475,ORD-20220617-80562,1,699.0,1,wrong_item
1019,186,11,1146,ORD-20220618-69578,3,1347.0,1,wrong_item
1020,187,65,42427,ORD-20220618-12950,2,3198.0,1,not_as_described
1021,185,16,11158,ORD-20220618-92498,1,449.0,1,defective_product
1022,192,66,20237,ORD-20220618-26556,1,899.0,1,wrong_item
1023,187,36,23228,ORD-20220619-30469,1,599.0,1,not_as_described
1024,195,65,40454,ORD-20220619-78022,1,1599.0,1,delivery_issue
1025,200,47,7973,ORD-20220619-34267,1,599.0,1,delivery_issue
1026,175,69,28880,ORD-20220619-65981,1,122.55,1,defective_product
1027,193,58,40461,ORD-20220619-17669,1,1614.05,1,defective_product
1028,186,65,11944,ORD-20220619-74200,1,1599.0,1,not_as_described
1029,175,61,29806,ORD-20220619-90397,1,999.0,1,defective_product
1030,197,58,18202,ORD-20220619-66793,1,1699.0,1,defective_product
1031,186,72,23820,ORD-20220620-61956,1,129.0,1,not_as_described
1032,189,7,30818,ORD-20220620-46637,1,599.0,1,defective_product
1033,187,71,33122,ORD-20220620-86707,1,79.0,1,defective_product
1034,186,11,43514,ORD-20220620-67525,2,898.0,1,delivery_issue
1035,193,69,36910,ORD-20220620-73651,1,129.0,1,delivery_issue
1036,176,50,47342,ORD-20220620-47854,1,674.1,1,defective_product
1037,178,59,46135,ORD-20220621-61776,1,1709.05,1,changed_mind
1038,179,12,40498,ORD-20220621-75107,1,899.0,1,changed_mind
1039,175,93,13868,ORD-20220621-44004,1,59.0,1,not_as_described
1040,187,44,14246,ORD-20220621-82453,1,899.0,1,defective_product
1041,200,12,9357,ORD-20220621-61865,1,899.0,1,changed_mind
1042,187,45,28608,ORD-20220621-99849,1,799.0,1,changed_mind
1043,177,60,11020,ORD-20220621-19776,1,1199.0,1,compatibility_issue
1044,195,85,20685,ORD-20220621-62654,1,404.1,1,defective_product
1045,181,31,24879,ORD-20220622-77836,1,1099.0,1,defective_product
1046,200,61,22617,ORD-20220622-62430,1,999.0,1,not_as_described
1047,185,32,6614,ORD-20220623-65856,1,899.0,1,delivery_issue
1048,182,78,30200,ORD-20220623-86259,1,1146.65,1,not_as_described
1049,186,15,41996,ORD-20220623-74090,1,299.0,1,compatibility_issue
1050,186,95,22239,ORD-20220623-92992,1,149.0,1,not_as_described
1051,194,60,7770,ORD-20220624-40981,1,1139.05,1,delivery_issue
1052,196,72,49979,ORD-20220624-71203,1,129.0,1,wrong_item
1053,178,22,47209,ORD-20220624-10894,1,299.0,1,not_as_described
1054,195,26,16012,ORD-20220624-57945,1,179.0,1,delivery_issue
1055,191,29,11890,ORD-20220625-48077,1,999.0,1,not_as_described
1056,199,10,48258,ORD-20220625-47144,1,2659.05,1,changed_mind
1057,182,87,19305,ORD-20220625-93657,1,299.0,1,defective_product
1058,194,70,28541,ORD-20220625-67632,1,129.0,1,defective_product
1059,192,14,5000,ORD-20220625-42366,3,2247.0,1,compatibility_issue
1060,180,18,15892,ORD-20220625-12784,1,599.0,1,compatibility_issue
1061,179,93,45428,ORD-20220625-86454,1,59.0,1,delivery_issue
1062,186,78,30228,ORD-20220625-52967,1,1349.0,1,delivery_issue
1063,194,81,29411,ORD-20220626-31619,1,799.0,1,defective_product
1064,197,25,13781,ORD-20220626-37274,1,199.0,1,defective_product
1065,191,26,37883,ORD-20220626-29646,1,179.0,1,changed_mind
1066,182,64,13157,ORD-20220626-27624,2,1258.2,1,delivery_issue
1067,192,88,32279,ORD-20220626-87377,1,699.0,1,wrong_item
1068,206,65,15284,ORD-20220626-64413,1,1599.0,1,delivery_issue
1069,194,97,8223,ORD-20220626-70766,1,284.05,1,defective_product
1070,192,65,39479,ORD-20220626-86236,1,1599.0,1,wrong_item
1071,206,63,45730,ORD-20220626-43282,1,1599.0,1,defective_product
1072,194,50,46599,ORD-20220626-66036,1,749.0,1,defective_product
1073,194,48,25498,ORD-20220626-75120,3,2097.0,1,compatibility_issue
1074,191,80,42745,ORD-20220626-89068,1,989.1,1,defective_product
1075,190,61,39875,ORD-20220626-81485,1,999.0,1,not_as_described
1076,191,16,32750,ORD-20220627-29894,1,449.0,1,defective_product
1077,195,29,7971,ORD-20220627-87591,1,999.0,1,wrong_item
1078,181,60,45069,ORD-20220627-79210,1,1139.05,1,delivery_issue
1079,184,29,30995,ORD-20220627-91637,1,899.1,1,compatibility_issue
1080,185,76,12967,ORD-20220627-53983,1,1329.0,1,compatibility_issue
1081,204,70,46696,ORD-20220627-74379,1,129.0,1,defective_product
1082,200,95,28938,ORD-20220627-43236,1,149.0,1,changed_mind
1083,208,80,44679,ORD-20220627-96320,1,1099.0,1,defective_product
1084,200,36,2097,ORD-20220627-17192,1,599.0,1,defective_product
1085,190,96,25080,ORD-20220628-65949,1,199.0,1,changed_mind
1086,207,34,4513,ORD-20220628-91847,2,1998.0,1,not_as_described
1087,195,74,29963,ORD-20220628-85116,1,299.0,1,defective_product
1088,188,95,4498,ORD-20220628-44415,1,141.55,1,not_as_described
1089,201,92,11396,ORD-20220628-60369,1,1219.0,1,not_as_described
1090,187,70,39938,ORD-20220628-74490,1,129.0,1,delivery_issue
1091,197,6,45394,ORD-20220628-47532,1,2199.0,1,not_as_described
1092,188,28,10710,ORD-20220628-90046,1,236.55,1,not_as_described
1093,197,33,6481,ORD-20220629-54813,1,799.0,1,changed_mind
1094,203,4,49835,ORD-20220629-93716,1,331.55,1,compatibility_issue
1095,208,80,34856,ORD-20220629-44500,1,1099.0,1,defective_product
1096,183,66,14139,ORD-20220629-12036,1,899.0,1,compatibility_issue
1097,200,76,45583,ORD-20220629-65780,1,1329.0,1,changed_mind
1098,192,69,19865,ORD-20220629-35970,1,122.55,1,compatibility_issue
1099,203,8,28518,ORD-20220629-17558,1,1709.05,1,changed_mind
1100,194,92,32077,ORD-20220629-40520,1,1219.0,1,defective_product
1101,205,86,13526,ORD-20220629-33538,1,899.0,1,changed_mind
1102,203,14,48146,ORD-20220630-53844,1,749.0,1,defective_product
1103,193,97,40923,ORD-20220701-31597,1,299.0,1,wrong_item
1104,187,93,24363,ORD-20220701-14238,2,118.0,1,not_as_described
1105,188,85,47444,ORD-20220701-27522,1,449.0,1,wrong_item
1106,196,16,40792,ORD-20220701-81161,1,449.0,1,delivery_issue
1107,191,73,15758,ORD-20220701-47674,1,109.0,1,compatibility_issue
1108,188,76,20548,ORD-20220701-73996,1,1329.0,1,defective_product
1109,206,22,17471,ORD-20220701-14534,1,299.0,1,changed_mind
1110,203,50,46909,ORD-20220702-81866,1,749.0,1,compatibility_issue
1111,186,71,46747,ORD-20220702-29399,1,79.0,1,changed_mind
1112,199,7,32994,ORD-20220702-88723,1,599.0,1,defective_product
1113,208,18,21003,ORD-20220703-78631,1,599.0,1,changed_mind
1114,198,35,2725,ORD-20220703-72215,1,699.0,1,defective_product
1115,211,66,23807,ORD-20220703-45791,3,2562.15,1,compatibility_issue
1116,194,88,2711,ORD-20220703-10913,1,699.0,1,defective_product
1117,205,17,15737,ORD-20220703-72354,1,699.0,1,defective_product
1118,201,35,11091,ORD-20220703-35865,1,699.0,1,changed_mind
1119,201,87,1646,ORD-20220703-42200,1,299.0,1,defective_product
1120,194,5,9962,ORD-20220703-16090,1,1499.0,1,changed_mind
1121,195,26,878,ORD-20220703-13576,1,179.0,1,delivery_issue
1122,190,77,20226,ORD-20220703-28046,2,2058.0,1,delivery_issue
1123,206,7,17100,ORD-20220704-63057,1,539.1,1,delivery_issue
1124,189,11,17881,ORD-20220704-33578,1,449.0,1,compatibility_issue
1125,200,19,37498,ORD-20220704-38562,1,399.0,1,wrong_item
1126,193,41,15547,ORD-20220704-40272,1,549.0,1,changed_mind
1127,205,76,40107,ORD-20220704-14213,1,1262.55,1,defective_product
1128,190,81,46513,ORD-20220704-65653,1,799.0,1,wrong_item
1129,192,61,35615,ORD-20220705-52380,1,999.0,1,delivery_issue
1130,203,85,48847,ORD-20220705-70832,1,426.55,1,compatibility_issue
1131,199,92,7830,ORD-20220705-65512,1,1219.0,1,compatibility_issue
1132,202,66,18021,ORD-20220705-50744,1,899.0,1,delivery_issue
1133,190,74,24223,ORD-20220705-81741,1,299.0,1,not_as_described
1134,189,59,47951,ORD-20220705-63862,1,1799.0,1,wrong_item
1135,196,8,40426,ORD-20220705-27415,1,1799.0,1,not_as_described
1136,195,94,29593,ORD-20220705-74281,1,99.0,1,not_as_described
1137,201,37,11041,ORD-20220705-86771,1,799.0,1,delivery_issue
1138,196,33,20643,ORD-20220705-31946,1,799.0,1,compatibility_issue
1139,200,18,9744,ORD-20220705-27275,1,599.0,1,defective_product
1140,210,65,31456,ORD-20220705-99720,1,1359.15,1,wrong_item
1141,203,48,37103,ORD-20220705-32700,1,699.0,1,wrong_item
1142,200,73,39945,ORD-20220705-79157,1,103.55,1,defective_product
1143,210,63,12896,ORD-20220706-43200,2,3198.0,1,delivery_issue
1144,198,55,17389,ORD-20220706-28133,1,1499.0,1,delivery_issue
1145,206,64,7831,ORD-20220706-50999,1,664.05,1,compatibility_issue
1146,204,71,17358,ORD-20220706-32704,1,79.0,1,defective_product
1147,196,14,22959,ORD-20220707-80278,1,749.0,1,changed_mind
1148,213,92,39750,ORD-20220707-20725,1,1219.0,1,compatibility_issue
1149,196,17,4314,ORD-20220707-78159,1,699.0,1,not_as_described
1150,201,14,14924,ORD-20220707-78766,1,749.0,1,defective_product
1151,213,55,31563,ORD-20220707-32053,1,1499.0,1,compatibility_issue
1152,203,83,45216,ORD-20220707-82612,1,399.0,1,delivery_issue
1153,194,71,17676,ORD-20220707-98164,1,79.0,1,wrong_item
1154,217,73,18223,ORD-20220707-85425,1,98.1,1,not_as_described
1155,193,91,27590,ORD-20220707-71971,1,819.0,1,delivery_issue
1156,201,61,3495,ORD-20220708-15131,1,999.0,1,changed_mind
1157,200,58,38008,ORD-20220708-57014,1,1699.0,1,wrong_item
1158,211,91,28814,ORD-20220708-47143,1,737.1,1,not_as_described
1159,200,65,19884,ORD-20220708-92305,1,1599.0,1,changed_mind
1160,217,91,15342,ORD-20220708-69348,3,2457.0,1,not_as_described
1161,201,83,11368,ORD-20220709-79639,1,399.0,1,changed_mind
1162,206,85,19711,ORD-20220709-31743,1,449.0,1,changed_mind
1163,219,20,43004,ORD-20220709-71778,1,349.0,1,not_as_described
1164,219,17,21376,ORD-20220709-41760,1,699.0,1,changed_mind
1165,196,38,30660,ORD-20220709-49255,1,699.0,1,changed_mind
1166,199,90,38349,ORD-20220709-25984,1,764.1,1,defective_product
1167,214,53,39069,ORD-20220709-60356,1,149.0,1,compatibility_issue
1168,215,35,22192,ORD-20220709-24538,1,699.0,1,compatibility_issue
1169,207,1,3861,ORD-20220709-59638,1,1234.05,1,not_as_described
1170,207,71,42651,ORD-20220710-94150,1,79.0,1,delivery_issue
1171,207,52,22339,ORD-20220710-70312,1,349.0,1,defective_product
1172,211,93,49857,ORD-20220710-46570,1,59.0,1,defective_product
1173,205,56,3868,ORD-20220710-85938,2,4398.0,1,defective_product
1174,216,90,21181,ORD-20220710-50322,1,849.0,1,delivery_issue
1175,214,51,24608,ORD-20220710-70343,1,569.05,1,delivery_issue
1176,197,77,49683,ORD-20220710-90155,1,1029.0,1,changed_mind
1177,208,6,35842,ORD-20220710-36893,3,6597.0,1,delivery_issue
1178,205,40,32865,ORD-20220710-51350,1,749.0,1,defective_product
1179,216,10,36512,ORD-20220710-77935,2,5598.0,1,delivery_issue
1180,198,22,31359,ORD-20220710-76022,1,299.0,1,changed_mind
1181,201,11,34587,ORD-20220710-54765,1,381.65,1,changed_mind
1182,214,66,12156,ORD-20220710-85141,1,899.0,1,delivery_issue
1183,195,75,39985,ORD-20220710-58566,1,349.0,1,compatibility_issue
1184,206,17,23765,ORD-20220710-36212,1,664.05,1,not_as_described
1185,208,69,42103,ORD-20220710-10058,1,129.0,1,compatibility_issue
1186,219,98,41075,ORD-20220710-48026,1,211.65,1,wrong_item
1187,210,34,49668,ORD-20220710-51661,1,999.0,1,changed_mind
1188,207,23,39531,ORD-20220710-18988,1,179.0,1,not_as_described
1189,206,67,39441,ORD-20220710-64170,1,999.0,1,delivery_issue
1190,198,17,35918,ORD-20220710-63325,1,699.0,1,not_as_described
1191,220,75,13838,ORD-20220710-86869,1,331.55,1,delivery_issue
1192,201,13,38566,ORD-20220711-13542,1,349.0,1,changed_mind
1193,200,56,18118,ORD-20220711-74293,1,2199.0,1,delivery_issue
1194,208,2,4484,ORD-20220711-95108,1,2374.05,1,not_as_described
1195,221,80,29453,ORD-20220711-67173,1,1044.05,1,delivery_issue
1196,204,4,35492,ORD-20220711-28198,1,349.0,1,changed_mind
1197,197,79,16353,ORD-20220711-65355,1,899.0,1,delivery_issue
1198,203,76,37682,ORD-20220711-36581,1,1329.0,1,defective_product
1199,208,29,21171,ORD-20220711-34912,2,1798.2,1,wrong_item
1200,199,59,16515,ORD-20220712-70505,1,1799.0,1,defective_product
1201,203,21,48734,ORD-20220712-61326,1,296.1,1,not_as_described
1202,204,2,9627,ORD-20220712-24692,1,2124.15,1,delivery_issue
1203,213,14,7948,ORD-20220712-50008,1,711.55,1,changed_mind
1204,219,69,25517,ORD-20220712-24281,1,129.0,1,not_as_described
1205,210,92,15532,ORD-20220712-91616,1,1219.0,1,delivery_issue
1206,218,95,3523,ORD-20220713-93126,1,134.1,1,defective_product
1207,219,79,40314,ORD-20220713-82914,1,899.0,1,changed_mind
1208,216,79,29354,ORD-20220713-98898,1,809.1,1,compatibility_issue
1209,203,86,44817,ORD-20220713-69860,1,899.0,1,compatibility_issue
1210,201,92,3237,ORD-20220713-56959,1,1219.0,1,defective_product
1211,201,5,40561,ORD-20220713-16390,1,1499.0,1,changed_mind
1212,215,23,1041,ORD-20220713-32641,1,179.0,1,wrong_item
1213,213,72,46735,ORD-20220713-79480,1,129.0,1,not_as_described
1214,225,84,41427,ORD-20220714-17292,1,899.0,1,defective_product
1215,207,74,29557,ORD-20220714-94465,1,299.0,1,changed_mind
1216,208,65,46471,ORD-20220714-35581,1,1519.05,1,changed_mind
1217,221,1,35154,ORD-20220715-73459,1,1299.0,1,wrong_item
1218,215,8,30188,ORD-20220715-29459,1,1619.1,1,changed_mind
1219,217,71,13662,ORD-20220715-66116,1,79.0,1,compatibility_issue
1220,207,65,43470,ORD-20220715-95827,3,4797.0,1,defective_product
1221,209,1,33884,ORD-20220715-67420,1,1299.0,1,defective_product
1222,213,72,45786,ORD-20220715-28474,2,258.0,1,changed_mind
1223,218,11,35557,ORD-20220715-81369,1,449.0,1,defective_product
1224,210,21,32742,ORD-20220715-62798,2,658.0,1,not_as_described
1225,211,76,33565,ORD-20220715-49190,1,1329.0,1,defective_product
1226,227,70,44104,ORD-20220716-26291,1,129.0,1,delivery_issue
1227,208,42,38514,ORD-20220716-44686,1,1199.0,1,not_as_described
1228,216,21,48602,ORD-20220716-58274,1,329.0,1,defective_product
1229,214,79,31387,ORD-20220716-95673,1,899.0,1,not_as_described
1230,222,97,25441,ORD-20220717-41921,1,299.0,1,defective_product
1231,222,73,4937,ORD-20220717-70324,1,109.0,1,not_as_described
1232,210,79,19120,ORD-20220717-28010,1,809.1,1,not_as_described
1233,221,67,34457,ORD-20220717-75884,1,999.0,1,wrong_item
1234,209,65,28466,ORD-20220718-43266,2,3198.0,1,delivery_issue
1235,205,65,40825,ORD-20220718-28881,1,1599.0,1,changed_mind
1236,229,50,16367,ORD-20220718-27908,2,1498.0,1,changed_mind
1237,207,6,39932,ORD-20220719-47317,1,2199.0,1,defective_product
1238,226,93,33653,ORD-20220719-83490,1,53.1,1,delivery_issue
1239,207,80,18397,ORD-20220719-14490,1,1099.0,1,changed_mind
1240,227,64,12799,ORD-20220719-24467,1,699.0,1,wrong_item
1241,214,96,49753,ORD-20220719-62543,1,199.0,1,not_as_described
1242,228,92,19413,ORD-20220720-74519,1,1219.0,1,delivery_issue
1243,223,78,13089,ORD-20220720-93460,1,1349.0,1,delivery_issue
1244,218,67,15448,ORD-20220720-79979,1,999.0,1,not_as_described
1245,216,93,10003,ORD-20220720-80555,1,56.05,1,not_as_described
1246,224,67,20741,ORD-20220720-79365,1,999.0,1,changed_mind
1247,218,22,6118,ORD-20220720-47336,1,299.0,1,defective_product
1248,213,38,35174,ORD-20220720-24271,1,664.05,1,defective_product
1249,232,74,33553,ORD-20220721-81011,1,299.0,1,compatibility_issue
1250,207,26,8808,ORD-20220721-64312,1,179.0,1,defective_product
1251,208,69,26770,ORD-20220722-92502,1,129.0,1,changed_mind
1252,225,69,24672,ORD-20220722-97715,1,129.0,1,delivery_issue
1253,214,92,24568,ORD-20220722-95109,1,1219.0,1,defective_product
1254,225,5,13482,ORD-20220722-14873,1,1499.0,1,wrong_item
1255,215,73,13888,ORD-20220722-70119,1,109.0,1,wrong_item
1256,231,6,37499,ORD-20220722-16764,1,2089.05,1,not_as_described
1257,216,96,40800,ORD-20220723-11878,2,398.0,1,wrong_item
1258,226,31,31367,ORD-20220723-41752,1,1099.0,1,defective_product
1259,228,83,12147,ORD-20220723-32541,1,399.0,1,defective_product
1260,211,10,13349,ORD-20220723-11637,1,2519.1,1,changed_mind
1261,209,15,47238,ORD-20220723-76505,1,299.0,1,delivery_issue
1262,231,46,153,ORD-20220723-67500,1,499.0,1,defective_product
1263,207,53,20044,ORD-20220723-32260,1,149.0,1,wrong_item
1264,224,81,27174,ORD-20220724-69034,1,759.05,1,changed_mind
1265,224,94,1048,ORD-20220724-22097,1,94.05,1,defective_product
1266,226,66,42370,ORD-20220724-58391,1,854.05,1,compatibility_issue
1267,229,7,21062,ORD-20220724-39915,1,599.0,1,not_as_described
1268,224,56,12812,ORD-20220725-44498,1,2199.0,1,changed_mind
1269,213,90,1619,ORD-20220725-62409,1,849.0,1,changed_mind
1270,215,1,541,ORD-20220725-15037,1,1299.0,1,compatibility_issue
1271,229,66,27943,ORD-20220725-14590,1,899.0,1,compatibility_issue
1272,225,46,3755,ORD-20220725-50571,1,499.0,1,changed_mind
1273,230,91,45296,ORD-20220725-39458,1,819.0,1,compatibility_issue
1274,225,6,3348,ORD-20220725-27452,1,2089.05,1,compatibility_issue
1275,225,61,11084,ORD-20220725-91970,1,949.05,1,changed_mind
1276,218,57,32069,ORD-20220725-57518,1,1999.0,1,changed_mind
1277,230,89,7512,ORD-20220725-92732,1,249.0,1,delivery_issue
1278,215,19,35103,ORD-20220725-91647,1,379.05,1,defective_product
1279,228,73,3140,ORD-20220725-25236,1,109.0,1,defective_product
1280,221,74,22859,ORD-20220725-63811,1,299.0,1,defective_product
1281,215,14,34132,ORD-20220726-12844,1,749.0,1,wrong_item
1282,221,70,2218,ORD-20220726-70578,1,116.1,1,defective_product
1283,217,5,41258,ORD-20220727-46820,1,1499.0,1,wrong_item
1284,224,67,27423,ORD-20220727-44770,1,999.0,1,defective_product
1285,232,97,16742,ORD-20220727-42438,1,299.0,1,defective_product
1286,215,18,28541,ORD-20220727-73269,1,599.0,1,compatibility_issue
1287,226,26,43350,ORD-20220727-31123,1,179.0,1,not_as_described
1288,217,98,38249,ORD-20220727-82669,1,249.0,1,changed_mind
1289,219,59,49377,ORD-20220728-78191,1,1799.0,1,defective_product
1290,235,82,11274,ORD-20220728-70206,1,849.0,1,compatibility_issue
1291,237,69,1980,ORD-20220728-75650,1,129.0,1,changed_mind
1292,213,97,11734,ORD-20220728-19088,1,284.05,1,delivery_issue
1293,226,76,27148,ORD-20220728-27391,1,1129.65,1,compatibility_issue
1294,230,63,2984,ORD-20220728-75555,1,1439.1,1,defective_product
1295,234,84,20473,ORD-20220729-35663,1,854.05,1,defective_product
1296,225,16,4709,ORD-20220729-49574,1,449.0,1,wrong_item
1297,236,66,33543,ORD-20220729-83357,1,899.0,1,not_as_described
1298,223,36,31803,ORD-20220729-76408,1,569.05,1,not_as_described
1299,218,48,31132,ORD-20220730-50361,1,699.0,1,not_as_described
1300,221,61,33387,ORD-20220730-42207,1,999.0,1,delivery_issue
1301,225,6,37469,ORD-20220730-41617,1,2199.0,1,not_as_described
1302,226,7,43056,ORD-20220730-35730,2,1198.0,1,wrong_item
1303,241,12,4614,ORD-20220730-31938,1,854.05,1,defective_product
1304,224,66,6883,ORD-20220730-25399,1,899.0,1,delivery_issue
1305,236,66,28039,ORD-20220730-90821,2,1798.0,1,changed_mind
1306,221,61,30165,ORD-20220730-32212,1,999.0,1,compatibility_issue
1307,229,1,33669,ORD-20220730-47350,1,1299.0,1,defective_product
1308,224,11,32089,ORD-20220730-13198,1,449.0,1,not_as_described
1309,241,14,6223,ORD-20220730-43901,1,749.0,1,not_as_described
1310,222,35,7007,ORD-20220731-78801,1,699.0,1,compatibility_issue
1311,235,69,774,ORD-20220731-42936,1,129.0,1,compatibility_issue
1312,242,96,46608,ORD-20220731-63610,2,398.0,1,not_as_described
1313,239,53,20226,ORD-20220731-91994,1,149.0,1,not_as_described
1314,242,65,33736,ORD-20220731-51259,1,1519.05,1,defective_product
1315,229,19,13680,ORD-20220801-92913,1,399.0,1,defective_product
1316,236,38,38797,ORD-20220801-54490,1,699.0,1,not_as_described
1317,220,18,24896,ORD-20220801-55515,1,599.0,1,delivery_issue
1318,240,93,14003,ORD-20220801-85434,2,118.0,1,wrong_item
1319,227,86,16140,ORD-20220801-15410,1,899.0,1,wrong_item
1320,219,72,9715,ORD-20220801-55497,1,129.0,1,wrong_item
1321,222,17,45276,ORD-20220801-31526,2,1328.1,1,delivery_issue
1322,222,23,23391,ORD-20220801-99437,1,179.0,1,not_as_described
1323,233,2,44796,ORD-20220801-90049,1,2374.05,1,compatibility_issue
1324,243,79,3675,ORD-20220802-78861,1,854.05,1,defective_product
1325,221,92,11982,ORD-20220802-23382,1,1219.0,1,not_as_described
1326,236,74,22674,ORD-20220802-29162,1,299.0,1,changed_mind
1327,218,90,9911,ORD-20220803-73201,1,849.0,1,not_as_described
1328,241,12,17231,ORD-20220803-49919,1,899.0,1,changed_mind
1329,237,81,4599,ORD-20220803-50802,1,799.0,1,changed_mind
1330,235,67,15806,ORD-20220803-98032,1,949.05,1,defective_product
1331,220,76,37868,ORD-20220803-24623,1,1329.0,1,defective_product
1332,223,20,43435,ORD-20220803-67079,1,349.0,1,not_as_described
1333,225,91,8543,ORD-20220803-79258,1,819.0,1,delivery_issue
1334,221,23,38512,ORD-20220803-70515,1,179.0,1,delivery_issue
1335,229,21,31855,ORD-20220804-60048,2,592.2,1,changed_mind
1336,232,18,17732,ORD-20220804-55184,1,599.0,1,changed_mind
1337,228,61,48789,ORD-20220804-61848,1,999.0,1,delivery_issue
1338,224,40,9381,ORD-20220804-95122,1,711.55,1,wrong_item
1339,222,27,21186,ORD-20220805-87292,1,149.0,1,defective_product
1340,245,72,18278,ORD-20220805-92507,1,122.55,1,not_as_described
1341,225,42,9808,ORD-20220805-66796,1,1199.0,1,delivery_issue
1342,229,11,11855,ORD-20220806-29972,1,426.55,1,not_as_described
1343,240,72,30968,ORD-20220806-12494,1,129.0,1,changed_mind
1344,243,8,5715,ORD-20220806-40335,1,1799.0,1,changed_mind
1345,225,63,5218,ORD-20220806-97222,1,1599.0,1,not_as_described
1346,229,98,11389,ORD-20220806-87003,1,236.55,1,changed_mind
1347,240,1,41089,ORD-20220806-72904,1,1299.0,1,defective_product
1348,249,74,7831,ORD-20220807-99138,1,269.1,1,wrong_item
1349,241,61,16098,ORD-20220807-40929,1,999.0,1,changed_mind
1350,243,20,40478,ORD-20220808-21960,1,349.0,1,wrong_item
1351,250,3,44611,ORD-20220808-18273,1,499.0,1,defective_product
1352,242,19,40656,ORD-20220808-29072,1,399.0,1,compatibility_issue
1353,250,94,19807,ORD-20220808-74511,1,99.0,1,not_as_described
1354,227,61,21728,ORD-20220810-86189,1,899.1,1,changed_mind
1355,243,30,3372,ORD-20220810-27317,1,1299.0,1,changed_mind
1356,234,29,18550,ORD-20220810-97173,1,999.0,1,defective_product
1357,241,45,40647,ORD-20220810-67431,1,719.1,1,defective_product
1358,230,67,9134,ORD-20220810-83911,1,999.0,1,not_as_described
1359,237,85,42914,ORD-20220811-36057,1,449.0,1,changed_mind
1360,240,14,47450,ORD-20220811-47798,1,711.55,1,defective_product
1361,249,76,38995,ORD-20220811-51351,1,1262.55,1,changed_mind
1362,254,93,36721,ORD-20220812-90991,1,59.0,1,defective_product
1363,247,65,16624,ORD-20220812-84942,2,3198.0,1,delivery_issue
1364,244,94,43172,ORD-20220812-17983,1,99.0,1,defective_product
1365,239,56,16632,ORD-20220812-10552,1,2199.0,1,defective_product
1366,242,73,33829,ORD-20220812-64581,1,109.0,1,defective_product
1367,252,95,34787,ORD-20220813-89559,1,149.0,1,compatibility_issue
1368,230,96,48067,ORD-20220813-38121,1,199.0,1,not_as_described
1369,255,39,34917,ORD-20220813-59905,1,1399.0,1,not_as_described
1370,243,48,45127,ORD-20220813-83821,1,699.0,1,not_as_described
1371,244,63,9536,ORD-20220813-38175,1,1599.0,1,delivery_issue
1372,239,17,25109,ORD-20220814-62280,1,699.0,1,not_as_described
1373,239,69,23503,ORD-20220814-69180,1,129.0,1,not_as_described
1374,250,63,3588,ORD-20220815-32295,1,1599.0,1,delivery_issue
1375,249,21,15457,ORD-20220815-69818,1,329.0,1,defective_product
1376,237,2,39729,ORD-20220815-56494,1,2499.0,1,delivery_issue
1377,257,8,10343,ORD-20220815-35336,1,1799.0,1,not_as_described
1378,244,40,32649,ORD-20220815-60121,1,749.0,1,compatibility_issue
1379,251,88,33295,ORD-20220815-84892,1,699.0,1,delivery_issue
1380,234,59,43140,ORD-20220815-11697,1,1529.15,1,changed_mind
1381,249,79,31782,ORD-20220816-11567,1,854.05,1,not_as_described
1382,254,65,37214,ORD-20220816-24798,1,1599.0,1,defective_product
1383,257,14,18472,ORD-20220816-38094,1,711.55,1,not_as_described
1384,253,63,23561,ORD-20220817-47188,1,1439.1,1,defective_product
1385,247,25,29101,ORD-20220817-48867,1,199.0,1,delivery_issue
1386,259,48,10863,ORD-20220817-86735,1,699.0,1,defective_product
1387,240,49,1141,ORD-20220817-21501,1,499.0,1,delivery_issue
1388,250,19,4140,ORD-20220817-69612,1,399.0,1,changed_mind
1389,256,76,43672,ORD-20220817-42505,1,1262.55,1,defective_product
1390,250,26,38900,ORD-20220817-38914,1,170.05,1,defective_product
1391,244,63,43566,ORD-20220817-86288,1,1439.1,1,wrong_item
1392,251,97,11496,ORD-20220818-20789,1,299.0,1,changed_mind
1393,260,10,22323,ORD-20220818-32765,1,2799.0,1,not_as_described
1394,255,92,7081,ORD-20220818-79912,1,1219.0,1,not_as_described
1395,246,92,24080,ORD-20220819-19894,1,1219.0,1,delivery_issue
1396,254,73,8932,ORD-20220819-27860,1,109.0,1,defective_product
1397,244,23,18115,ORD-20220819-37278,1,179.0,1,delivery_issue
1398,258,97,41788,ORD-20220819-32509,1,299.0,1,delivery_issue
1399,236,93,31629,ORD-20220819-37161,1,59.0,1,compatibility_issue
1400,237,46,23626,ORD-20220819-82297,1,499.0,1,wrong_item
1401,239,57,36704,ORD-20220820-26963,1,1999.0,1,compatibility_issue
1402,252,59,13286,ORD-20220820-93576,1,1619.1,1,defective_product
1403,260,11,36864,ORD-20220820-19423,1,449.0,1,not_as_described
1404,260,1,14550,ORD-20220820-96280,1,1299.0,1,changed_mind
1405,250,95,37534,ORD-20220820-98859,1,141.55,1,delivery_issue
1406,255,65,4312,ORD-20220821-98455,2,3198.0,1,delivery_issue
1407,251,33,41332,ORD-20220821-84421,1,799.0,1,defective_product
1408,256,10,39678,ORD-20220821-91258,1,2799.0,1,delivery_issue
1409,244,71,43904,ORD-20220821-25146,1,79.0,1,changed_mind
1410,256,17,34980,ORD-20220821-54136,1,629.1,1,defective_product
1411,241,59,35389,ORD-20220822-68859,1,1799.0,1,defective_product
1412,259,48,772,ORD-20220822-99498,1,699.0,1,wrong_item
1413,244,5,23932,ORD-20220822-33031,1,1499.0,1,changed_mind
1414,249,69,29968,ORD-20220823-44235,1,109.65,1,delivery_issue
1415,265,32,17993,ORD-20220823-91215,1,899.0,1,not_as_described
1416,249,18,12682,ORD-20220823-45706,1,599.0,1,changed_mind
1417,244,46,6922,ORD-20220823-45481,1,499.0,1,changed_mind
1418,244,72,28620,ORD-20220824-98810,1,122.55,1,delivery_issue
1419,247,37,30944,ORD-20220824-65449,1,799.0,1,not_as_described
1420,256,98,32492,ORD-20220824-99661,1,236.55,1,delivery_issue
1421,260,57,2639,ORD-20220824-35035,1,1999.0,1,delivery_issue
1422,263,1,34799,ORD-20220824-41820,1,1299.0,1,delivery_issue
1423,248,24,2798,ORD-20220825-90088,2,558.0,1,not_as_described
1424,240,18,33321,ORD-20220825-55863,1,599.0,1,delivery_issue
1425,248,86,26611,ORD-20220825-80479,1,899.0,1,wrong_item
1426,250,90,18908,ORD-20220825-87520,1,849.0,1,wrong_item
1427,243,68,5543,ORD-20220826-48868,1,109.0,1,delivery_issue
1428,258,72,17768,ORD-20220826-49680,1,129.0,1,delivery_issue
1429,248,73,26935,ORD-20220826-74250,1,109.0,1,changed_mind
1430,252,51,42617,ORD-20220826-56624,2,1198.0,1,delivery_issue
1431,260,18,34774,ORD-20220826-76659,1,599.0,1,delivery_issue
1432,255,84,4985,ORD-20220827-99363,1,899.0,1,changed_mind
1433,250,67,24768,ORD-20220827-62145,1,999.0,1,changed_mind
1434,258,58,32972,ORD-20220827-86254,1,1699.0,1,changed_mind
1435,256,76,4241,ORD-20220827-21898,1,1329.0,1,wrong_item
1436,268,91,10248,ORD-20220827-36627,2,1638.0,1,compatibility_issue
1437,258,92,33241,ORD-20220827-93712,1,1219.0,1,defective_product
1438,253,95,989,ORD-20220828-59864,1,149.0,1,wrong_item
1439,270,57,10043,ORD-20220828-39806,1,1999.0,1,changed_mind
1440,256,65,19536,ORD-20220828-27011,1,1599.0,1,compatibility_issue
1441,253,69,10474,ORD-20220828-43389,1,116.1,1,not_as_described
1442,259,24,19281,ORD-20220828-93867,1,279.0,1,defective_product
1443,257,9,4478,ORD-20220829-18103,1,1234.05,1,changed_mind
1444,250,29,23112,ORD-20220829-23515,1,999.0,1,not_as_described
1445,268,94,2707,ORD-20220829-76453,1,99.0,1,defective_product
1446,266,54,3459,ORD-20220830-92902,1,94.05,1,compatibility_issue
1447,255,58,27031,ORD-20220830-38918,1,1699.0,1,compatibility_issue
1448,250,74,8363,ORD-20220830-48189,1,299.0,1,defective_product
1449,262,85,6817,ORD-20220831-17959,1,449.0,1,delivery_issue
1450,266,13,27125,ORD-20220831-89389,1,349.0,1,wrong_item
1451,267,78,37532,ORD-20220831-38546,1,1349.0,1,defective_product
1452,271,67,9689,ORD-20220831-72521,1,949.05,1,defective_product
1453,260,61,32409,ORD-20220831-33412,1,999.0,1,changed_mind
1454,270,66,45225,ORD-20220901-31867,1,899.0,1,wrong_item
1455,248,94,28148,ORD-20220901-96735,1,99.0,1,delivery_issue
1456,266,69,42070,ORD-20220901-72623,2,258.0,1,defective_product
1457,267,93,45497,ORD-20220901-38841,1,59.0,1,changed_mind
1458,265,95,19449,ORD-20220902-11814,1,149.0,1,compatibility_issue
1459,270,64,24180,ORD-20220902-24126,1,699.0,1,changed_mind
1460,269,69,24627,ORD-20220902-62272,2,258.0,1,not_as_described
1461,263,33,10072,ORD-20220902-37960,1,799.0,1,wrong_item
1462,276,29,13996,ORD-20220903-53035,1,849.15,1,not_as_described
1463,261,61,26650,ORD-20220903-72713,1,999.0,1,changed_mind
1464,273,33,19135,ORD-20220903-49033,1,799.0,1,compatibility_issue
1465,274,18,38977,ORD-20220903-37827,1,599.0,1,defective_product
1466,266,7,27770,ORD-20220903-54021,1,599.0,1,defective_product
1467,250,18,10432,ORD-20220903-32939,1,539.1,1,defective_product
1468,252,32,42336,ORD-20220903-90044,1,899.0,1,changed_mind
1469,261,38,44817,ORD-20220903-74186,1,664.05,1,changed_mind
1470,270,66,40775,ORD-20220903-19802,1,899.0,1,delivery_issue
1471,256,65,4463,ORD-20220903-60646,1,1599.0,1,changed_mind
1472,258,63,47728,ORD-20220904-15192,1,1439.1,1,wrong_item
1473,255,97,25201,ORD-20220904-75757,1,269.1,1,defective_product
1474,254,95,33381,ORD-20220904-75425,1,149.0,1,delivery_issue
1475,274,74,8456,ORD-20220904-46714,1,299.0,1,not_as_described
1476,254,55,37826,ORD-20220904-83442,1,1499.0,1,not_as_described
1477,258,74,42518,ORD-20220904-75112,1,299.0,1,defective_product
1478,251,97,1566,ORD-20220904-66170,1,299.0,1,changed_mind
1479,266,67,45229,ORD-20220904-42190,1,999.0,1,not_as_described
1480,267,95,43044,ORD-20220904-51094,1,149.0,1,wrong_item
1481,267,11,31224,ORD-20220905-29819,1,449.0,1,changed_mind
1482,271,23,43686,ORD-20220905-92254,1,161.1,1,compatibility_issue
1483,278,59,10820,ORD-20220905-34519,1,1799.0,1,changed_mind
1484,258,92,12897,ORD-20220905-31275,1,1219.0,1,changed_mind
1485,251,46,1739,ORD-20220905-61134,1,499.0,1,delivery_issue
1486,274,55,24306,ORD-20220906-76865,1,1499.0,1,defective_product
1487,254,27,16507,ORD-20220906-75668,1,149.0,1,compatibility_issue
1488,252,76,10860,ORD-20220906-72087,1,1262.55,1,compatibility_issue
1489,266,5,7696,ORD-20220906-17203,1,1499.0,1,compatibility_issue
1490,267,73,30895,ORD-20220906-60301,1,109.0,1,wrong_item
1491,269,60,18746,ORD-20220906-50027,1,1199.0,1,wrong_item
1492,271,67,2824,ORD-20220906-69373,1,999.0,1,compatibility_issue
1493,279,4,12947,ORD-20220906-84597,1,349.0,1,changed_mind
1494,266,4,26152,ORD-20220907-45387,1,331.55,1,wrong_item
1495,264,46,9927,ORD-20220907-69620,1,499.0,1,defective_product
1496,267,19,6131,ORD-20220907-69497,2,798.0,1,defective_product
1497,264,91,26344,ORD-20220907-62028,1,819.0,1,not_as_described
1498,265,59,45365,ORD-20220908-15416,1,1799.0,1,defective_product
1499,269,36,4285,ORD-20220908-67012,1,599.0,1,not_as_described
1500,255,79,21986,ORD-20220908-36155,1,899.0,1,defective_product
1501,277,73,20793,ORD-20220908-22643,1,109.0,1,not_as_described
1502,267,92,589,ORD-20220908-43921,1,1219.0,1,defective_product
1503,267,67,15078,ORD-20220909-65946,1,999.0,1,defective_product
1504,264,73,35590,ORD-20220909-58597,1,109.0,1,wrong_item
1505,282,97,9252,ORD-20220909-98372,2,598.0,1,delivery_issue
1506,260,93,13571,ORD-20220909-10712,1,59.0,1,not_as_described
1507,279,52,11672,ORD-20220909-18191,1,349.0,1,defective_product
1508,259,17,13951,ORD-20220909-91272,1,699.0,1,changed_mind
1509,280,46,38146,ORD-20220909-78441,1,474.05,1,compatibility_issue
1510,280,73,14307,ORD-20220909-55296,1,109.0,1,defective_product
1511,275,65,21839,ORD-20220910-30921,1,1599.0,1,not_as_described
1512,274,8,5613,ORD-20220911-85018,1,1799.0,1,delivery_issue
1513,283,83,2877,ORD-20220911-55015,1,399.0,1,changed_mind
1514,283,67,48901,ORD-20220911-24000,1,999.0,1,defective_product
1515,281,91,41651,ORD-20220911-55162,1,819.0,1,compatibility_issue
1516,269,74,40321,ORD-20220911-52884,2,598.0,1,changed_mind
1517,269,34,10491,ORD-20220911-45433,1,999.0,1,delivery_issue
1518,275,67,16833,ORD-20220911-60972,1,999.0,1,not_as_described
1519,265,5,31286,ORD-20220911-39667,1,1499.0,1,delivery_issue
1520,281,31,16531,ORD-20220911-23527,1,1099.0,1,wrong_item
1521,274,63,21490,ORD-20220912-99067,1,1599.0,1,delivery_issue
1522,282,98,30662,ORD-20220912-26842,1,249.0,1,not_as_described
1523,282,63,7703,ORD-20220912-33639,1,1599.0,1,compatibility_issue
1524,277,21,48847,ORD-20220912-31014,2,658.0,1,changed_mind
1525,284,94,16252,ORD-20220913-87139,1,94.05,1,changed_mind
1526,269,59,6268,ORD-20220913-12319,2,3598.0,1,changed_mind
1527,276,76,35622,ORD-20220913-33854,1,1329.0,1,changed_mind
1528,273,95,43337,ORD-20220913-75340,1,149.0,1,defective_product
1529,273,40,12099,ORD-20220913-60063,1,749.0,1,delivery_issue
1530,273,77,12430,ORD-20220913-31658,1,977.55,1,not_as_described
1531,287,19,40314,ORD-20220914-84937,1,399.0,1,compatibility_issue
1532,265,57,45093,ORD-20220914-51716,1,1999.0,1,not_as_described
1533,284,25,41033,ORD-20220914-42745,1,199.0,1,changed_mind
1534,263,67,46378,ORD-20220914-27397,1,999.0,1,defective_product
1535,282,86,43315,ORD-20220914-80103,1,899.0,1,delivery_issue
1536,278,1,26756,ORD-20220914-61143,1,1299.0,1,changed_mind
1537,284,97,39404,ORD-20220915-11015,1,299.0,1,not_as_described
1538,265,15,47329,ORD-20220915-45379,1,299.0,1,not_as_described
1539,286,11,14686,ORD-20220915-15116,1,449.0,1,compatibility_issue
1540,278,56,49781,ORD-20220915-11619,1,1979.1,1,not_as_described
1541,268,61,23314,ORD-20220915-63997,1,899.1,1,not_as_described
1542,265,79,1313,ORD-20220915-97270,1,854.05,1,delivery_issue
1543,268,17,4239,ORD-20220916-28553,1,699.0,1,wrong_item
1544,266,41,10146,ORD-20220916-66736,1,466.65,1,compatibility_issue
1545,281,36,37400,ORD-20220916-60355,2,1198.0,1,compatibility_issue
1546,269,3,431,ORD-20220917-70678,1,499.0,1,compatibility_issue
1547,280,66,7027,ORD-20220917-49105,1,899.0,1,wrong_item
1548,284,79,13012,ORD-20220917-44729,1,899.0,1,delivery_issue
1549,285,57,41564,ORD-20220917-61387,1,1999.0,1,defective_product
1550,265,73,10426,ORD-20220917-95042,1,103.55,1,not_as_described
1551,284,97,25217,ORD-20220917-46884,2,598.0,1,defective_product
1552,274,92,284,ORD-20220917-40958,1,1219.0,1,delivery_issue
1553,288,1,36764,ORD-20220918-79944,1,1299.0,1,delivery_issue
1554,274,88,10351,ORD-20220918-53266,1,699.0,1,not_as_described
1555,282,98,6838,ORD-20220918-73809,1,249.0,1,changed_mind
1556,279,72,29404,ORD-20220918-22832,1,129.0,1,changed_mind
1557,289,35,3703,ORD-20220919-74329,1,699.0,1,changed_mind
1558,291,35,48921,ORD-20220919-36684,1,699.0,1,changed_mind
1559,275,72,12016,ORD-20220919-75730,1,116.1,1,changed_mind
1560,287,3,49165,ORD-20220920-58827,1,499.0,1,changed_mind
1561,270,95,1555,ORD-20220920-37426,1,149.0,1,delivery_issue
1562,270,71,21576,ORD-20220920-75624,2,150.1,1,compatibility_issue
1563,284,22,39185,ORD-20220920-36227,1,299.0,1,defective_product
1564,274,66,43923,ORD-20220921-29029,1,899.0,1,not_as_described
1565,288,11,37034,ORD-20220921-88587,1,449.0,1,defective_product
1566,273,61,33466,ORD-20220921-84606,1,949.05,1,defective_product
1567,287,51,7108,ORD-20220921-39426,1,599.0,1,changed_mind
1568,274,60,8422,ORD-20220921-55761,1,1199.0,1,wrong_item
1569,284,63,35889,ORD-20220921-30878,1,1599.0,1,changed_mind
1570,294,63,10867,ORD-20220921-47672,1,1599.0,1,not_as_described
1571,274,55,28987,ORD-20220921-52798,1,1499.0,1,defective_product
1572,286,85,21200,ORD-20220922-95495,1,381.65,1,changed_mind
1573,274,67,21516,ORD-20220922-16556,1,899.1,1,delivery_issue
1574,284,72,28403,ORD-20220922-43946,1,129.0,1,wrong_item
1575,283,87,38087,ORD-20220922-71414,1,284.05,1,changed_mind
1576,270,74,21671,ORD-20220923-38939,3,897.0,1,changed_mind
1577,286,22,42011,ORD-20220923-94630,1,299.0,1,compatibility_issue
1578,278,3,2180,ORD-20220923-40053,2,998.0,1,not_as_described
1579,291,58,27529,ORD-20220923-29014,1,1699.0,1,delivery_issue
1580,274,65,45589,ORD-20220923-29223,1,1599.0,1,compatibility_issue
1581,286,69,26681,ORD-20220923-98934,1,129.0,1,delivery_issue
1582,293,60,46600,ORD-20220923-94953,1,1199.0,1,wrong_item
1583,296,19,49434,ORD-20220923-71517,1,399.0,1,delivery_issue
1584,291,98,123,ORD-20220925-77232,1,249.0,1,compatibility_issue
1585,291,26,32043,ORD-20220925-13094,1,170.05,1,delivery_issue
1586,273,92,29837,ORD-20220925-15488,1,1219.0,1,changed_mind
1587,288,14,39053,ORD-20220925-77107,1,749.0,1,not_as_described
1588,286,91,48879,ORD-20220925-36393,1,819.0,1,changed_mind
1589,275,94,22492,ORD-20220925-40943,1,99.0,1,changed_mind
1590,275,22,26035,ORD-20220925-26581,1,299.0,1,defective_product
1591,287,21,20179,ORD-20220926-11625,1,329.0,1,compatibility_issue
1592,291,5,34006,ORD-20220926-75239,1,1499.0,1,delivery_issue
1593,291,19,41071,ORD-20220926-21419,1,379.05,1,defective_product
1594,282,29,24815,ORD-20220926-83273,1,999.0,1,wrong_item
1595,298,54,32106,ORD-20220926-53597,1,99.0,1,compatibility_issue
1596,292,19,22386,ORD-20220926-50574,1,379.05,1,delivery_issue
1597,281,89,15562,ORD-20220926-79149,1,249.0,1,delivery_issue
1598,290,47,23809,ORD-20220927-63689,1,599.0,1,defective_product
1599,285,90,12811,ORD-20220927-46398,2,1613.1,1,changed_mind
1600,285,76,17538,ORD-20220927-21291,1,1329.0,1,defective_product
1601,279,96,21364,ORD-20220927-65237,1,199.0,1,not_as_described
1602,286,63,47570,ORD-20220927-84671,1,1599.0,1,changed_mind
1603,297,79,29357,ORD-20220927-45107,1,899.0,1,wrong_item
1604,299,17,11052,ORD-20220927-57804,1,699.0,1,changed_mind
1605,298,79,32365,ORD-20220928-99360,1,899.0,1,wrong_item
1606,292,71,27715,ORD-20220928-55542,1,75.05,1,defective_product
1607,274,97,15946,ORD-20220928-83218,1,299.0,1,not_as_described
1608,281,85,8435,ORD-20220928-55459,1,449.0,1,delivery_issue
1609,281,85,6995,ORD-20220928-31104,1,449.0,1,defective_product
1610,275,92,29287,ORD-20220928-47715,1,1219.0,1,not_as_described
1611,278,13,5533,ORD-20220928-90240,1,349.0,1,changed_mind
1612,290,36,20876,ORD-20220929-45087,1,599.0,1,changed_mind
1613,290,84,40112,ORD-20220929-13587,1,854.05,1,defective_product
1614,301,18,3036,ORD-20220929-51117,1,569.05,1,changed_mind
1615,287,11,16481,ORD-20220929-57147,1,449.0,1,defective_product
1616,287,69,2362,ORD-20220929-31076,1,109.65,1,wrong_item
1617,279,67,40071,ORD-20220930-67143,1,999.0,1,defective_product
1618,276,74,31626,ORD-20220930-59013,1,299.0,1,defective_product
1619,282,82,34379,ORD-20220930-97445,1,849.0,1,defective_product
1620,282,59,37922,ORD-20220930-80774,1,1799.0,1,wrong_item
1621,285,90,19541,ORD-20220930-43691,1,849.0,1,defective_product
1622,300,54,45566,ORD-20220930-60371,1,94.05,1,defective_product
1623,282,32,46240,ORD-20220930-31086,1,899.0,1,not_as_described
1624,279,90,34378,ORD-20220930-93030,1,849.0,1,defective_product
1625,284,73,342,ORD-20221001-74308,1,109.0,1,changed_mind
1626,304,20,6450,ORD-20221001-26075,2,698.0,1,defective_product
1627,296,58,16846,ORD-20221001-22124,1,1699.0,1,delivery_issue
1628,287,93,21144,ORD-20221001-94044,1,59.0,1,changed_mind
1629,300,2,36399,ORD-20221001-31101,1,2499.0,1,delivery_issue
1630,294,56,23363,ORD-20221001-43674,1,2199.0,1,defective_product
1631,301,91,38053,ORD-20221001-18990,1,819.0,1,defective_product
1632,281,72,37510,ORD-20221001-79276,1,129.0,1,defective_product
1633,297,80,5946,ORD-20221002-49136,1,1099.0,1,compatibility_issue
1634,290,58,8481,ORD-20221002-13827,1,1699.0,1,defective_product
1635,291,80,44072,ORD-20221002-55442,1,1099.0,1,changed_mind
1636,280,95,25682,ORD-20221002-36781,1,149.0,1,compatibility_issue
1637,282,23,25499,ORD-20221002-74833,1,170.05,1,not_as_described
1638,281,22,6942,ORD-20221002-75341,1,299.0,1,not_as_described
1639,298,23,47898,ORD-20221003-52310,2,358.0,1,changed_mind
1640,291,79,48174,ORD-20221003-20944,2,1798.0,1,changed_mind
1641,297,69,39259,ORD-20221003-15567,1,129.0,1,defective_product
1642,299,22,17539,ORD-20221003-13503,1,299.0,1,wrong_item
1643,302,5,6187,ORD-20221003-56496,1,1499.0,1,compatibility_issue
1644,303,66,44060,ORD-20221003-33238,1,899.0,1,defective_product
1645,287,74,9998,ORD-20221004-86168,1,299.0,1,defective_product
1646,303,49,28997,ORD-20221004-33657,1,499.0,1,compatibility_issue
1647,301,45,4979,ORD-20221004-47985,1,799.0,1,delivery_issue
1648,304,69,9225,ORD-20221004-57700,1,129.0,1,changed_mind
1649,288,46,39397,ORD-20221004-27050,1,499.0,1,delivery_issue
1650,296,22,808,ORD-20221004-74743,1,299.0,1,changed_mind
1651,285,12,13818,ORD-20221004-11790,1,899.0,1,defective_product
1652,302,28,40571,ORD-20221004-42392,1,249.0,1,not_as_described
1653,301,56,30243,ORD-20221004-82117,1,2199.0,1,not_as_described
1654,283,2,2456,ORD-20221004-24187,1,2499.0,1,delivery_issue
1655,299,14,32418,ORD-20221005-95840,1,749.0,1,wrong_item
1656,297,85,43922,ORD-20221005-13768,1,426.55,1,defective_product
1657,295,3,34374,ORD-20221005-32642,1,499.0,1,defective_product
1658,283,7,48177,ORD-20221005-92517,1,599.0,1,defective_product
1659,305,25,23733,ORD-20221005-41814,1,199.0,1,defective_product
1660,293,61,23891,ORD-20221005-95005,1,949.05,1,defective_product
1661,282,95,12724,ORD-20221005-24106,1,141.55,1,compatibility_issue
1662,288,61,35087,ORD-20221006-18915,3,2997.0,1,compatibility_issue
1663,299,67,26438,ORD-20221006-78089,1,949.05,1,not_as_described
1664,303,91,6494,ORD-20221006-27000,1,819.0,1,changed_mind
1665,304,91,43775,ORD-20221006-27471,1,778.05,1,changed_mind
1666,294,69,9498,ORD-20221006-43392,1,109.65,1,not_as_described
1667,293,91,6559,ORD-20221006-95159,1,819.0,1,wrong_item
1668,293,73,45511,ORD-20221007-17645,2,218.0,1,defective_product
1669,310,97,43529,ORD-20221007-93510,1,299.0,1,defective_product
1670,296,85,43650,ORD-20221007-37132,1,449.0,1,defective_product
1671,298,19,45888,ORD-20221007-29880,1,399.0,1,compatibility_issue
1672,299,79,941,ORD-20221007-29438,1,809.1,1,wrong_item
1673,307,78,3973,ORD-20221007-75260,1,1349.0,1,defective_product
1674,290,8,31027,ORD-20221007-80194,1,1799.0,1,delivery_issue
1675,296,19,41607,ORD-20221007-50981,1,399.0,1,not_as_described
1676,306,18,37239,ORD-20221008-61080,1,509.15,1,changed_mind
1677,291,93,35270,ORD-20221008-93963,2,118.0,1,not_as_described
1678,295,18,10093,ORD-20221008-13602,1,599.0,1,delivery_issue
1679,309,67,13166,ORD-20221008-96983,1,999.0,1,wrong_item
1680,311,13,4354,ORD-20221008-75701,1,331.55,1,not_as_described
1681,308,94,30074,ORD-20221008-64769,1,84.15,1,delivery_issue
1682,286,51,25492,ORD-20221008-11183,1,599.0,1,delivery_issue
1683,310,93,23115,ORD-20221009-56524,1,59.0,1,not_as_described
1684,307,67,19556,ORD-20221009-15895,1,999.0,1,changed_mind
1685,294,17,27755,ORD-20221009-57118,1,699.0,1,compatibility_issue
1686,304,36,42134,ORD-20221009-66257,1,599.0,1,delivery_issue
1687,288,72,1724,ORD-20221009-28920,1,129.0,1,delivery_issue
1688,307,2,41752,ORD-20221009-38335,1,2249.1,1,compatibility_issue
1689,303,34,28961,ORD-20221009-41256,1,999.0,1,compatibility_issue
1690,308,80,6974,ORD-20221009-21726,1,989.1,1,not_as_described
1691,301,71,19758,ORD-20221010-51710,1,79.0,1,compatibility_issue
1692,311,55,14922,ORD-20221010-24824,1,1424.05,1,changed_mind
1693,293,2,34219,ORD-20221010-19380,1,2499.0,1,compatibility_issue
1694,312,19,26719,ORD-20221010-84421,1,399.0,1,changed_mind
1695,293,28,22021,ORD-20221010-65713,1,249.0,1,changed_mind
1696,302,22,29632,ORD-20221010-79929,1,299.0,1,not_as_described
1697,303,7,29135,ORD-20221010-22066,1,599.0,1,defective_product
1698,312,97,27593,ORD-20221010-94097,1,299.0,1,wrong_item
1699,294,66,7710,ORD-20221010-50396,2,1798.0,1,changed_mind
1700,290,73,43977,ORD-20221011-87743,2,218.0,1,not_as_described
1701,287,32,24100,ORD-20221011-76810,1,899.0,1,delivery_issue
1702,290,2,31601,ORD-20221011-79558,1,2499.0,1,delivery_issue
1703,302,67,18140,ORD-20221011-50432,1,999.0,1,defective_product
1704,296,95,15701,ORD-20221012-69398,2,298.0,1,changed_mind
1705,305,2,37888,ORD-20221012-49117,1,2499.0,1,delivery_issue
1706,315,22,7413,ORD-20221012-87533,1,299.0,1,not_as_described
1707,304,63,27053,ORD-20221012-30389,1,1599.0,1,not_as_described
1708,292,6,25406,ORD-20221012-43391,1,2089.05,1,not_as_described
1709,298,93,33377,ORD-20221012-64434,1,59.0,1,wrong_item
1710,312,79,3271,ORD-20221012-46781,3,2697.0,1,changed_mind
1711,306,97,23761,ORD-20221012-71405,1,284.05,1,not_as_described
1712,302,78,23321,ORD-20221012-69726,1,1349.0,1,compatibility_issue
1713,299,39,10171,ORD-20221012-12560,1,1399.0,1,changed_mind
1714,313,19,3619,ORD-20221013-72722,1,359.1,1,wrong_item
1715,301,82,6796,ORD-20221013-92518,1,849.0,1,delivery_issue
1716,302,30,44286,ORD-20221013-79467,1,1299.0,1,not_as_described
1717,304,12,28588,ORD-20221013-50791,2,1798.0,1,compatibility_issue
1718,293,90,34858,ORD-20221013-64686,1,806.55,1,defective_product
1719,298,76,5304,ORD-20221013-77360,1,1329.0,1,not_as_described
1720,294,84,43609,ORD-20221014-24479,1,899.0,1,changed_mind
1721,297,77,47045,ORD-20221014-38518,1,926.1,1,delivery_issue
1722,294,93,19336,ORD-20221014-50605,1,50.15,1,changed_mind
1723,309,77,39323,ORD-20221014-45625,1,1029.0,1,defective_product
1724,311,14,18390,ORD-20221014-55692,1,674.1,1,changed_mind
1725,303,48,25058,ORD-20221014-24095,2,1398.0,1,not_as_described
1726,310,80,47561,ORD-20221014-34558,2,2198.0,1,delivery_issue
1727,293,7,49531,ORD-20221015-20540,1,599.0,1,not_as_described
1728,299,5,44334,ORD-20221015-48640,1,1499.0,1,not_as_described
1729,298,95,25798,ORD-20221015-55850,1,149.0,1,wrong_item
1730,318,38,1871,ORD-20221015-18753,1,699.0,1,wrong_item
1731,307,3,40682,ORD-20221015-27147,2,998.0,1,not_as_described
1732,294,74,38528,ORD-20221015-87019,1,299.0,1,compatibility_issue
1733,305,81,33363,ORD-20221015-93894,1,679.15,1,changed_mind
1734,316,26,43246,ORD-20221015-40306,1,170.05,1,changed_mind
1735,314,36,43189,ORD-20221016-22611,1,599.0,1,not_as_described
1736,310,21,36646,ORD-20221016-68253,1,329.0,1,delivery_issue
1737,318,59,25318,ORD-20221016-44704,1,1799.0,1,not_as_described
1738,302,29,1383,ORD-20221016-35320,1,999.0,1,defective_product
1739,310,80,9689,ORD-20221016-92669,1,1099.0,1,defective_product
1740,309,84,17941,ORD-20221016-94521,1,899.0,1,changed_mind
1741,298,14,18855,ORD-20221016-94610,1,749.0,1,changed_mind
1742,293,65,31500,ORD-20221017-56774,1,1359.15,1,changed_mind
1743,315,45,11463,ORD-20221017-86757,1,719.1,1,delivery_issue
1744,299,91,23685,ORD-20221018-98460,1,819.0,1,changed_mind
1745,306,32,31492,ORD-20221018-22407,1,899.0,1,changed_mind
1746,303,81,4272,ORD-20221018-79217,1,799.0,1,changed_mind
1747,316,86,36962,ORD-20221018-64500,1,854.05,1,wrong_item
1748,305,7,47509,ORD-20221018-90860,1,599.0,1,not_as_described
1749,310,60,19437,ORD-20221018-12801,1,1199.0,1,defective_product
1750,318,14,5232,ORD-20221019-33267,1,749.0,1,not_as_described
1751,312,44,47412,ORD-20221019-90743,1,899.0,1,defective_product
1752,303,1,49136,ORD-20221019-19359,1,1299.0,1,changed_mind
1753,298,67,49640,ORD-20221019-67606,1,899.1,1,defective_product
1754,320,85,32150,ORD-20221019-92545,1,449.0,1,compatibility_issue
1755,298,2,24955,ORD-20221019-56755,3,7497.0,1,not_as_described
1756,314,80,42942,ORD-20221020-50216,1,1044.05,1,wrong_item
1757,321,77,28905,ORD-20221020-98609,1,977.55,1,compatibility_issue
1758,313,6,21674,ORD-20221020-25381,1,2199.0,1,changed_mind
1759,296,48,4552,ORD-20221020-77979,1,699.0,1,wrong_item
1760,300,23,39613,ORD-20221020-21833,1,179.0,1,changed_mind
1761,315,35,39352,ORD-20221020-63588,1,699.0,1,defective_product
1762,297,16,36084,ORD-20221021-37511,1,449.0,1,wrong_item
1763,300,49,43546,ORD-20221021-96153,2,948.1,1,not_as_described
1764,317,45,39003,ORD-20221021-40225,1,759.05,1,not_as_described
1765,319,10,12343,ORD-20221021-83558,1,2799.0,1,changed_mind
1766,303,59,25393,ORD-20221021-21444,1,1799.0,1,compatibility_issue
1767,313,35,19565,ORD-20221021-83299,1,699.0,1,defective_product
1768,299,75,26418,ORD-20221021-99365,1,349.0,1,not_as_described
1769,312,71,15189,ORD-20221021-72269,3,237.0,1,delivery_issue
1770,301,55,6135,ORD-20221021-92617,1,1499.0,1,changed_mind
1771,301,28,1695,ORD-20221021-33146,1,249.0,1,wrong_item
1772,300,1,21320,ORD-20221022-89586,1,1299.0,1,defective_product
1773,307,71,27818,ORD-20221022-68182,1,79.0,1,defective_product
1774,315,34,17389,ORD-20221022-15540,1,999.0,1,changed_mind
1775,302,47,48413,ORD-20221022-19227,2,1198.0,1,not_as_described
1776,306,72,24468,ORD-20221022-61994,1,129.0,1,wrong_item
1777,309,65,18029,ORD-20221022-80773,1,1599.0,1,not_as_described
1778,317,91,38990,ORD-20221022-75954,1,819.0,1,defective_product
1779,307,35,706,ORD-20221022-39306,1,699.0,1,defective_product
1780,300,61,43550,ORD-20221022-22080,1,999.0,1,delivery_issue
1781,317,93,37149,ORD-20221022-76904,1,59.0,1,changed_mind
1782,302,15,17084,ORD-20221022-73681,1,299.0,1,delivery_issue
1783,310,23,44463,ORD-20221023-87639,2,304.3,1,not_as_described
1784,315,19,25990,ORD-20221023-94516,1,399.0,1,defective_product
1785,299,74,32608,ORD-20221023-48118,1,269.1,1,changed_mind
1786,307,79,17062,ORD-20221023-94465,2,1798.0,1,defective_product
1787,313,15,34451,ORD-20221023-39049,2,598.0,1,defective_product
1788,317,63,34219,ORD-20221024-95032,1,1599.0,1,changed_mind
1789,303,45,27231,ORD-20221024-47268,1,719.1,1,not_as_described
1790,320,81,19946,ORD-20221024-99890,1,799.0,1,delivery_issue
1791,313,73,4795,ORD-20221025-79330,1,109.0,1,defective_product
1792,315,77,32855,ORD-20221025-35872,1,977.55,1,changed_mind
1793,306,71,32654,ORD-20221025-36163,1,79.0,1,changed_mind
1794,306,16,18915,ORD-20221025-33782,1,449.0,1,defective_product
1795,312,94,5063,ORD-20221025-41110,1,99.0,1,compatibility_issue
1796,310,82,38824,ORD-20221025-14479,1,849.0,1,changed_mind
1797,308,54,38630,ORD-20221025-84623,1,99.0,1,changed_mind
1798,318,11,28833,ORD-20221026-16505,1,449.0,1,defective_product
1799,313,59,39681,ORD-20221026-67680,1,1709.05,1,delivery_issue
1800,305,11,3660,ORD-20221026-39886,1,449.0,1,defective_product
1801,317,51,22413,ORD-20221026-79618,1,599.0,1,not_as_described
1802,302,79,18856,ORD-20221026-60933,1,899.0,1,not_as_described
1803,309,18,3957,ORD-20221026-53136,1,599.0,1,defective_product
1804,328,47,10267,ORD-20221026-57798,1,599.0,1,defective_product
1805,302,90,25407,ORD-20221026-38899,1,849.0,1,changed_mind
1806,303,85,38037,ORD-20221027-47219,1,426.55,1,wrong_item
1807,328,66,25704,ORD-20221027-72746,1,899.0,1,delivery_issue
1808,320,59,8151,ORD-20221027-25856,1,1799.0,1,delivery_issue
1809,303,81,15352,ORD-20221027-19637,1,799.0,1,compatibility_issue
1810,325,10,23178,ORD-20221027-37062,1,2799.0,1,compatibility_issue
1811,329,66,23086,ORD-20221027-60607,1,854.05,1,not_as_described
1812,317,49,18511,ORD-20221027-24374,1,499.0,1,changed_mind
1813,328,85,30806,ORD-20221028-65862,1,449.0,1,not_as_described
1814,330,69,22690,ORD-20221028-19897,1,122.55,1,defective_product
1815,315,56,45646,ORD-20221028-17228,1,1979.1,1,not_as_described
1816,309,12,32675,ORD-20221028-83105,1,899.0,1,changed_mind
1817,319,16,38184,ORD-20221028-47457,1,404.1,1,delivery_issue
1818,328,54,6526,ORD-20221029-95196,1,99.0,1,changed_mind
1819,308,82,2401,ORD-20221029-49205,1,764.1,1,changed_mind
1820,309,66,7580,ORD-20221029-15562,1,854.05,1,changed_mind
1821,324,71,1000,ORD-20221029-90699,1,75.05,1,not_as_described
1822,318,79,26748,ORD-20221029-16488,1,899.0,1,delivery_issue
1823,309,61,26203,ORD-20221030-36005,1,999.0,1,defective_product
1824,329,66,21395,ORD-20221030-31606,1,899.0,1,wrong_item
1825,320,93,7700,ORD-20221030-65129,1,59.0,1,delivery_issue
1826,312,9,37971,ORD-20221030-19395,1,1299.0,1,compatibility_issue
1827,313,12,22286,ORD-20221030-98326,1,899.0,1,delivery_issue
1828,316,69,41527,ORD-20221030-46878,1,116.1,1,defective_product
1829,327,25,12368,ORD-20221030-28816,1,199.0,1,delivery_issue
1830,326,24,43305,ORD-20221031-80292,1,265.05,1,compatibility_issue
1831,311,90,19237,ORD-20221031-30009,1,849.0,1,defective_product
1832,315,59,19700,ORD-20221031-85153,1,1799.0,1,changed_mind
1833,324,14,46951,ORD-20221031-16347,1,749.0,1,not_as_described
1834,325,59,40885,ORD-20221031-29029,1,1799.0,1,changed_mind
1835,309,21,29811,ORD-20221031-84170,1,329.0,1,delivery_issue
1836,310,82,11469,ORD-20221031-20671,1,806.55,1,delivery_issue
1837,315,27,20420,ORD-20221101-63173,1,149.0,1,defective_product
1838,311,69,8636,ORD-20221101-70753,1,129.0,1,changed_mind
1839,330,76,4277,ORD-20221101-41637,2,2658.0,1,compatibility_issue
1840,325,87,31325,ORD-20221101-59146,1,284.05,1,changed_mind
1841,323,42,12252,ORD-20221101-95076,1,1199.0,1,delivery_issue
1842,330,8,18120,ORD-20221101-35266,1,1799.0,1,wrong_item
1843,315,2,45128,ORD-20221101-36001,1,2499.0,1,defective_product
1844,325,71,35599,ORD-20221101-67121,1,79.0,1,changed_mind
1845,326,91,27144,ORD-20221101-15859,1,819.0,1,changed_mind
1846,320,35,36344,ORD-20221101-79842,1,699.0,1,changed_mind
1847,334,73,48551,ORD-20221101-57640,1,109.0,1,defective_product
1848,324,74,5211,ORD-20221102-51471,1,299.0,1,wrong_item
1849,335,66,45658,ORD-20221102-28446,1,854.05,1,defective_product
1850,335,93,15236,ORD-20221102-18488,1,59.0,1,not_as_described
1851,310,92,21265,ORD-20221102-25916,1,1219.0,1,delivery_issue
1852,330,81,34442,ORD-20221102-46840,1,799.0,1,not_as_described
1853,332,95,8272,ORD-20221102-67538,1,149.0,1,delivery_issue
1854,316,59,10368,ORD-20221102-15076,1,1799.0,1,defective_product
1855,319,61,15158,ORD-20221102-92394,1,999.0,1,changed_mind
1856,327,21,32286,ORD-20221102-42782,1,312.55,1,changed_mind
1857,324,83,17416,ORD-20221102-96825,2,678.3,1,defective_product
1858,326,26,2488,ORD-20221102-23633,1,170.05,1,changed_mind
1859,320,58,24119,ORD-20221102-71368,1,1699.0,1,delivery_issue
1860,324,15,4601,ORD-20221103-48979,1,284.05,1,not_as_described
1861,324,89,35040,ORD-20221103-79747,1,249.0,1,not_as_described
1862,323,21,10588,ORD-20221103-42285,1,296.1,1,compatibility_issue
1863,313,59,47759,ORD-20221103-68432,1,1799.0,1,delivery_issue
1864,319,14,49342,ORD-20221103-86498,1,749.0,1,changed_mind
1865,323,27,6976,ORD-20221103-87902,2,298.0,1,changed_mind
1866,317,79,46388,ORD-20221103-44487,1,899.0,1,delivery_issue
1867,320,5,8404,ORD-20221103-71751,1,1499.0,1,compatibility_issue
1868,321,10,5669,ORD-20221103-35958,1,2799.0,1,defective_product
1869,328,28,27975,ORD-20221103-24088,1,236.55,1,defective_product
1870,336,45,36765,ORD-20221103-76771,1,799.0,1,compatibility_issue
1871,333,21,22388,ORD-20221103-81964,1,329.0,1,not_as_described
1872,318,95,46447,ORD-20221103-44503,1,149.0,1,delivery_issue
1873,320,19,5158,ORD-20221103-80885,1,399.0,1,delivery_issue
1874,322,35,32059,ORD-20221104-44071,2,1328.1,1,defective_product
1875,326,12,45124,ORD-20221104-55604,1,899.0,1,compatibility_issue
1876,318,72,11931,ORD-20221104-21297,1,129.0,1,defective_product
1877,316,44,13921,ORD-20221104-14583,1,899.0,1,changed_mind
1878,338,67,1106,ORD-20221104-30997,1,999.0,1,changed_mind
1879,320,11,1616,ORD-20221104-28926,1,404.1,1,defective_product
1880,328,80,20888,ORD-20221104-12918,1,1044.05,1,defective_product
1881,315,19,1937,ORD-20221104-48241,1,399.0,1,not_as_described
1882,329,28,30514,ORD-20221104-88137,1,249.0,1,defective_product
1883,311,52,20511,ORD-20221104-79952,1,349.0,1,defective_product
1884,332,56,2861,ORD-20221105-71361,2,4178.1,1,delivery_issue
1885,335,82,39149,ORD-20221105-77698,2,1613.1,1,delivery_issue
1886,329,24,6097,ORD-20221105-14763,1,279.0,1,not_as_described
1887,321,70,43810,ORD-20221105-87073,1,103.2,1,changed_mind
1888,315,18,34474,ORD-20221105-77439,1,509.15,1,compatibility_issue
1889,313,16,36006,ORD-20221105-93029,1,404.1,1,wrong_item
1890,333,35,6814,ORD-20221105-25552,1,594.15,1,compatibility_issue
1891,332,89,29012,ORD-20221105-70326,1,249.0,1,delivery_issue
1892,334,6,29024,ORD-20221105-34279,1,1869.15,1,defective_product
1893,329,48,35846,ORD-20221105-75241,1,594.15,1,not_as_described
1894,336,57,42374,ORD-20221105-36452,1,1899.05,1,delivery_issue
1895,337,59,12691,ORD-20221106-37794,1,1709.05,1,delivery_issue
1896,336,85,4145,ORD-20221106-41795,1,381.65,1,delivery_issue
1897,320,73,18575,ORD-20221106-30308,1,98.1,1,delivery_issue
1898,331,14,31686,ORD-20221106-75638,1,636.65,1,defective_product
1899,313,5,33326,ORD-20221106-26784,1,1349.1,1,not_as_described
1900,318,18,24513,ORD-20221106-57860,1,569.05,1,changed_mind
1901,335,9,26593,ORD-20221106-46055,1,1039.2,1,not_as_described
1902,327,88,11927,ORD-20221106-76267,1,699.0,1,defective_product
1903,313,90,6398,ORD-20221106-74021,1,849.0,1,changed_mind
1904,324,90,36077,ORD-20221106-70854,1,849.0,1,delivery_issue
1905,332,6,38769,ORD-20221106-10040,2,4178.1,1,defective_product
1906,317,11,2327,ORD-20221106-60345,1,449.0,1,not_as_described
1907,315,90,2518,ORD-20221107-91095,1,849.0,1,defective_product
1908,318,59,45769,ORD-20221107-71866,1,1799.0,1,changed_mind
1909,338,11,17934,ORD-20221107-98326,1,449.0,1,wrong_item
1910,332,62,36806,ORD-20221107-97213,1,1169.1,1,defective_product
1911,326,18,4155,ORD-20221107-66638,1,599.0,1,defective_product
1912,321,92,35779,ORD-20221107-74480,1,1097.1,1,defective_product
1913,338,72,1128,ORD-20221107-62745,1,116.1,1,changed_mind
1914,321,63,37200,ORD-20221108-75663,1,1599.0,1,not_as_described
1915,318,80,43722,ORD-20221108-59251,1,1099.0,1,not_as_described
1916,331,78,8450,ORD-20221108-17578,1,1349.0,1,compatibility_issue
1917,331,73,35131,ORD-20221108-27844,1,98.1,1,compatibility_issue
1918,329,69,18888,ORD-20221109-15262,1,122.55,1,delivery_issue
1919,321,78,37860,ORD-20221109-39380,2,2698.0,1,defective_product
1920,341,12,1322,ORD-20221109-10723,1,899.0,1,wrong_item
1921,330,26,287,ORD-20221109-44131,1,179.0,1,defective_product
1922,334,43,11505,ORD-20221109-38454,1,1424.05,1,defective_product
1923,319,19,33433,ORD-20221109-81450,1,399.0,1,wrong_item
1924,325,30,17604,ORD-20221109-69086,1,1299.0,1,defective_product
1925,324,83,7005,ORD-20221109-91243,1,359.1,1,changed_mind
1926,328,6,32710,ORD-20221109-79148,1,2199.0,1,changed_mind
1927,331,34,44078,ORD-20221110-98778,1,949.05,1,not_as_described
1928,343,18,11589,ORD-20221110-12228,1,599.0,1,defective_product
1929,329,6,36508,ORD-20221110-39645,1,2199.0,1,compatibility_issue
1930,326,27,43448,ORD-20221110-67794,1,149.0,1,defective_product
1931,326,8,2131,ORD-20221110-71037,1,1799.0,1,changed_mind
1932,321,71,36771,ORD-20221110-46043,1,79.0,1,not_as_described
1933,337,25,8500,ORD-20221110-94393,1,199.0,1,defective_product
1934,341,23,41195,ORD-20221111-94087,1,179.0,1,defective_product
1935,332,82,9906,ORD-20221111-50790,1,849.0,1,defective_product
1936,321,1,18327,ORD-20221111-65323,2,2598.0,1,defective_product
1937,345,26,9430,ORD-20221111-54516,1,179.0,1,changed_mind
1938,334,87,30840,ORD-20221111-95278,1,299.0,1,delivery_issue
1939,318,21,45652,ORD-20221111-66814,1,329.0,1,changed_mind
1940,342,22,3529,ORD-20221112-39314,1,299.0,1,delivery_issue
1941,343,40,29875,ORD-20221112-11705,1,749.0,1,not_as_described
1942,334,22,46024,ORD-20221112-88404,1,209.3,1,delivery_issue
1943,346,93,26654,ORD-20221112-63681,1,59.0,1,defective_product
1944,328,16,18451,ORD-20221112-23770,1,426.55,1,changed_mind
1945,323,78,47140,ORD-20221112-59866,1,1214.1,1,not_as_described
1946,346,79,44762,ORD-20221112-73523,1,899.0,1,changed_mind
1947,322,92,11970,ORD-20221112-47189,1,1036.15,1,changed_mind
1948,320,60,22873,ORD-20221113-27527,1,1199.0,1,not_as_described
1949,335,92,21790,ORD-20221113-21791,1,853.3,1,delivery_issue
1950,327,72,2181,ORD-20221113-25576,1,129.0,1,defective_product
1951,337,73,13878,ORD-20221113-50090,1,109.0,1,wrong_item
1952,342,21,6088,ORD-20221113-72045,1,230.3,1,compatibility_issue
1953,336,6,9328,ORD-20221113-97549,1,1869.15,1,not_as_described
1954,341,74,7685,ORD-20221113-91227,1,299.0,1,wrong_item
1955,329,72,49753,ORD-20221113-15491,1,122.55,1,delivery_issue
1956,327,85,22601,ORD-20221113-20943,1,449.0,1,delivery_issue
1957,320,76,23454,ORD-20221113-90063,1,1129.65,1,delivery_issue
1958,339,92,33885,ORD-20221113-11377,1,1158.05,1,changed_mind
1959,343,8,23036,ORD-20221113-47202,1,1709.05,1,defective_product
1960,327,17,4004,ORD-20221113-10646,1,629.1,1,changed_mind
1961,340,97,5304,ORD-20221113-61323,1,299.0,1,wrong_item
1962,339,18,39359,ORD-20221113-23785,2,1078.2,1,defective_product
1963,343,97,22304,ORD-20221113-46630,1,284.05,1,defective_product
1964,322,94,43620,ORD-20221113-20259,1,99.0,1,compatibility_issue
1965,321,40,16448,ORD-20221114-38636,1,711.55,1,defective_product
1966,338,12,18917,ORD-20221114-89795,1,899.0,1,changed_mind
1967,322,23,35225,ORD-20221114-30137,2,340.1,1,defective_product
1968,342,63,6883,ORD-20221114-26903,1,1439.1,1,compatibility_issue
1969,325,93,28556,ORD-20221114-35058,1,56.05,1,defective_product
1970,332,2,1935,ORD-20221114-32991,1,2499.0,1,changed_mind
1971,331,19,40772,ORD-20221114-19401,1,399.0,1,changed_mind
1972,332,84,12227,ORD-20221114-50123,2,1618.2,1,delivery_issue
1973,347,17,27771,ORD-20221115-43995,1,699.0,1,defective_product
1974,328,2,44464,ORD-20221115-49672,1,2499.0,1,delivery_issue
1975,332,36,32922,ORD-20221115-57518,1,539.1,1,not_as_described
1976,332,92,25707,ORD-20221115-30014,1,1219.0,1,not_as_described
1977,333,94,13241,ORD-20221115-98858,1,89.1,1,defective_product
1978,336,67,48723,ORD-20221115-29756,1,999.0,1,wrong_item
1979,329,9,25884,ORD-20221115-75322,3,3897.0,1,delivery_issue
1980,336,72,46673,ORD-20221115-22181,1,129.0,1,changed_mind
1981,348,93,26186,ORD-20221115-70411,1,56.05,1,changed_mind
1982,325,35,22446,ORD-20221115-10051,1,699.0,1,defective_product
1983,345,3,9717,ORD-20221115-11777,2,998.0,1,changed_mind
1984,334,14,597,ORD-20221115-70804,1,749.0,1,delivery_issue
1985,336,95,6616,ORD-20221115-61616,1,149.0,1,defective_product
1986,344,27,20903,ORD-20221115-62385,1,149.0,1,compatibility_issue
1987,327,85,4334,ORD-20221116-56581,1,449.0,1,defective_product
1988,338,26,19246,ORD-20221116-50062,1,179.0,1,changed_mind
1989,327,70,43054,ORD-20221116-61647,1,122.55,1,changed_mind
1990,341,84,11847,ORD-20221116-76961,1,854.05,1,not_as_described
1991,335,11,37076,ORD-20221116-47984,1,449.0,1,compatibility_issue
1992,332,63,22740,ORD-20221116-88889,1,1599.0,1,changed_mind
1993,342,81,28319,ORD-20221116-52831,1,799.0,1,changed_mind
1994,328,28,41082,ORD-20221116-36841,1,249.0,1,delivery_issue
1995,345,20,13545,ORD-20221117-77681,1,314.1,1,not_as_described
1996,348,67,3123,ORD-20221117-38482,1,999.0,1,delivery_issue
1997,341,59,18290,ORD-20221117-73577,1,1799.0,1,not_as_described
1998,344,85,18040,ORD-20221117-95400,1,404.1,1,wrong_item
1999,351,46,30713,ORD-20221117-14014,1,499.0,1,changed_mind
2000,332,27,2972,ORD-20221117-50433,1,149.0,1,defective_product
2001,330,91,32260,ORD-20221117-34316,1,737.1,1,wrong_item
2002,349,71,25054,ORD-20221117-82310,1,79.0,1,delivery_issue
2003,344,18,37502,ORD-20221117-78721,1,599.0,1,wrong_item
2004,345,79,44644,ORD-20221117-55555,1,899.0,1,defective_product
2005,341,8,3749,ORD-20221117-66029,1,1799.0,1,defective_product
2006,340,69,30162,ORD-20221117-16706,1,129.0,1,compatibility_issue
2007,327,41,28780,ORD-20221117-12118,2,1098.0,1,defective_product
2008,339,68,20642,ORD-20221117-26049,1,109.0,1,defective_product
2009,349,24,18269,ORD-20221118-68417,1,279.0,1,delivery_issue
2010,332,76,7614,ORD-20221118-92280,1,1329.0,1,wrong_item
2011,350,14,11267,ORD-20221118-68369,1,749.0,1,changed_mind
2012,337,98,23660,ORD-20221118-83291,1,249.0,1,not_as_described
2013,351,45,19425,ORD-20221118-45629,1,759.05,1,delivery_issue
2014,330,42,14464,ORD-20221118-24546,1,1199.0,1,changed_mind
2015,343,73,45989,ORD-20221118-86032,1,109.0,1,delivery_issue
2016,337,72,46844,ORD-20221119-32588,1,109.65,1,not_as_described
2017,347,76,24389,ORD-20221119-72271,1,1196.1,1,defective_product
2018,348,4,41467,ORD-20221119-45479,1,349.0,1,defective_product
2019,336,71,9780,ORD-20221119-96009,1,79.0,1,not_as_described
2020,341,70,10201,ORD-20221119-17808,1,109.65,1,compatibility_issue
2021,334,72,340,ORD-20221119-75735,1,122.55,1,compatibility_issue
2022,350,29,45511,ORD-20221119-71670,1,799.2,1,compatibility_issue
2023,338,95,11641,ORD-20221119-92464,1,126.65,1,defective_product
2024,348,69,39091,ORD-20221119-73351,1,109.65,1,changed_mind
2025,345,63,38973,ORD-20221119-90079,1,1279.2,1,not_as_described
2026,327,16,37832,ORD-20221119-85110,1,426.55,1,compatibility_issue
2027,340,1,3062,ORD-20221119-84788,1,1169.1,1,delivery_issue
2028,350,83,48534,ORD-20221119-10149,1,319.2,1,defective_product
2029,330,80,5178,ORD-20221119-62937,1,1099.0,1,not_as_described
2030,332,2,8152,ORD-20221119-66353,1,2499.0,1,delivery_issue
2031,339,5,25241,ORD-20221119-65085,1,1199.2,1,changed_mind
2032,343,79,39990,ORD-20221119-40952,1,809.1,1,compatibility_issue
2033,350,92,19915,ORD-20221119-97473,1,1219.0,1,defective_product
2034,341,17,27480,ORD-20221119-13419,1,664.05,1,defective_product
2035,339,29,25486,ORD-20221119-99985,1,899.1,1,wrong_item
2036,347,95,33330,ORD-20221119-47352,1,141.55,1,not_as_described
2037,348,80,17845,ORD-20221119-38211,1,934.15,1,wrong_item
2038,331,97,5206,ORD-20221120-42820,1,299.0,1,compatibility_issue
2039,335,69,12930,ORD-20221120-70446,1,116.1,1,changed_mind
2040,335,57,11135,ORD-20221120-14237,1,1799.1,1,not_as_described
2041,337,23,38815,ORD-20221120-99762,1,170.05,1,defective_product
2042,333,26,20828,ORD-20221120-45606,1,161.1,1,defective_product
2043,350,86,20071,ORD-20221120-15283,2,1438.4,1,defective_product
2044,343,60,45099,ORD-20221120-82580,1,1079.1,1,delivery_issue
2045,330,62,14298,ORD-20221120-60241,1,1299.0,1,wrong_item
2046,333,4,27462,ORD-20221120-79154,1,349.0,1,defective_product
2047,333,8,30176,ORD-20221120-92821,1,1799.0,1,compatibility_issue
2048,329,13,6419,ORD-20221120-22101,1,314.1,1,not_as_described
2049,337,37,5935,ORD-20221120-30210,1,639.2,1,not_as_described
2050,332,59,20518,ORD-20221121-63360,1,1529.15,1,not_as_described
2051,337,85,2274,ORD-20221121-62588,1,426.55,1,compatibility_issue
2052,346,82,19909,ORD-20221121-71415,1,764.1,1,defective_product
2053,329,60,47507,ORD-20221121-93624,1,1019.15,1,not_as_described
2054,349,74,6942,ORD-20221121-92292,1,299.0,1,not_as_described
2055,351,98,45140,ORD-20221121-94184,1,249.0,1,defective_product
2056,350,61,42919,ORD-20221121-60467,1,849.15,1,not_as_described
2057,341,67,42795,ORD-20221121-19808,1,949.05,1,not_as_described
2058,339,71,9863,ORD-20221121-43655,3,201.45,1,not_as_described
2059,332,17,34331,ORD-20221121-11682,1,664.05,1,defective_product
2060,351,43,31748,ORD-20221121-35266,1,1274.15,1,wrong_item
2061,329,44,27313,ORD-20221121-23444,1,764.15,1,compatibility_issue
2062,346,75,31459,ORD-20221121-94213,1,314.1,1,delivery_issue
2063,329,38,13192,ORD-20221121-15071,1,699.0,1,not_as_described
2064,347,27,36600,ORD-20221121-41289,3,402.3,1,changed_mind
2065,336,73,7913,ORD-20221122-71563,1,103.55,1,delivery_issue
2066,342,73,25438,ORD-20221122-90613,1,103.55,1,defective_product
2067,332,13,17862,ORD-20221122-92121,1,296.65,1,changed_mind
2068,350,58,3107,ORD-20221122-94646,1,1444.15,1,delivery_issue
2069,335,80,41463,ORD-20221122-84959,1,1099.0,1,compatibility_issue
2070,345,85,9965,ORD-20221122-83168,1,404.1,1,changed_mind
2071,340,59,15211,ORD-20221122-86105,1,1799.0,1,defective_product
2072,356,22,45630,ORD-20221122-52906,1,284.05,1,defective_product
2073,336,20,29902,ORD-20221122-90638,1,349.0,1,not_as_described
2074,340,10,18809,ORD-20221122-95475,1,2799.0,1,changed_mind
2075,342,56,24403,ORD-20221122-72281,1,1869.15,1,delivery_issue
2076,341,3,33366,ORD-20221122-18022,1,449.1,1,compatibility_issue
2077,341,98,27986,ORD-20221122-10768,1,236.55,1,not_as_described
2078,330,36,1659,ORD-20221123-64110,1,599.0,1,changed_mind
2079,347,24,35642,ORD-20221123-51091,1,251.1,1,defective_product
2080,335,65,8289,ORD-20221123-16141,1,1599.0,1,changed_mind
2081,334,38,271,ORD-20221123-42240,1,629.1,1,not_as_described
2082,338,73,47995,ORD-20221123-71372,1,109.0,1,changed_mind
2083,346,38,40348,ORD-20221123-63766,1,699.0,1,defective_product
2084,340,85,42264,ORD-20221123-69639,1,449.0,1,delivery_issue
2085,330,19,36931,ORD-20221123-40054,1,379.05,1,delivery_issue
2086,340,40,35990,ORD-20221123-56867,2,1348.2,1,defective_product
2087,339,41,34216,ORD-20221124-42702,1,494.1,1,compatibility_issue
2088,346,92,36409,ORD-20221124-86244,1,975.2,1,defective_product
2089,356,64,36232,ORD-20221124-11945,1,699.0,1,defective_product
2090,347,51,42825,ORD-20221124-72221,2,1018.3,1,defective_product
2091,356,97,3348,ORD-20221124-64982,1,254.15,1,defective_product
2092,342,30,47394,ORD-20221124-38880,1,1169.1,1,defective_product
2093,336,72,49603,ORD-20221124-74632,1,103.2,1,defective_product
2094,343,38,40789,ORD-20221124-32614,1,664.05,1,not_as_described
2095,355,26,41833,ORD-20221124-66671,1,143.2,1,changed_mind
2096,336,74,6933,ORD-20221124-39553,1,284.05,1,not_as_described
2097,340,5,30232,ORD-20221125-41453,1,1349.1,1,wrong_item
2098,337,94,12331,ORD-20221125-75343,1,89.1,1,defective_product
2099,359,92,809,ORD-20221125-94036,1,975.2,1,not_as_described
2100,334,14,17369,ORD-20221125-75462,1,674.1,1,defective_product
2101,342,92,2730,ORD-20221125-91439,2,2316.1,1,wrong_item
2102,342,40,45827,ORD-20221125-53529,1,674.1,1,defective_product
2103,348,79,5769,ORD-20221125-80189,1,764.15,1,changed_mind
2104,346,71,40229,ORD-20221125-28632,1,67.15,1,delivery_issue
2105,337,97,44795,ORD-20221125-10807,1,254.15,1,defective_product
2106,353,68,12719,ORD-20221125-85854,1,109.0,1,delivery_issue
2107,359,1,23383,ORD-20221125-61957,1,1299.0,1,defective_product
2108,336,74,46585,ORD-20221125-55579,1,299.0,1,wrong_item
2109,349,29,25447,ORD-20221125-67255,1,899.1,1,defective_product
2110,335,73,27674,ORD-20221125-38208,1,109.0,1,not_as_described
2111,342,55,49544,ORD-20221125-51537,1,1049.3,1,compatibility_issue
2112,335,60,43644,ORD-20221125-90674,1,1079.1,1,defective_product
2113,358,72,5232,ORD-20221125-88401,2,206.4,1,not_as_described
2114,346,76,11655,ORD-20221125-78473,1,1129.65,1,defective_product
2115,333,36,45249,ORD-20221125-69349,1,419.3,1,defective_product
2116,335,96,32326,ORD-20221125-85134,1,169.15,1,delivery_issue
2117,352,97,29219,ORD-20221125-41482,1,299.0,1,not_as_described
2118,336,5,685,ORD-20221125-32721,1,1349.1,1,defective_product
2119,342,92,46338,ORD-20221125-51790,1,1097.1,1,not_as_described
2120,342,39,42713,ORD-20221125-26359,1,1329.05,1,compatibility_issue
2121,348,34,19255,ORD-20221125-20304,1,899.1,1,not_as_described
2122,348,34,16495,ORD-20221125-49965,1,799.2,1,changed_mind
2123,351,18,49319,ORD-20221125-38973,2,1018.3,1,defective_product
2124,342,95,2309,ORD-20221125-90449,1,141.55,1,changed_mind
2125,341,97,6263,ORD-20221125-73924,1,299.0,1,not_as_described
2126,338,18,31495,ORD-20221125-24526,1,599.0,1,changed_mind
2127,343,63,44762,ORD-20221125-48403,1,1119.3,1,wrong_item
2128,351,92,44163,ORD-20221126-99931,2,2438.0,1,defective_product
2129,360,46,10666,ORD-20221126-33523,1,499.0,1,compatibility_issue
2130,342,66,35238,ORD-20221126-71513,1,809.1,1,not_as_described
2131,341,24,35291,ORD-20221126-65570,2,530.1,1,defective_product
2132,352,77,32577,ORD-20221126-39568,1,1029.0,1,not_as_described
2133,340,97,28818,ORD-20221126-71343,1,254.15,1,not_as_described
2134,352,73,40856,ORD-20221126-84851,1,92.65,1,changed_mind
2135,345,36,1811,ORD-20221126-30162,1,599.0,1,changed_mind
2136,343,59,6039,ORD-20221126-49140,1,1619.1,1,wrong_item
2137,345,14,27115,ORD-20221126-45672,1,711.55,1,delivery_issue
2138,358,56,1150,ORD-20221126-60926,1,1539.3,1,compatibility_issue
2139,352,36,44616,ORD-20221127-89881,1,599.0,1,wrong_item
2140,350,18,1941,ORD-20221127-71865,2,1198.0,1,changed_mind
2141,360,73,41201,ORD-20221127-15491,1,92.65,1,defective_product
2142,350,54,2037,ORD-20221127-86202,2,168.3,1,changed_mind
2143,342,20,47343,ORD-20221127-69402,2,698.0,1,not_as_described
2144,356,38,48605,ORD-20221127-26307,1,664.05,1,changed_mind
2145,349,73,4154,ORD-20221127-17127,1,103.55,1,changed_mind
2146,353,67,17577,ORD-20221127-36555,1,999.0,1,wrong_item
2147,343,79,24481,ORD-20221127-34455,1,629.3,1,compatibility_issue
2148,336,73,17557,ORD-20221127-65615,1,92.65,1,changed_mind
2149,358,12,40458,ORD-20221127-97113,1,899.0,1,changed_mind
2150,361,80,43012,ORD-20221127-80973,1,1099.0,1,wrong_item
2151,344,33,13710,ORD-20221127-18327,1,719.1,1,defective_product
2152,341,68,5705,ORD-20221127-70649,1,109.0,1,not_as_described
2153,341,23,12082,ORD-20221127-78257,1,179.0,1,changed_mind
2154,343,79,43482,ORD-20221127-95658,1,899.0,1,wrong_item
2155,357,44,21808,ORD-20221128-26862,1,854.05,1,not_as_described
2156,337,76,36430,ORD-20221128-67866,1,1329.0,1,defective_product
2157,344,69,14336,ORD-20221128-37344,1,129.0,1,not_as_described
2158,356,7,23495,ORD-20221128-74376,1,599.0,1,not_as_described
2159,358,86,32186,ORD-20221128-47900,1,764.15,1,compatibility_issue
2160,354,70,46973,ORD-20221128-25175,1,122.55,1,wrong_item
2161,358,82,22963,ORD-20221128-50368,1,849.0,1,wrong_item
2162,352,96,23004,ORD-20221128-15013,1,199.0,1,compatibility_issue
2163,358,58,457,ORD-20221128-56541,1,1699.0,1,wrong_item
2164,358,56,20949,ORD-20221128-38147,1,2089.05,1,defective_product
2165,359,11,39689,ORD-20221128-44761,2,898.0,1,defective_product
2166,362,48,37819,ORD-20221128-39405,1,699.0,1,changed_mind
2167,347,78,5561,ORD-20221128-23206,1,1281.55,1,changed_mind
2168,357,25,38380,ORD-20221128-14375,1,199.0,1,not_as_described
2169,350,19,34530,ORD-20221129-13132,2,798.0,1,changed_mind
2170,351,72,38503,ORD-20221129-42818,1,129.0,1,changed_mind
2171,343,51,13571,ORD-20221129-56231,1,599.0,1,changed_mind
2172,361,82,25597,ORD-20221129-62434,1,721.65,1,delivery_issue
2173,343,73,22540,ORD-20221129-16116,1,109.0,1,delivery_issue
2174,344,14,24046,ORD-20221129-76925,1,674.1,1,compatibility_issue
2175,347,35,22936,ORD-20221130-61499,1,699.0,1,changed_mind
2176,348,22,32244,ORD-20221130-27920,1,299.0,1,defective_product
2177,352,21,116,ORD-20221130-73109,1,329.0,1,changed_mind
2178,349,74,18405,ORD-20221130-91582,1,299.0,1,defective_product
2179,338,81,615,ORD-20221130-80046,1,799.0,1,changed_mind
2180,347,21,46657,ORD-20221130-88472,1,329.0,1,delivery_issue
2181,343,79,45559,ORD-20221130-13666,1,899.0,1,defective_product
2182,353,73,2221,ORD-20221130-79094,1,103.55,1,not_as_described
2183,352,26,35366,ORD-20221130-24295,1,170.05,1,not_as_described
2184,360,92,7700,ORD-20221130-76195,1,1219.0,1,compatibility_issue
2185,348,79,47507,ORD-20221130-65563,2,1798.0,1,changed_mind
2186,354,95,21563,ORD-20221201-54681,1,104.3,1,delivery_issue
2187,343,8,20314,ORD-20221201-64181,1,1799.0,1,wrong_item
2188,338,72,40437,ORD-20221201-95607,1,109.65,1,wrong_item
2189,338,62,42296,ORD-20221201-47238,1,1234.05,1,changed_mind
2190,351,33,937,ORD-20221201-26892,1,799.0,1,defective_product
2191,347,85,7998,ORD-20221201-27560,1,426.55,1,defective_product
2192,353,93,20506,ORD-20221201-27561,2,112.1,1,defective_product
2193,342,60,26413,ORD-20221201-81538,1,1199.0,1,changed_mind
2194,348,59,25025,ORD-20221201-32587,2,3418.1,1,not_as_described
2195,340,19,26358,ORD-20221201-56401,1,399.0,1,defective_product
2196,362,26,26588,ORD-20221201-18807,1,143.2,1,compatibility_issue
2197,364,53,49570,ORD-20221201-68553,3,402.3,1,defective_product
2198,338,61,12508,ORD-20221201-86977,1,899.1,1,not_as_described
2199,365,79,26906,ORD-20221201-28275,1,899.0,1,delivery_issue
2200,365,52,4860,ORD-20221201-74602,2,593.3,1,not_as_described
2201,342,38,17948,ORD-20221201-59290,1,594.15,1,changed_mind
2202,353,11,4945,ORD-20221201-58255,1,314.3,1,defective_product
2203,342,61,38552,ORD-20221201-44323,2,1898.1,1,delivery_issue
2204,365,17,8019,ORD-20221201-80683,1,594.15,1,changed_mind
2205,354,65,46431,ORD-20221201-14701,1,1599.0,1,not_as_described
2206,343,1,18409,ORD-20221201-10422,1,1039.2,1,changed_mind
2207,361,79,9585,ORD-20221201-21187,1,899.0,1,delivery_issue
2208,359,80,28737,ORD-20221201-58774,1,1044.05,1,defective_product
2209,363,63,19973,ORD-20221201-74053,2,2878.2,1,defective_product
2210,361,54,36582,ORD-20221201-70744,2,198.0,1,not_as_described
2211,361,59,3581,ORD-20221202-37376,1,1799.0,1,compatibility_issue
2212,361,16,11776,ORD-20221202-91734,1,359.2,1,defective_product
2213,359,61,10195,ORD-20221202-24309,1,849.15,1,compatibility_issue
2214,360,64,49737,ORD-20221202-89593,1,699.0,1,changed_mind
2215,353,65,31810,ORD-20221202-94438,1,1519.05,1,changed_mind
2216,342,77,18037,ORD-20221202-89806,1,926.1,1,not_as_described
2217,352,8,42560,ORD-20221202-10689,1,1529.15,1,wrong_item
2218,345,71,23283,ORD-20221202-38142,1,79.0,1,defective_product
2219,357,61,46711,ORD-20221202-47647,1,999.0,1,not_as_described
2220,347,94,22127,ORD-20221202-51075,1,89.1,1,not_as_described
2221,342,85,1125,ORD-20221202-28930,1,359.2,1,defective_product
2222,344,16,22777,ORD-20221202-67864,1,404.1,1,not_as_described
2223,358,93,35579,ORD-20221202-58806,1,59.0,1,delivery_issue
2224,363,80,31943,ORD-20221202-18973,1,934.15,1,compatibility_issue
2225,350,13,20081,ORD-20221202-73178,1,331.55,1,not_as_described
2226,352,61,21622,ORD-20221202-70382,1,899.1,1,defective_product
2227,365,35,6134,ORD-20221202-86745,1,699.0,1,defective_product
2228,353,7,46245,ORD-20221203-14735,1,599.0,1,wrong_item
2229,346,69,14489,ORD-20221203-69572,1,129.0,1,defective_product
2230,351,53,31159,ORD-20221203-51636,1,126.65,1,defective_product
2231,342,59,18591,ORD-20221203-99508,1,1799.0,1,not_as_described
2232,342,85,36263,ORD-20221203-10936,1,449.0,1,not_as_described
2233,346,80,26572,ORD-20221203-70406,1,1044.05,1,changed_mind
2234,362,86,46788,ORD-20221203-55321,1,899.0,1,changed_mind
2235,356,76,13354,ORD-20221203-21176,1,1196.1,1,changed_mind
2236,351,34,2828,ORD-20221203-99618,1,999.0,1,wrong_item
2237,353,86,10826,ORD-20221203-40062,1,719.2,1,changed_mind
2238,357,59,45596,ORD-20221203-31679,1,1259.3,1,changed_mind
2239,353,72,3395,ORD-20221203-58697,1,103.2,1,not_as_described
2240,341,66,17967,ORD-20221203-31774,1,629.3,1,not_as_described
2241,342,89,20518,ORD-20221203-38384,1,211.65,1,defective_product
2242,352,14,39934,ORD-20221203-96758,1,674.1,1,changed_mind
2243,359,59,37300,ORD-20221203-16535,1,1619.1,1,defective_product
2244,360,50,31499,ORD-20221203-85022,1,749.0,1,compatibility_issue
2245,345,59,34427,ORD-20221203-48586,1,1799.0,1,wrong_item
2246,343,8,30810,ORD-20221203-81160,1,1709.05,1,changed_mind
2247,349,29,49029,ORD-20221203-70567,2,1998.0,1,delivery_issue
2248,342,79,24934,ORD-20221203-62406,1,854.05,1,delivery_issue
2249,349,21,33435,ORD-20221203-87502,1,279.65,1,defective_product
2250,360,76,28014,ORD-20221203-26423,1,1262.55,1,changed_mind
2251,341,86,3119,ORD-20221203-47838,1,899.0,1,compatibility_issue
2252,364,18,40547,ORD-20221203-71549,1,419.3,1,not_as_described
2253,346,44,36324,ORD-20221204-94763,1,809.1,1,not_as_described
2254,356,42,15702,ORD-20221204-54243,1,959.2,1,defective_product
2255,359,12,4807,ORD-20221204-77412,1,899.0,1,defective_product
2256,344,69,42090,ORD-20221204-42258,1,103.2,1,wrong_item
2257,344,33,27560,ORD-20221204-63565,1,759.05,1,changed_mind
2258,349,85,23549,ORD-20221204-28513,1,449.0,1,not_as_described
2259,368,73,3386,ORD-20221204-97047,1,109.0,1,delivery_issue
2260,363,80,31617,ORD-20221204-24196,1,1044.05,1,delivery_issue
2261,361,39,2331,ORD-20221204-79935,1,1399.0,1,defective_product
2262,363,90,43731,ORD-20221204-19320,1,679.2,1,defective_product
2263,353,36,16228,ORD-20221204-39002,1,599.0,1,wrong_item
2264,344,91,37677,ORD-20221204-85127,1,819.0,1,compatibility_issue
2265,364,59,16363,ORD-20221205-46931,1,1709.05,1,changed_mind
2266,366,85,42662,ORD-20221205-11108,1,449.0,1,wrong_item
2267,363,82,19261,ORD-20221205-49366,1,594.3,1,defective_product
2268,346,33,25352,ORD-20221205-63184,1,639.2,1,defective_product
2269,348,25,33165,ORD-20221205-58401,1,199.0,1,delivery_issue
2270,356,6,42273,ORD-20221205-20595,1,1979.1,1,changed_mind
2271,351,52,42976,ORD-20221205-23522,1,296.65,1,defective_product
2272,359,80,22322,ORD-20221205-54861,1,1044.05,1,not_as_described
2273,362,79,36511,ORD-20221205-44708,1,854.05,1,delivery_issue
2274,348,80,36667,ORD-20221205-22868,1,1044.05,1,not_as_described
2275,345,8,9923,ORD-20221205-30042,1,1799.0,1,not_as_described
2276,358,91,29652,ORD-20221205-39801,1,737.1,1,defective_product
2277,352,21,17216,ORD-20221205-55194,1,279.65,1,changed_mind
2278,364,89,3370,ORD-20221205-63217,1,174.3,1,defective_product
2279,369,79,16395,ORD-20221205-93933,1,854.05,1,changed_mind
2280,350,41,10111,ORD-20221206-55788,1,439.2,1,changed_mind
2281,357,95,13184,ORD-20221206-90007,3,402.3,1,defective_product
2282,343,86,307,ORD-20221206-17187,1,899.0,1,not_as_described
2283,364,35,9164,ORD-20221206-58432,1,489.3,1,delivery_issue
2284,364,3,20531,ORD-20221206-67074,1,349.3,1,defective_product
2285,348,21,20516,ORD-20221206-14214,1,296.1,1,defective_product
2286,362,74,45249,ORD-20221206-44111,1,299.0,1,not_as_described
2287,366,30,38320,ORD-20221206-79096,1,1234.05,1,wrong_item
2288,363,53,30426,ORD-20221206-70985,2,298.0,1,wrong_item
2289,370,95,28700,ORD-20221206-41643,1,149.0,1,not_as_described
2290,357,50,46491,ORD-20221206-56825,1,636.65,1,defective_product
2291,349,94,35483,ORD-20221206-21749,1,99.0,1,not_as_described
2292,351,92,20985,ORD-20221206-26136,1,853.3,1,defective_product
2293,361,14,17354,ORD-20221206-72584,1,711.55,1,defective_product
2294,369,76,19901,ORD-20221206-17251,1,1262.55,1,not_as_described
2295,352,85,21320,ORD-20221207-52426,1,381.65,1,defective_product
2296,359,89,5984,ORD-20221207-31366,1,236.55,1,defective_product
2297,362,59,29390,ORD-20221207-31838,1,1709.05,1,defective_product
2298,344,96,6226,ORD-20221207-62841,1,199.0,1,defective_product
2299,354,2,8224,ORD-20221207-29274,2,4998.0,1,defective_product
2300,367,32,10110,ORD-20221207-91083,1,809.1,1,wrong_item
2301,370,71,210,ORD-20221207-48200,1,67.15,1,compatibility_issue
2302,356,85,19186,ORD-20221207-82119,1,359.2,1,defective_product
2303,364,20,22615,ORD-20221207-73791,1,296.65,1,defective_product
2304,364,96,8185,ORD-20221207-28123,1,169.15,1,not_as_described
2305,345,17,25766,ORD-20221207-46259,2,1398.0,1,changed_mind
2306,351,71,40751,ORD-20221207-54495,1,71.1,1,changed_mind
2307,344,66,46577,ORD-20221207-84160,1,899.0,1,compatibility_issue
2308,346,22,4708,ORD-20221207-26799,1,269.1,1,defective_product
2309,362,47,24320,ORD-20221208-65606,1,539.1,1,delivery_issue
2310,356,60,26797,ORD-20221208-41503,1,1199.0,1,compatibility_issue
2311,351,8,32191,ORD-20221208-94819,1,1619.1,1,delivery_issue
2312,372,77,13733,ORD-20221208-81091,1,926.1,1,changed_mind
2313,351,54,48997,ORD-20221208-85849,1,79.2,1,compatibility_issue
2314,347,55,14814,ORD-20221208-54318,1,1349.1,1,not_as_described
2315,365,3,16932,ORD-20221208-53379,1,449.1,1,not_as_described
2316,366,3,42959,ORD-20221208-32340,1,499.0,1,wrong_item
2317,361,68,44446,ORD-20221208-63502,1,98.1,1,wrong_item
2318,364,7,41375,ORD-20221209-26953,1,539.1,1,delivery_issue
2319,346,58,39925,ORD-20221209-51305,1,1699.0,1,delivery_issue
2320,362,90,6794,ORD-20221209-42863,1,721.65,1,not_as_described
2321,352,92,21387,ORD-20221209-52507,1,975.2,1,not_as_described
2322,358,65,46335,ORD-20221209-46277,1,1599.0,1,wrong_item
2323,356,92,7574,ORD-20221209-16671,1,1036.15,1,changed_mind
2324,371,18,25136,ORD-20221209-62906,1,569.05,1,compatibility_issue
2325,348,63,1615,ORD-20221209-61767,1,1439.1,1,not_as_described
2326,368,59,10273,ORD-20221209-63856,1,1709.05,1,changed_mind
2327,360,12,15532,ORD-20221209-80817,1,854.05,1,defective_product
2328,362,19,31343,ORD-20221209-44229,1,379.05,1,defective_product
2329,363,72,19646,ORD-20221209-20329,1,116.1,1,wrong_item
2330,358,68,20653,ORD-20221209-39180,1,98.1,1,defective_product
2331,350,48,45545,ORD-20221209-49867,1,559.2,1,defective_product
2332,351,40,8382,ORD-20221209-96016,1,711.55,1,delivery_issue
2333,347,79,21555,ORD-20221210-26977,1,719.2,1,not_as_described
2334,360,38,32876,ORD-20221210-99847,1,699.0,1,delivery_issue
2335,349,65,35505,ORD-20221210-35586,2,2878.2,1,compatibility_issue
2336,348,85,25038,ORD-20221210-76468,1,449.0,1,defective_product
2337,348,46,32626,ORD-20221210-84559,1,449.1,1,not_as_described
2338,365,54,22998,ORD-20221210-12934,1,84.15,1,defective_product
2339,357,53,22013,ORD-20221210-29370,1,141.55,1,not_as_described
2340,373,92,43613,ORD-20221210-24291,1,1097.1,1,not_as_described
2341,372,42,19182,ORD-20221210-26864,1,1139.05,1,wrong_item
2342,362,21,40398,ORD-20221210-40564,1,296.1,1,changed_mind
2343,372,10,7793,ORD-20221210-26506,1,2519.1,1,wrong_item
2344,360,65,37845,ORD-20221210-47446,1,1599.0,1,not_as_described
2345,348,35,29561,ORD-20221210-11638,1,594.15,1,wrong_item
2346,363,96,29083,ORD-20221210-87767,1,179.1,1,wrong_item
2347,349,72,44343,ORD-20221210-90588,1,129.0,1,defective_product
2348,365,68,46106,ORD-20221211-13328,1,98.1,1,not_as_described
2349,359,19,11456,ORD-20221211-64133,1,399.0,1,defective_product
2350,356,97,40455,ORD-20221211-63407,1,239.2,1,changed_mind
2351,359,14,25618,ORD-20221211-39099,1,674.1,1,compatibility_issue
2352,371,78,11807,ORD-20221211-65972,1,1214.1,1,defective_product
2353,371,19,34555,ORD-20221211-41891,1,379.05,1,wrong_item
2354,355,72,33911,ORD-20221211-84701,1,116.1,1,compatibility_issue
2355,357,67,10049,ORD-20221211-91255,1,999.0,1,not_as_described
2356,367,88,25839,ORD-20221211-92260,1,699.0,1,delivery_issue
2357,355,69,41066,ORD-20221211-52073,1,129.0,1,not_as_described
2358,375,36,37144,ORD-20221211-68292,1,569.05,1,delivery_issue
2359,357,92,37595,ORD-20221211-44601,1,1036.15,1,changed_mind
2360,352,34,35496,ORD-20221211-69447,1,949.05,1,changed_mind
2361,374,72,8802,ORD-20221211-38475,1,109.65,1,wrong_item
2362,354,95,7647,ORD-20221212-82016,1,141.55,1,defective_product
2363,366,33,6505,ORD-20221212-63410,1,799.0,1,not_as_described
2364,372,73,24421,ORD-20221212-94996,1,92.65,1,defective_product
2365,352,53,30105,ORD-20221212-73882,1,134.1,1,not_as_described
2366,374,22,32531,ORD-20221212-76194,2,598.0,1,defective_product
2367,371,94,47053,ORD-20221212-84148,1,99.0,1,defective_product
2368,349,97,1554,ORD-20221212-20519,1,284.05,1,not_as_described
2369,372,65,45996,ORD-20221212-25218,1,1439.1,1,wrong_item
2370,371,63,27499,ORD-20221212-91275,1,1599.0,1,wrong_item
2371,376,58,43468,ORD-20221212-39641,1,1699.0,1,delivery_issue
2372,367,80,10761,ORD-20221212-23122,1,1044.05,1,defective_product
2373,352,67,14302,ORD-20221212-39649,1,699.3,1,not_as_described
2374,371,97,2446,ORD-20221212-50046,1,284.05,1,wrong_item
2375,377,29,6328,ORD-20221213-26294,1,799.2,1,not_as_described
2376,361,72,20035,ORD-20221213-93477,1,116.1,1,not_as_described
2377,364,34,40082,ORD-20221213-14639,1,949.05,1,defective_product
2378,353,72,34434,ORD-20221213-36083,1,129.0,1,not_as_described
2379,377,25,44035,ORD-20221213-44734,1,199.0,1,delivery_issue
2380,360,13,31124,ORD-20221213-34520,1,331.55,1,compatibility_issue
2381,361,72,36516,ORD-20221213-12287,1,116.1,1,defective_product
2382,377,76,41408,ORD-20221213-56281,1,1262.55,1,compatibility_issue
2383,359,71,1793,ORD-20221213-67777,1,79.0,1,not_as_described
2384,370,26,48324,ORD-20221213-31080,1,170.05,1,defective_product
2385,364,69,43287,ORD-20221213-58530,1,129.0,1,defective_product
2386,371,39,37908,ORD-20221213-90416,1,1189.15,1,defective_product
2387,363,20,30293,ORD-20221214-56530,1,349.0,1,not_as_described
2388,358,73,32994,ORD-20221214-70832,1,92.65,1,delivery_issue
2389,376,10,31719,ORD-20221214-93253,1,2379.15,1,not_as_described
2390,355,13,48361,ORD-20221214-18787,1,296.65,1,not_as_described
2391,359,21,3009,ORD-20221214-65923,1,329.0,1,wrong_item
2392,360,73,24569,ORD-20221214-59939,1,92.65,1,changed_mind
2393,356,29,40070,ORD-20221214-10206,1,999.0,1,changed_mind
2394,371,6,49376,ORD-20221215-18315,1,2089.05,1,defective_product
2395,377,73,18746,ORD-20221215-84681,1,103.55,1,defective_product
2396,366,68,44988,ORD-20221215-60448,1,87.2,1,defective_product
2397,360,3,32576,ORD-20221215-62043,1,449.1,1,changed_mind
2398,358,79,31041,ORD-20221215-33313,1,899.0,1,not_as_described
2399,358,94,33698,ORD-20221215-48772,1,99.0,1,changed_mind
2400,373,46,38244,ORD-20221215-53310,1,424.15,1,compatibility_issue
2401,367,98,31414,ORD-20221215-21381,1,236.55,1,delivery_issue
2402,379,23,18454,ORD-20221215-79969,1,152.15,1,delivery_issue
2403,371,74,35748,ORD-20221215-27720,1,284.05,1,wrong_item
2404,358,38,48731,ORD-20221215-38042,1,594.15,1,not_as_described
2405,366,22,4484,ORD-20221215-36930,2,568.1,1,compatibility_issue
2406,361,97,15039,ORD-20221215-40167,1,269.1,1,defective_product
2407,376,77,13675,ORD-20221215-16628,1,926.1,1,defective_product
2408,356,42,40360,ORD-20221215-52523,1,959.2,1,changed_mind
2409,364,91,30586,ORD-20221215-27158,1,819.0,1,delivery_issue
2410,364,61,4748,ORD-20221215-91664,2,1898.1,1,not_as_described
2411,376,72,31575,ORD-20221215-42839,1,90.3,1,changed_mind
2412,374,67,30711,ORD-20221216-37103,1,899.1,1,defective_product
2413,354,16,38064,ORD-20221216-31302,1,426.55,1,delivery_issue
2414,376,9,24597,ORD-20221216-24594,1,1104.15,1,changed_mind
2415,363,35,35062,ORD-20221216-53455,1,629.1,1,defective_product
2416,362,69,12609,ORD-20221216-62560,1,116.1,1,changed_mind
2417,363,37,23166,ORD-20221216-80470,1,799.0,1,delivery_issue
2418,355,72,3416,ORD-20221216-33549,1,122.55,1,delivery_issue
2419,376,1,6079,ORD-20221216-10602,1,909.3,1,not_as_described
2420,368,98,26760,ORD-20221217-92256,1,249.0,1,not_as_described
2421,361,25,44776,ORD-20221217-35864,1,199.0,1,changed_mind
2422,379,8,13805,ORD-20221217-18771,2,3598.0,1,changed_mind
2423,363,97,20554,ORD-20221217-41232,1,284.05,1,not_as_described
2424,360,95,37816,ORD-20221217-35983,1,149.0,1,delivery_issue
2425,364,76,47697,ORD-20221217-76355,1,1329.0,1,defective_product
2426,365,94,11041,ORD-20221217-60285,1,94.05,1,changed_mind
2427,372,46,43341,ORD-20221217-71559,2,998.0,1,compatibility_issue
2428,378,96,26708,ORD-20221217-74563,1,179.1,1,defective_product
2429,359,17,21777,ORD-20221217-47200,1,629.1,1,changed_mind
2430,381,30,21435,ORD-20221217-17174,1,1104.15,1,changed_mind
2431,379,22,46959,ORD-20221217-58948,1,299.0,1,defective_product
2432,364,46,25785,ORD-20221217-81823,1,499.0,1,defective_product
2433,363,24,8549,ORD-20221217-12758,1,279.0,1,delivery_issue
2434,377,21,677,ORD-20221218-65118,1,312.55,1,wrong_item
2435,368,37,49089,ORD-20221218-44657,1,759.05,1,not_as_described
2436,381,90,45675,ORD-20221218-20176,1,806.55,1,delivery_issue
2437,368,30,15711,ORD-20221218-10798,1,1104.15,1,delivery_issue
2438,355,67,27656,ORD-20221218-95709,1,849.15,1,not_as_described
2439,363,21,22011,ORD-20221218-98284,1,279.65,1,defective_product
2440,382,16,31549,ORD-20221218-49222,1,381.65,1,delivery_issue
2441,368,73,15215,ORD-20221218-71034,1,92.65,1,delivery_issue
2442,362,59,49763,ORD-20221218-71421,1,1439.2,1,not_as_described
2443,364,45,38656,ORD-20221218-58802,1,719.1,1,delivery_issue
2444,381,39,9084,ORD-20221218-97507,1,1189.15,1,changed_mind
2445,380,79,7671,ORD-20221218-74657,1,719.2,1,wrong_item
2446,370,94,16003,ORD-20221218-12206,1,99.0,1,wrong_item
2447,375,94,19311,ORD-20221218-63452,1,84.15,1,defective_product
2448,361,1,25774,ORD-20221218-30568,1,1299.0,1,compatibility_issue
2449,360,7,49858,ORD-20221218-23194,1,599.0,1,delivery_issue
2450,375,67,22884,ORD-20221218-10543,3,2697.3,1,changed_mind
2451,355,77,36334,ORD-20221218-90776,1,1029.0,1,wrong_item
2452,381,85,30073,ORD-20221218-75741,1,381.65,1,wrong_item
2453,373,25,20368,ORD-20221218-45791,1,169.15,1,not_as_described
2454,367,5,31516,ORD-20221218-81727,1,1349.1,1,delivery_issue
2455,380,76,31193,ORD-20221218-31210,1,1129.65,1,wrong_item
2456,361,35,19846,ORD-20221218-95556,1,629.1,1,compatibility_issue
2457,373,84,46919,ORD-20221218-51808,1,764.15,1,changed_mind
2458,360,38,2558,ORD-20221218-57908,1,629.1,1,delivery_issue
2459,370,94,3153,ORD-20221218-39610,1,89.1,1,compatibility_issue
2460,371,68,8288,ORD-20221219-40470,1,98.1,1,changed_mind
2461,373,1,1515,ORD-20221219-23497,1,1234.05,1,defective_product
2462,358,30,36367,ORD-20221219-16192,1,1104.15,1,changed_mind
2463,383,17,41791,ORD-20221219-42940,1,629.1,1,compatibility_issue
2464,371,87,2373,ORD-20221219-63021,1,284.05,1,delivery_issue
2465,375,19,4176,ORD-20221219-93652,1,399.0,1,not_as_described
2466,383,85,18381,ORD-20221219-71382,1,404.1,1,delivery_issue
2467,369,11,11296,ORD-20221219-25535,1,404.1,1,compatibility_issue
2468,356,68,12454,ORD-20221219-55617,1,109.0,1,changed_mind
2469,370,14,20632,ORD-20221219-28774,1,749.0,1,wrong_item
2470,356,59,33220,ORD-20221219-68598,2,3598.0,1,delivery_issue
2471,370,76,33294,ORD-20221219-38152,1,1262.55,1,defective_product
2472,357,98,27245,ORD-20221219-60579,1,236.55,1,not_as_described
2473,359,11,44428,ORD-20221219-73876,1,426.55,1,not_as_described
2474,365,96,13793,ORD-20221219-14556,1,139.3,1,wrong_item
2475,369,72,28346,ORD-20221219-41776,1,116.1,1,not_as_described
2476,370,90,11709,ORD-20221219-13628,1,721.65,1,delivery_issue
2477,382,92,23199,ORD-20221219-17384,1,1158.05,1,defective_product
2478,383,87,7914,ORD-20221219-97293,1,269.1,1,defective_product
2479,362,67,26155,ORD-20221219-15977,1,999.0,1,compatibility_issue
2480,383,80,19134,ORD-20221219-63251,1,1044.05,1,delivery_issue
2481,358,16,23,ORD-20221220-18890,1,449.0,1,wrong_item
2482,358,92,45587,ORD-20221220-48493,1,1036.15,1,compatibility_issue
2483,376,85,39151,ORD-20221220-11110,1,449.0,1,compatibility_issue
2484,357,61,45169,ORD-20221220-80968,1,849.15,1,changed_mind
2485,365,89,44533,ORD-20221220-10806,1,199.2,1,delivery_issue
2486,380,96,10675,ORD-20221220-77948,1,169.15,1,defective_product
2487,369,75,2991,ORD-20221220-16531,1,314.1,1,delivery_issue
2488,371,76,46796,ORD-20221220-55295,1,1329.0,1,changed_mind
2489,380,78,16412,ORD-20221220-77373,1,944.3,1,changed_mind
2490,375,70,2960,ORD-20221220-37182,1,109.65,1,delivery_issue
2491,359,14,49364,ORD-20221220-71536,1,636.65,1,defective_product
2492,364,63,24941,ORD-20221220-84440,1,1359.15,1,changed_mind
2493,373,21,43149,ORD-20221220-92468,1,329.0,1,changed_mind
2494,378,96,17332,ORD-20221220-74099,1,199.0,1,defective_product
2495,381,20,16646,ORD-20221220-72398,1,296.65,1,delivery_issue
2496,369,73,19132,ORD-20221220-16513,1,87.2,1,delivery_issue
2497,372,10,14679,ORD-20221220-40698,1,2799.0,1,defective_product
2498,358,95,2178,ORD-20221220-32620,2,253.3,1,wrong_item
2499,362,67,27732,ORD-20221220-51256,1,999.0,1,defective_product
2500,376,65,3703,ORD-20221220-78866,1,1599.0,1,delivery_issue
2501,368,77,32299,ORD-20221220-72220,1,926.1,1,not_as_described
2502,362,76,4266,ORD-20221220-36252,1,1262.55,1,wrong_item
2503,371,29,9486,ORD-20221220-69447,1,849.15,1,not_as_described
2504,375,95,26883,ORD-20221220-72296,2,298.0,1,not_as_described
2505,367,40,7830,ORD-20221220-80208,1,599.2,1,changed_mind
2506,373,76,23917,ORD-20221220-48470,1,930.3,1,not_as_described
2507,379,14,7481,ORD-20221220-56970,1,749.0,1,not_as_described
2508,365,87,33368,ORD-20221220-22606,1,239.2,1,not_as_described
2509,369,59,30250,ORD-20221220-27981,1,1709.05,1,defective_product
2510,358,97,49288,ORD-20221220-58673,1,269.1,1,wrong_item
2511,374,5,29596,ORD-20221221-38811,1,1199.2,1,wrong_item
2512,384,66,15584,ORD-20221221-88171,1,809.1,1,not_as_described
2513,371,19,34887,ORD-20221221-13142,1,379.05,1,compatibility_issue
2514,370,90,31698,ORD-20221221-27820,1,806.55,1,delivery_issue
2515,359,35,18136,ORD-20221221-93204,1,664.05,1,not_as_described
2516,375,86,17260,ORD-20221221-95365,1,899.0,1,delivery_issue
2517,367,78,48032,ORD-20221221-72573,1,1349.0,1,delivery_issue
2518,369,73,10583,ORD-20221221-19310,1,98.1,1,not_as_described
2519,384,88,36263,ORD-20221221-19929,1,629.1,1,changed_mind
2520,382,29,49829,ORD-20221221-38645,1,899.1,1,not_as_described
2521,372,74,48836,ORD-20221221-24724,1,284.05,1,not_as_described
2522,377,39,26442,ORD-20221221-45838,1,1119.2,1,not_as_described
2523,377,92,19293,ORD-20221221-11303,1,1219.0,1,defective_product
2524,361,93,39821,ORD-20221221-28612,1,50.15,1,not_as_described
2525,383,64,34048,ORD-20221221-83149,1,664.05,1,defective_product
2526,366,28,22776,ORD-20221221-66522,1,224.1,1,compatibility_issue
2527,365,18,23978,ORD-20221221-49030,1,509.15,1,not_as_described
2528,383,6,7668,ORD-20221222-39170,1,1979.1,1,not_as_described
2529,379,58,2440,ORD-20221222-21526,1,1614.05,1,defective_product
2530,368,76,31611,ORD-20221222-83118,1,1329.0,1,not_as_described
2531,365,85,45564,ORD-20221222-99214,1,426.55,1,not_as_described
2532,360,29,32805,ORD-20221222-27442,1,999.0,1,not_as_described
2533,382,88,38983,ORD-20221222-73358,1,594.15,1,not_as_described
2534,372,8,42478,ORD-20221222-44291,1,1529.15,1,defective_product
2535,380,68,36384,ORD-20221222-99386,1,92.65,1,defective_product
2536,361,76,12021,ORD-20221222-90929,1,1129.65,1,defective_product
2537,360,65,45328,ORD-20221222-29017,1,1599.0,1,changed_mind
2538,375,67,10044,ORD-20221222-71543,1,949.05,1,not_as_described
2539,365,24,29221,ORD-20221222-30675,1,237.15,1,not_as_described
2540,372,78,48029,ORD-20221222-49720,1,1214.1,1,wrong_item
2541,376,74,11139,ORD-20221222-38364,1,284.05,1,not_as_described
2542,371,15,350,ORD-20221222-65475,1,269.1,1,not_as_described
2543,366,67,45908,ORD-20221222-68366,1,699.3,1,defective_product
2544,382,24,2379,ORD-20221222-19873,1,195.3,1,defective_product
2545,369,71,26922,ORD-20221222-61512,1,67.15,1,delivery_issue
2546,370,94,11311,ORD-20221222-97343,1,99.0,1,not_as_described
2547,374,90,37042,ORD-20221222-65077,1,849.0,1,delivery_issue
2548,375,2,35380,ORD-20221222-13189,1,1999.2,1,delivery_issue
2549,364,57,5872,ORD-20221222-53987,1,1999.0,1,changed_mind
2550,363,16,46033,ORD-20221222-38921,1,426.55,1,defective_product
2551,370,67,11342,ORD-20221222-76071,1,999.0,1,defective_product
2552,368,97,17926,ORD-20221222-59578,1,299.0,1,compatibility_issue
2553,371,2,8581,ORD-20221223-23397,1,2499.0,1,wrong_item
2554,384,81,40323,ORD-20221223-97803,1,559.3,1,wrong_item
2555,361,58,49220,ORD-20221223-11839,1,1614.05,1,changed_mind
2556,383,95,13022,ORD-20221223-44788,1,134.1,1,not_as_described
2557,384,95,26395,ORD-20221223-72232,1,141.55,1,compatibility_issue
2558,378,45,9326,ORD-20221223-21951,1,799.0,1,compatibility_issue
2559,373,91,7699,ORD-20221223-97136,1,819.0,1,not_as_described
2560,363,95,47255,ORD-20221223-13984,1,141.55,1,changed_mind
2561,377,3,8519,ORD-20221223-69713,1,399.2,1,changed_mind
2562,360,71,33225,ORD-20221223-64043,1,75.05,1,compatibility_issue
2563,374,13,22563,ORD-20221223-96855,1,296.65,1,wrong_item
2564,371,77,36512,ORD-20221223-30203,1,720.3,1,wrong_item
2565,374,66,34611,ORD-20221223-25287,1,854.05,1,changed_mind
2566,375,80,26024,ORD-20221223-85924,3,3297.0,1,delivery_issue
2567,377,79,2298,ORD-20221223-84927,2,1798.0,1,defective_product
2568,377,21,5167,ORD-20221223-81828,1,230.3,1,defective_product
2569,378,61,38779,ORD-20221224-22701,1,849.15,1,defective_product
2570,387,67,25374,ORD-20221224-68591,1,799.2,1,wrong_item
2571,383,91,7213,ORD-20221224-92993,1,819.0,1,not_as_described
2572,383,82,38295,ORD-20221224-36774,1,849.0,1,changed_mind
2573,368,47,47180,ORD-20221224-86577,1,599.0,1,defective_product
2574,378,87,7640,ORD-20221224-98031,1,269.1,1,compatibility_issue
2575,379,61,990,ORD-20221224-29012,2,1998.0,1,compatibility_issue
2576,379,68,48169,ORD-20221224-52809,1,98.1,1,compatibility_issue
2577,379,81,8427,ORD-20221224-74523,2,1518.1,1,defective_product
2578,374,85,34637,ORD-20221224-96696,1,449.0,1,not_as_described
2579,366,14,31966,ORD-20221224-74439,1,711.55,1,changed_mind
2580,370,64,6093,ORD-20221224-11229,1,699.0,1,not_as_described
2581,381,4,43791,ORD-20221224-52074,1,279.2,1,delivery_issue
2582,380,85,8752,ORD-20221224-81683,1,449.0,1,changed_mind
2583,386,79,6139,ORD-20221224-38943,1,719.2,1,delivery_issue
2584,387,50,22283,ORD-20221224-73810,1,711.55,1,defective_product
2585,362,13,26548,ORD-20221224-94705,1,349.0,1,not_as_described
2586,388,76,21589,ORD-20221224-67228,1,1196.1,1,not_as_described
2587,370,96,2239,ORD-20221224-29822,1,169.15,1,changed_mind
2588,362,78,7894,ORD-20221224-12725,1,1281.55,1,changed_mind
2589,364,55,40164,ORD-20221224-44271,1,1499.0,1,wrong_item
2590,383,65,35470,ORD-20221225-45296,1,1359.15,1,changed_mind
2591,367,13,28378,ORD-20221225-69339,1,349.0,1,not_as_described
2592,382,91,8013,ORD-20221225-87193,1,819.0,1,changed_mind
2593,368,82,36144,ORD-20221225-16262,1,849.0,1,defective_product
2594,377,25,42717,ORD-20221225-18931,2,398.0,1,not_as_described
2595,367,6,30823,ORD-20221225-30139,1,1979.1,1,delivery_issue
2596,373,33,33954,ORD-20221225-17631,1,719.1,1,delivery_issue
2597,371,71,12043,ORD-20221225-28461,1,67.15,1,changed_mind
2598,370,29,38361,ORD-20221225-57703,1,999.0,1,wrong_item
2599,378,17,6068,ORD-20221225-11266,1,664.05,1,not_as_described
2600,362,14,7925,ORD-20221225-60616,1,599.2,1,delivery_issue
2601,370,8,4325,ORD-20221225-96597,1,1529.15,1,defective_product
2602,367,74,42976,ORD-20221225-11175,1,269.1,1,defective_product
2603,387,4,37794,ORD-20221225-74515,1,244.3,1,changed_mind
2604,385,16,5197,ORD-20221225-51989,1,449.0,1,changed_mind
2605,363,85,29524,ORD-20221225-78370,1,449.0,1,compatibility_issue
2606,371,7,15162,ORD-20221225-76863,1,419.3,1,changed_mind
2607,378,86,45629,ORD-20221225-63777,1,854.05,1,defective_product
2608,383,46,46647,ORD-20221225-69246,1,474.05,1,defective_product
2609,382,33,40116,ORD-20221225-82303,1,639.2,1,changed_mind
2610,363,98,33156,ORD-20221225-54878,1,249.0,1,defective_product
2611,373,24,29069,ORD-20221225-93624,1,265.05,1,defective_product
2612,383,59,46106,ORD-20221226-73063,1,1709.05,1,defective_product
2613,385,82,42679,ORD-20221226-54857,1,806.55,1,not_as_described
2614,384,18,27720,ORD-20221226-99790,1,509.15,1,defective_product
2615,384,88,23901,ORD-20221226-45570,1,629.1,1,delivery_issue
2616,379,14,17346,ORD-20221226-72534,1,636.65,1,not_as_described
2617,387,72,18486,ORD-20221226-94255,1,122.55,1,not_as_described
2618,384,86,29046,ORD-20221226-28085,1,899.0,1,delivery_issue
2619,386,48,28571,ORD-20221226-23308,1,699.0,1,not_as_described
2620,366,15,29224,ORD-20221226-30197,1,299.0,1,defective_product
2621,380,17,41872,ORD-20221227-43080,1,594.15,1,compatibility_issue
2622,385,6,738,ORD-20221227-71498,1,1759.2,1,wrong_item
2623,372,53,27814,ORD-20221227-78013,1,126.65,1,defective_product
2624,389,21,5093,ORD-20221227-59920,1,329.0,1,compatibility_issue
2625,379,76,19583,ORD-20221227-64138,1,1129.65,1,not_as_described
2626,372,95,41765,ORD-20221227-87637,2,298.0,1,changed_mind
2627,375,1,36198,ORD-20221227-45988,1,1169.1,1,defective_product
2628,390,97,19016,ORD-20221227-40074,1,299.0,1,delivery_issue
2629,385,46,15289,ORD-20221227-53874,1,499.0,1,not_as_described
2630,384,74,20956,ORD-20221228-86347,1,284.05,1,changed_mind
2631,377,94,21728,ORD-20221228-22117,1,89.1,1,changed_mind
2632,392,97,29615,ORD-20221228-58473,1,269.1,1,changed_mind
2633,378,92,19319,ORD-20221228-12187,1,1036.15,1,wrong_item
2634,368,93,5278,ORD-20221228-20890,1,47.2,1,defective_product
2635,367,16,35394,ORD-20221228-91465,1,381.65,1,delivery_issue
2636,367,72,46336,ORD-20221228-14844,1,103.2,1,wrong_item
2637,375,87,26190,ORD-20221228-18011,1,299.0,1,changed_mind
2638,386,66,17946,ORD-20221228-46738,1,899.0,1,changed_mind
2639,379,71,11829,ORD-20221228-58709,1,75.05,1,compatibility_issue
2640,391,46,47708,ORD-20221228-15326,1,449.1,1,defective_product
2641,369,79,25014,ORD-20221228-43419,1,809.1,1,defective_product
2642,375,65,30722,ORD-20221228-27054,2,3198.0,1,changed_mind
2643,365,92,38300,ORD-20221228-49043,1,1097.1,1,changed_mind
2644,370,85,15135,ORD-20221228-91849,2,853.1,1,defective_product
2645,392,10,24089,ORD-20221228-66681,1,2799.0,1,compatibility_issue
2646,381,59,41499,ORD-20221228-60057,1,1709.05,1,defective_product
2647,366,45,1248,ORD-20221228-64485,1,799.0,1,delivery_issue
2648,369,90,11420,ORD-20221228-89403,1,849.0,1,not_as_described
2649,387,49,42989,ORD-20221229-31461,1,424.15,1,defective_product
2650,378,83,25836,ORD-20221229-98343,1,399.0,1,delivery_issue
2651,384,92,29481,ORD-20221229-89697,1,1036.15,1,delivery_issue
2652,372,29,48791,ORD-20221229-70757,1,949.05,1,changed_mind
2653,382,71,9540,ORD-20221229-56719,1,67.15,1,delivery_issue
2654,392,5,23890,ORD-20221229-22237,1,1349.1,1,delivery_issue
2655,374,92,2568,ORD-20221229-73908,1,1158.05,1,not_as_described
2656,373,23,44170,ORD-20221229-84774,1,152.15,1,compatibility_issue
2657,390,7,48343,ORD-20221229-59613,2,1078.2,1,delivery_issue
2658,384,42,40152,ORD-20221229-96389,1,959.2,1,not_as_described
2659,368,22,42995,ORD-20221229-50124,2,598.0,1,not_as_described
2660,384,83,26916,ORD-20221229-17245,1,339.15,1,not_as_described
2661,367,10,46192,ORD-20221229-45091,1,2519.1,1,changed_mind
2662,387,27,15560,ORD-20221229-10218,1,149.0,1,defective_product
2663,385,51,5046,ORD-20221230-83508,1,599.0,1,changed_mind
2664,369,82,24923,ORD-20221230-75155,1,721.65,1,defective_product
2665,370,65,4827,ORD-20221230-22482,1,1599.0,1,wrong_item
2666,382,59,29652,ORD-20221230-52775,1,1619.1,1,defective_product
2667,374,80,28115,ORD-20221230-98245,1,934.15,1,delivery_issue
2668,374,73,30026,ORD-20221230-60842,1,103.55,1,wrong_item
2669,386,59,47278,ORD-20221230-98075,1,1709.05,1,compatibility_issue
2670,388,79,47835,ORD-20221230-77008,1,719.2,1,changed_mind
2671,376,91,41753,ORD-20221230-20686,1,737.1,1,changed_mind
2672,386,92,8817,ORD-20221230-37550,1,1219.0,1,wrong_item
2673,377,72,36798,ORD-20221230-47122,1,103.2,1,changed_mind
2674,370,82,21995,ORD-20221230-80445,1,849.0,1,wrong_item
2675,372,15,20716,ORD-20221230-91466,1,254.15,1,delivery_issue
2676,369,29,35353,ORD-20221230-39443,1,999.0,1,delivery_issue
2677,389,74,16212,ORD-20221231-89320,1,269.1,1,changed_mind
2678,380,95,30436,ORD-20221231-20507,1,134.1,1,delivery_issue
2679,378,80,49595,ORD-20221231-56986,1,934.15,1,defective_product
2680,385,40,17025,ORD-20221231-92115,1,749.0,1,not_as_described
2681,386,60,24678,ORD-20221231-76449,1,1199.0,1,wrong_item
2682,376,44,2048,ORD-20221231-64423,1,854.05,1,defective_product
2683,385,89,21654,ORD-20221231-22415,1,211.65,1,compatibility_issue
2684,369,11,47500,ORD-20221231-64699,1,359.2,1,defective_product
2685,373,5,35520,ORD-20221231-87271,1,1274.15,1,delivery_issue
2686,383,19,11402,ORD-20221231-41972,1,399.0,1,defective_product
2687,371,82,21928,ORD-20221231-24880,1,849.0,1,defective_product
2688,374,14,40869,ORD-20221231-44405,1,524.3,1,compatibility_issue
2689,394,93,24616,ORD-20221231-29606,1,50.15,1,changed_mind
2690,383,22,33362,ORD-20221231-25461,1,284.05,1,compatibility_issue
2691,382,5,38308,ORD-20221231-71912,1,1274.15,1,delivery_issue
2692,396,90,47313,ORD-20230101-61656,1,849.0,1,not_as_described
2693,369,15,10131,ORD-20230101-12092,1,299.0,1,defective_product
2694,380,97,12329,ORD-20230101-96182,1,299.0,1,defective_product
2695,389,16,46951,ORD-20230101-86238,1,449.0,1,changed_mind
2696,392,30,23795,ORD-20230101-32647,1,1234.05,1,compatibility_issue
2697,391,76,35661,ORD-20230101-32986,1,1329.0,1,defective_product
2698,391,79,43062,ORD-20230101-60213,1,899.0,1,not_as_described
2699,382,94,27042,ORD-20230101-11940,1,99.0,1,not_as_described
2700,372,91,47597,ORD-20230101-21063,1,819.0,1,defective_product
2701,395,63,22010,ORD-20230101-45232,1,1439.1,1,delivery_issue
2702,391,57,4755,ORD-20230101-67962,1,1799.1,1,changed_mind
2703,386,79,34669,ORD-20230101-26158,1,899.0,1,defective_product
2704,378,61,6713,ORD-20230101-45553,1,999.0,1,changed_mind
2705,382,7,46444,ORD-20230101-10718,1,599.0,1,compatibility_issue
2706,370,24,27055,ORD-20230102-29569,1,279.0,1,defective_product
2707,377,10,12238,ORD-20230102-78040,1,2659.05,1,changed_mind
2708,372,9,35377,ORD-20230102-78293,1,1299.0,1,wrong_item
2709,375,14,9085,ORD-20230102-25087,1,749.0,1,delivery_issue
2710,396,26,24354,ORD-20230102-69894,1,179.0,1,defective_product
2711,375,88,32128,ORD-20230102-29880,1,699.0,1,defective_product
2712,397,1,23417,ORD-20230102-84721,1,1299.0,1,delivery_issue
2713,393,69,2185,ORD-20230102-27876,1,129.0,1,changed_mind
2714,395,67,5025,ORD-20230102-72000,1,999.0,1,defective_product
2715,383,21,1239,ORD-20230103-20633,1,329.0,1,not_as_described
2716,392,8,35892,ORD-20230103-99340,1,1799.0,1,defective_product
2717,389,2,1999,ORD-20230103-45696,1,2499.0,1,changed_mind
2718,385,71,23166,ORD-20230103-22145,1,79.0,1,changed_mind
2719,374,65,37975,ORD-20230103-30384,1,1599.0,1,defective_product
2720,388,74,36462,ORD-20230103-36964,1,299.0,1,defective_product
2721,373,27,41623,ORD-20230103-40640,1,149.0,1,not_as_described
2722,386,71,48287,ORD-20230103-90038,1,79.0,1,wrong_item
2723,388,83,111,ORD-20230103-72530,1,399.0,1,defective_product
2724,373,93,46001,ORD-20230104-65157,1,59.0,1,delivery_issue
2725,372,92,15383,ORD-20230104-58327,1,1219.0,1,not_as_described
2726,384,86,22293,ORD-20230104-57749,1,899.0,1,delivery_issue
2727,386,63,19197,ORD-20230104-82481,2,3198.0,1,changed_mind
2728,375,10,17087,ORD-20230104-10398,1,2799.0,1,defective_product
2729,381,17,1121,ORD-20230104-62228,1,664.05,1,changed_mind
2730,389,9,16011,ORD-20230104-22232,1,1234.05,1,not_as_described
2731,386,80,17993,ORD-20230104-88573,1,1099.0,1,changed_mind
2732,387,8,7097,ORD-20230104-57015,1,1799.0,1,delivery_issue
2733,387,76,10031,ORD-20230104-88716,1,1262.55,1,delivery_issue
2734,380,87,31276,ORD-20230104-74187,1,299.0,1,delivery_issue
2735,395,14,41536,ORD-20230104-94343,1,749.0,1,defective_product
2736,373,85,44176,ORD-20230105-60311,1,449.0,1,changed_mind
2737,387,66,38435,ORD-20230105-65691,3,2562.15,1,delivery_issue
2738,392,67,1502,ORD-20230105-23967,1,999.0,1,defective_product
2739,394,19,19204,ORD-20230106-87022,1,379.05,1,changed_mind
2740,394,35,45285,ORD-20230106-44226,1,699.0,1,compatibility_issue
2741,398,56,36685,ORD-20230106-84588,1,2089.05,1,compatibility_issue
2742,398,15,18990,ORD-20230106-47075,1,299.0,1,changed_mind
2743,391,21,8058,ORD-20230106-79714,1,329.0,1,defective_product
2744,374,12,38392,ORD-20230106-63244,1,809.1,1,delivery_issue
2745,395,6,22931,ORD-20230106-53032,1,2199.0,1,defective_product
2746,374,74,44399,ORD-20230106-52710,1,299.0,1,wrong_item
2747,388,69,26534,ORD-20230106-75386,2,258.0,1,changed_mind
2748,386,67,18466,ORD-20230106-55974,1,999.0,1,defective_product
2749,399,5,17204,ORD-20230107-31783,1,1499.0,1,not_as_described
2750,401,80,16347,ORD-20230107-28593,1,1099.0,1,wrong_item
2751,377,90,31043,ORD-20230107-76984,1,849.0,1,changed_mind
2752,377,16,18308,ORD-20230107-93392,2,898.0,1,defective_product
2753,401,2,20984,ORD-20230107-54526,1,2499.0,1,not_as_described
2754,396,77,21064,ORD-20230107-17314,1,1029.0,1,changed_mind
2755,380,17,23292,ORD-20230107-82278,1,594.15,1,changed_mind
2756,393,97,8999,ORD-20230107-56223,1,299.0,1,not_as_described
2757,393,60,29684,ORD-20230107-63009,1,1199.0,1,not_as_described
2758,385,14,4865,ORD-20230108-61888,1,749.0,1,defective_product
2759,390,60,3607,ORD-20230108-81992,1,1199.0,1,not_as_described
2760,395,18,4766,ORD-20230108-33711,1,599.0,1,changed_mind
2761,394,73,5550,ORD-20230108-52669,1,109.0,1,changed_mind
2762,402,62,40817,ORD-20230108-82176,1,1234.05,1,changed_mind
2763,381,28,24763,ORD-20230108-79621,1,249.0,1,wrong_item
2764,393,63,24525,ORD-20230108-66888,1,1439.1,1,delivery_issue
2765,403,3,18951,ORD-20230108-82460,1,499.0,1,changed_mind
2766,386,85,15661,ORD-20230108-74313,1,404.1,1,compatibility_issue
2767,378,64,10297,ORD-20230108-82164,1,699.0,1,compatibility_issue
2768,396,88,1918,ORD-20230108-40376,1,699.0,1,changed_mind
2769,382,10,18929,ORD-20230108-11710,1,2799.0,1,wrong_item
2770,393,96,40588,ORD-20230108-80113,1,189.05,1,compatibility_issue
2771,397,86,41158,ORD-20230108-59799,1,854.05,1,compatibility_issue
2772,402,14,12076,ORD-20230109-37996,2,1423.1,1,defective_product
2773,390,67,43790,ORD-20230109-37268,2,1998.0,1,delivery_issue
2774,386,71,48696,ORD-20230109-81580,1,67.15,1,not_as_described
2775,395,17,14655,ORD-20230109-86303,1,699.0,1,delivery_issue
2776,386,35,35143,ORD-20230109-94067,1,699.0,1,delivery_issue
2777,395,56,10111,ORD-20230109-95753,1,2199.0,1,wrong_item
2778,400,14,22129,ORD-20230109-47754,1,749.0,1,wrong_item
2779,386,61,18337,ORD-20230109-20385,1,999.0,1,compatibility_issue
2780,390,2,46299,ORD-20230109-79429,1,2499.0,1,not_as_described
2781,391,19,48742,ORD-20230109-67899,1,359.1,1,not_as_described
2782,380,55,28637,ORD-20230109-59200,1,1424.05,1,not_as_described
2783,380,79,37497,ORD-20230110-65204,1,854.05,1,compatibility_issue
2784,398,79,13008,ORD-20230110-10723,1,899.0,1,delivery_issue
2785,385,74,23345,ORD-20230110-47108,1,299.0,1,not_as_described
2786,391,82,7153,ORD-20230110-74085,2,1698.0,1,changed_mind
2787,387,42,4331,ORD-20230110-80764,1,1199.0,1,wrong_item
2788,394,10,8027,ORD-20230110-38216,1,2799.0,1,delivery_issue
2789,405,19,17770,ORD-20230110-21595,1,399.0,1,changed_mind
2790,380,73,29268,ORD-20230110-97870,1,103.55,1,defective_product
2791,391,72,15430,ORD-20230110-94778,1,129.0,1,not_as_described
2792,402,65,961,ORD-20230111-59103,1,1599.0,1,compatibility_issue
2793,396,76,10754,ORD-20230111-86193,1,1329.0,1,compatibility_issue
2794,393,76,43040,ORD-20230111-79725,1,1329.0,1,compatibility_issue
2795,387,17,19894,ORD-20230111-58637,1,699.0,1,compatibility_issue
2796,405,72,9708,ORD-20230111-66323,1,129.0,1,compatibility_issue
2797,384,38,40781,ORD-20230111-32459,1,664.05,1,delivery_issue
2798,405,15,20160,ORD-20230111-93160,1,299.0,1,not_as_described
2799,405,85,43544,ORD-20230111-88400,1,449.0,1,not_as_described
2800,400,6,47209,ORD-20230111-26547,1,2199.0,1,changed_mind
2801,390,17,2359,ORD-20230111-34286,1,664.05,1,not_as_described
2802,405,61,36951,ORD-20230111-23490,1,849.15,1,not_as_described
2803,386,39,16691,ORD-20230112-60502,1,1399.0,1,wrong_item
2804,396,77,3456,ORD-20230112-91418,1,977.55,1,not_as_described
2805,404,72,26078,ORD-20230112-10217,2,258.0,1,not_as_described
2806,396,65,17379,ORD-20230112-15428,1,1439.1,1,changed_mind
2807,387,60,18959,ORD-20230112-80929,1,1199.0,1,not_as_described
2808,402,38,45256,ORD-20230112-87171,1,699.0,1,not_as_described
2809,398,39,48680,ORD-20230112-40947,2,2798.0,1,compatibility_issue
2810,390,73,33247,ORD-20230112-92872,1,109.0,1,not_as_described
2811,399,69,15511,ORD-20230112-56523,1,129.0,1,defective_product
2812,394,59,16269,ORD-20230112-19977,2,3598.0,1,delivery_issue
2813,404,67,27260,ORD-20230113-58747,2,1998.0,1,wrong_item
2814,382,87,20839,ORD-20230113-71643,1,284.05,1,changed_mind
2815,395,45,48986,ORD-20230113-67151,1,799.0,1,changed_mind
2816,384,6,18744,ORD-20230113-48329,1,2199.0,1,defective_product
2817,393,30,29162,ORD-20230113-66003,1,1299.0,1,delivery_issue
2818,382,85,35854,ORD-20230113-62906,1,449.0,1,wrong_item
2819,387,48,8684,ORD-20230113-23808,1,699.0,1,changed_mind
2820,391,62,32215,ORD-20230113-57927,1,1299.0,1,compatibility_issue
2821,402,79,1445,ORD-20230113-76388,1,899.0,1,defective_product
2822,391,68,23376,ORD-20230113-75430,1,109.0,1,delivery_issue
2823,391,35,37639,ORD-20230114-61414,1,699.0,1,defective_product
2824,409,77,45954,ORD-20230114-51105,1,1029.0,1,defective_product
2825,408,52,9717,ORD-20230114-35308,1,331.55,1,delivery_issue
2826,392,62,6809,ORD-20230114-13549,1,1299.0,1,changed_mind
2827,389,5,35168,ORD-20230114-93315,1,1349.1,1,not_as_described
2828,391,67,7620,ORD-20230114-87941,3,2997.0,1,compatibility_issue
2829,396,65,3400,ORD-20230114-87004,1,1599.0,1,changed_mind
2830,385,94,14526,ORD-20230114-80632,1,89.1,1,not_as_described
2831,389,66,42094,ORD-20230114-80569,1,899.0,1,defective_product
2832,406,69,4964,ORD-20230114-37581,1,129.0,1,not_as_described
2833,404,81,41969,ORD-20230114-74336,1,719.1,1,delivery_issue
2834,396,93,12473,ORD-20230114-34437,1,56.05,1,delivery_issue
2835,383,24,30158,ORD-20230114-16873,1,251.1,1,defective_product
2836,408,10,24208,ORD-20230114-70625,1,2799.0,1,defective_product
2837,387,1,3483,ORD-20230114-74741,1,1299.0,1,changed_mind
2838,401,46,8736,ORD-20230114-34095,1,499.0,1,defective_product
2839,404,12,49130,ORD-20230115-47790,1,899.0,1,defective_product
2840,396,24,37997,ORD-20230115-51143,1,279.0,1,not_as_described
2841,399,58,7478,ORD-20230115-25072,1,1529.1,1,compatibility_issue
2842,387,16,44843,ORD-20230115-61201,1,449.0,1,changed_mind
2843,400,75,35751,ORD-20230115-48164,1,349.0,1,not_as_described
2844,401,97,29963,ORD-20230115-85895,1,299.0,1,defective_product
2845,391,17,27439,ORD-20230115-81272,1,699.0,1,defective_product
2846,389,82,21337,ORD-20230115-92480,1,849.0,1,changed_mind
2847,409,24,24432,ORD-20230115-42527,1,279.0,1,defective_product
2848,403,7,35065,ORD-20230115-40206,1,539.1,1,not_as_described
2849,389,52,25776,ORD-20230115-53678,1,349.0,1,wrong_item
2850,401,17,29378,ORD-20230115-54817,1,699.0,1,changed_mind
2851,403,40,28934,ORD-20230115-49310,2,1498.0,1,defective_product
2852,409,45,29880,ORD-20230116-20336,1,799.0,1,changed_mind
2853,395,1,48935,ORD-20230116-54403,1,1299.0,1,defective_product
2854,408,13,13083,ORD-20230117-68017,2,698.0,1,delivery_issue
2855,410,2,43232,ORD-20230117-49176,1,2499.0,1,defective_product
2856,395,37,19846,ORD-20230117-66624,1,799.0,1,changed_mind
2857,410,4,5673,ORD-20230117-70615,1,349.0,1,changed_mind
2858,389,67,11842,ORD-20230118-13647,1,999.0,1,defective_product
2859,386,66,26313,ORD-20230118-29201,1,899.0,1,defective_product
2860,400,63,3026,ORD-20230118-18950,1,1599.0,1,changed_mind
2861,406,95,25567,ORD-20230118-89335,1,149.0,1,not_as_described
2862,389,45,25352,ORD-20230118-83101,1,799.0,1,changed_mind
2863,406,72,157,ORD-20230118-63798,1,122.55,1,not_as_described
2864,396,94,4803,ORD-20230119-99035,1,99.0,1,changed_mind
2865,397,74,29522,ORD-20230119-27130,1,284.05,1,delivery_issue
2866,397,76,6577,ORD-20230119-90613,2,2658.0,1,defective_product
2867,394,21,46733,ORD-20230119-79167,1,329.0,1,not_as_described
2868,407,35,32887,ORD-20230119-44381,1,699.0,1,changed_mind
2869,392,83,5791,ORD-20230120-77016,1,359.1,1,defective_product
2870,389,61,11239,ORD-20230120-94876,1,949.05,1,not_as_described
2871,398,80,15947,ORD-20230120-14203,1,1099.0,1,defective_product
2872,389,92,8391,ORD-20230120-39769,2,2438.0,1,defective_product
2873,409,84,25497,ORD-20230120-89922,1,899.0,1,changed_mind
2874,395,23,45215,ORD-20230120-72415,1,179.0,1,not_as_described
2875,414,61,20053,ORD-20230120-10796,1,999.0,1,not_as_described
2876,392,72,5062,ORD-20230120-37586,1,116.1,1,changed_mind
2877,390,82,4487,ORD-20230121-16429,1,806.55,1,delivery_issue
2878,391,98,32399,ORD-20230121-80235,1,211.65,1,wrong_item
2879,401,1,24256,ORD-20230121-23571,1,1299.0,1,not_as_described
2880,401,80,37898,ORD-20230121-43197,1,1099.0,1,defective_product
2881,405,18,20720,ORD-20230121-83223,1,599.0,1,not_as_described
2882,400,73,44057,ORD-20230121-25373,1,109.0,1,delivery_issue
2883,413,93,43843,ORD-20230121-25341,1,56.05,1,wrong_item
2884,414,76,8613,ORD-20230122-28669,1,1329.0,1,changed_mind
2885,393,72,17368,ORD-20230122-85941,1,129.0,1,defective_product
2886,417,33,29820,ORD-20230123-93338,1,799.0,1,delivery_issue
2887,404,67,13948,ORD-20230123-74895,1,999.0,1,defective_product
2888,394,71,5878,ORD-20230123-38285,1,79.0,1,not_as_described
2889,416,38,33516,ORD-20230124-48471,1,699.0,1,defective_product
2890,408,77,17802,ORD-20230124-87384,1,1029.0,1,delivery_issue
2891,413,79,24379,ORD-20230125-51065,1,899.0,1,not_as_described
2892,411,1,2228,ORD-20230125-71442,1,1299.0,1,defective_product
2893,400,61,46351,ORD-20230125-86499,1,999.0,1,not_as_described
2894,416,4,35873,ORD-20230125-91316,1,349.0,1,defective_product
2895,418,59,44431,ORD-20230125-40816,1,1709.05,1,not_as_described
2896,407,63,1708,ORD-20230125-17900,1,1599.0,1,delivery_issue
2897,406,23,21412,ORD-20230125-35929,1,179.0,1,compatibility_issue
2898,401,97,12008,ORD-20230125-10819,1,299.0,1,delivery_issue
2899,413,35,12952,ORD-20230125-20415,1,629.1,1,wrong_item
2900,401,11,46092,ORD-20230125-47489,1,404.1,1,compatibility_issue
2901,421,93,8239,ORD-20230126-48686,1,59.0,1,changed_mind
2902,394,69,40789,ORD-20230126-38254,1,129.0,1,changed_mind
2903,402,48,42325,ORD-20230126-58526,1,664.05,1,changed_mind
2904,395,11,22877,ORD-20230126-11010,1,449.0,1,changed_mind
2905,420,69,28783,ORD-20230126-10829,1,116.1,1,changed_mind
2906,396,45,40976,ORD-20230126-95293,1,719.1,1,defective_product
2907,396,76,31126,ORD-20230127-31418,1,1196.1,1,not_as_described
2908,404,20,6118,ORD-20230127-52534,1,349.0,1,defective_product
2909,404,10,8470,ORD-20230127-97724,2,5598.0,1,changed_mind
2910,400,80,40638,ORD-20230127-15075,1,1099.0,1,defective_product
2911,419,53,15989,ORD-20230127-24117,1,141.55,1,wrong_item
2912,423,83,14993,ORD-20230128-34718,1,399.0,1,wrong_item
2913,398,73,15309,ORD-20230128-11073,2,207.1,1,compatibility_issue
2914,396,57,11095,ORD-20230128-90444,1,1999.0,1,not_as_described
2915,400,65,40888,ORD-20230128-87680,1,1519.05,1,not_as_described
2916,413,6,46704,ORD-20230128-73445,1,2199.0,1,not_as_described
2917,412,71,37546,ORD-20230128-19350,1,79.0,1,not_as_described
2918,415,1,15396,ORD-20230128-20513,1,1299.0,1,defective_product
2919,414,90,44131,ORD-20230128-66599,1,849.0,1,defective_product
2920,401,90,47557,ORD-20230129-32909,1,764.1,1,defective_product
2921,397,84,25503,ORD-20230129-48750,1,899.0,1,delivery_issue
2922,423,18,22394,ORD-20230129-36903,1,599.0,1,defective_product
2923,401,5,31427,ORD-20230129-86808,3,4497.0,1,defective_product
2924,401,95,23144,ORD-20230129-17561,1,149.0,1,delivery_issue
2925,421,7,26762,ORD-20230129-18883,1,599.0,1,delivery_issue
2926,422,76,66,ORD-20230129-64295,1,1129.65,1,changed_mind
2927,412,66,35485,ORD-20230130-53454,2,1798.0,1,compatibility_issue
2928,411,61,16194,ORD-20230130-88626,1,999.0,1,not_as_described
2929,405,66,49978,ORD-20230130-86906,1,899.0,1,compatibility_issue
2930,420,17,35691,ORD-20230130-36569,1,699.0,1,compatibility_issue
2931,424,49,49371,ORD-20230130-88079,1,499.0,1,changed_mind
2932,406,61,45323,ORD-20230130-53194,1,999.0,1,wrong_item
2933,401,48,40336,ORD-20230130-15113,1,699.0,1,changed_mind
2934,399,14,20181,ORD-20230131-57851,1,711.55,1,wrong_item
2935,424,98,20519,ORD-20230131-87244,1,249.0,1,delivery_issue
2936,414,86,12163,ORD-20230131-59109,1,899.0,1,defective_product
2937,422,93,45942,ORD-20230131-83019,1,59.0,1,not_as_described
2938,420,29,14487,ORD-20230131-93191,2,1998.0,1,not_as_described
2939,420,28,23393,ORD-20230131-81507,1,249.0,1,not_as_described
2940,423,67,21383,ORD-20230201-11221,1,949.05,1,not_as_described
2941,410,74,43045,ORD-20230201-25894,1,299.0,1,not_as_described
2942,410,42,11913,ORD-20230201-41366,2,2398.0,1,changed_mind
2943,416,94,48329,ORD-20230201-69932,1,99.0,1,not_as_described
2944,410,80,37001,ORD-20230202-84854,1,1099.0,1,wrong_item
2945,421,14,30401,ORD-20230202-73216,2,1498.0,1,delivery_issue
2946,407,7,21446,ORD-20230202-25105,1,599.0,1,changed_mind
2947,420,93,38794,ORD-20230202-10447,1,59.0,1,delivery_issue
2948,403,73,8632,ORD-20230202-14930,1,109.0,1,not_as_described
2949,405,44,23644,ORD-20230202-13896,1,899.0,1,defective_product
2950,421,50,21581,ORD-20230202-16077,1,749.0,1,delivery_issue
2951,414,61,37935,ORD-20230203-20090,1,999.0,1,not_as_described
2952,420,39,13930,ORD-20230203-22577,1,1399.0,1,defective_product
2953,408,76,29253,ORD-20230204-73913,1,1329.0,1,not_as_described
2954,428,78,19478,ORD-20230204-43373,1,1349.0,1,not_as_described
2955,430,92,49276,ORD-20230204-65627,1,1219.0,1,delivery_issue
2956,420,87,11100,ORD-20230204-67036,1,299.0,1,wrong_item
2957,426,48,10613,ORD-20230204-72507,1,629.1,1,not_as_described
2958,409,41,24992,ORD-20230204-46234,1,521.55,1,defective_product
2959,426,97,11608,ORD-20230205-80968,1,299.0,1,defective_product
2960,404,34,4039,ORD-20230205-65248,1,999.0,1,changed_mind
2961,413,16,20432,ORD-20230205-33611,1,404.1,1,defective_product
2962,419,25,24935,ORD-20230205-78727,1,199.0,1,changed_mind
2963,406,46,21142,ORD-20230206-38589,1,499.0,1,compatibility_issue
2964,405,35,16024,ORD-20230206-70290,1,699.0,1,changed_mind
2965,428,27,28657,ORD-20230206-80598,1,149.0,1,defective_product
2966,426,51,29363,ORD-20230206-80858,1,599.0,1,not_as_described
2967,417,21,48428,ORD-20230206-63906,1,329.0,1,not_as_described
2968,410,19,16897,ORD-20230206-18735,1,379.05,1,wrong_item
2969,421,67,13341,ORD-20230206-89722,1,999.0,1,defective_product
2970,411,23,27809,ORD-20230206-27538,1,179.0,1,delivery_issue
2971,420,55,17107,ORD-20230206-10236,1,1499.0,1,changed_mind
2972,406,6,16124,ORD-20230207-86661,1,2199.0,1,defective_product
2973,418,48,9531,ORD-20230207-87920,1,699.0,1,delivery_issue
2974,429,92,27118,ORD-20230207-81833,2,2316.1,1,delivery_issue
2975,417,92,23152,ORD-20230207-21282,1,1158.05,1,changed_mind
2976,410,67,26072,ORD-20230207-44405,1,999.0,1,not_as_described
2977,416,73,5577,ORD-20230208-82864,1,109.0,1,changed_mind
2978,415,57,29858,ORD-20230208-53250,1,1999.0,1,delivery_issue
2979,430,91,27977,ORD-20230208-38986,1,819.0,1,delivery_issue
2980,433,91,15612,ORD-20230209-27869,1,819.0,1,changed_mind
2981,417,66,27687,ORD-20230209-32250,1,899.0,1,delivery_issue
2982,410,1,26613,ORD-20230209-46019,1,1299.0,1,compatibility_issue
2983,427,80,41087,ORD-20230209-95183,1,1099.0,1,defective_product
2984,409,68,27732,ORD-20230209-65507,1,109.0,1,not_as_described
2985,425,61,26737,ORD-20230209-53906,1,999.0,1,delivery_issue
2986,433,94,34620,ORD-20230209-16507,1,99.0,1,defective_product
2987,409,67,42797,ORD-20230209-73925,1,999.0,1,defective_product
2988,413,18,34739,ORD-20230209-13033,1,539.1,1,delivery_issue
2989,420,6,39562,ORD-20230210-70901,1,2199.0,1,not_as_described
2990,419,90,1168,ORD-20230210-91725,2,1698.0,1,defective_product
2991,427,26,46009,ORD-20230210-10243,1,179.0,1,defective_product
2992,419,29,32712,ORD-20230210-20801,1,999.0,1,defective_product
2993,433,18,24251,ORD-20230210-16902,1,599.0,1,delivery_issue
2994,410,21,18817,ORD-20230210-39032,1,296.1,1,changed_mind
2995,412,76,20204,ORD-20230210-94141,1,1329.0,1,delivery_issue
2996,411,3,29363,ORD-20230211-50831,1,449.1,1,compatibility_issue
2997,427,67,4263,ORD-20230211-76093,1,999.0,1,not_as_described
2998,415,6,15511,ORD-20230211-77546,1,2089.05,1,defective_product
2999,427,17,47012,ORD-20230211-32153,1,699.0,1,delivery_issue
3000,411,90,32312,ORD-20230212-86079,1,849.0,1,changed_mind
3001,412,97,49686,ORD-20230212-22292,1,299.0,1,not_as_described
3002,421,76,24250,ORD-20230212-25594,1,1329.0,1,delivery_issue
3003,419,95,7957,ORD-20230212-39866,1,126.65,1,defective_product
3004,412,4,48063,ORD-20230213-47477,1,349.0,1,delivery_issue
3005,433,11,45944,ORD-20230213-37177,1,449.0,1,defective_product
3006,426,29,3686,ORD-20230213-70525,1,999.0,1,delivery_issue
3007,437,90,27958,ORD-20230214-91868,1,849.0,1,defective_product
3008,417,14,32337,ORD-20230214-11410,2,1498.0,1,changed_mind
3009,431,31,24077,ORD-20230214-69770,1,1099.0,1,changed_mind
3010,432,97,38500,ORD-20230214-66810,1,299.0,1,delivery_issue
3011,414,92,8269,ORD-20230214-26043,1,1036.15,1,changed_mind
3012,429,1,8695,ORD-20230214-26643,1,1299.0,1,delivery_issue
3013,434,72,37613,ORD-20230214-79823,1,109.65,1,wrong_item
3014,427,18,17216,ORD-20230215-27592,3,1797.0,1,delivery_issue
3015,431,61,41635,ORD-20230215-36382,1,949.05,1,not_as_described
3016,431,52,43295,ORD-20230215-82306,2,663.1,1,delivery_issue
3017,437,91,42689,ORD-20230215-79662,1,819.0,1,wrong_item
3018,438,69,29950,ORD-20230215-47340,2,258.0,1,defective_product
3019,422,73,18819,ORD-20230215-79851,1,109.0,1,changed_mind
3020,441,96,5627,ORD-20230216-15387,1,179.1,1,defective_product
3021,432,21,10757,ORD-20230216-75617,1,329.0,1,changed_mind
3022,436,43,29019,ORD-20230216-95718,2,2698.2,1,not_as_described
3023,423,18,4531,ORD-20230216-20080,2,1198.0,1,changed_mind
3024,423,80,23074,ORD-20230216-25974,1,1099.0,1,changed_mind
3025,426,56,49573,ORD-20230217-89963,1,2199.0,1,defective_product
3026,420,29,41567,ORD-20230217-53282,1,999.0,1,not_as_described
3027,435,61,19291,ORD-20230217-85536,2,1998.0,1,changed_mind
3028,422,19,6988,ORD-20230217-81651,1,379.05,1,compatibility_issue
3029,426,59,16818,ORD-20230217-71146,1,1799.0,1,wrong_item
3030,442,94,3256,ORD-20230217-42010,2,198.0,1,not_as_described
3031,437,48,37261,ORD-20230218-69037,1,594.15,1,wrong_item
3032,424,65,30899,ORD-20230218-16697,1,1599.0,1,defective_product
3033,425,12,14491,ORD-20230218-72852,1,899.0,1,delivery_issue
3034,442,7,49703,ORD-20230218-32384,1,599.0,1,defective_product
3035,420,38,9756,ORD-20230218-27428,1,699.0,1,not_as_described
3036,444,97,21792,ORD-20230218-36296,1,299.0,1,changed_mind
3037,429,4,44983,ORD-20230219-53664,1,349.0,1,defective_product
3038,445,80,16461,ORD-20230219-19332,1,1099.0,1,delivery_issue
3039,445,86,17821,ORD-20230219-24437,2,1798.0,1,delivery_issue
3040,426,76,16738,ORD-20230220-17543,1,1262.55,1,wrong_item
3041,434,7,18697,ORD-20230220-55086,2,1198.0,1,delivery_issue
3042,443,38,40468,ORD-20230220-58202,1,664.05,1,compatibility_issue
3043,428,65,32146,ORD-20230220-56022,1,1599.0,1,not_as_described
3044,424,92,48267,ORD-20230220-75889,1,1219.0,1,defective_product
3045,422,30,30990,ORD-20230220-89740,1,1299.0,1,wrong_item
3046,442,91,10292,ORD-20230220-42309,1,819.0,1,not_as_described
3047,434,97,5480,ORD-20230220-70978,1,284.05,1,changed_mind
3048,442,59,6322,ORD-20230221-23996,1,1799.0,1,not_as_described
3049,420,48,14782,ORD-20230221-91190,1,699.0,1,changed_mind
3050,436,88,43150,ORD-20230221-73686,1,699.0,1,changed_mind
3051,441,4,12288,ORD-20230221-62187,1,349.0,1,defective_product
3052,426,19,30601,ORD-20230221-29842,1,399.0,1,compatibility_issue
3053,431,19,17491,ORD-20230222-47776,1,399.0,1,delivery_issue
3054,437,59,17054,ORD-20230222-18495,1,1799.0,1,delivery_issue
3055,429,80,34168,ORD-20230222-49577,2,2198.0,1,compatibility_issue
3056,425,71,11119,ORD-20230222-79788,1,79.0,1,not_as_described
3057,424,7,27182,ORD-20230222-16622,1,599.0,1,delivery_issue
3058,429,74,13102,ORD-20230223-71773,1,284.05,1,compatibility_issue
3059,449,20,26212,ORD-20230223-85854,1,314.1,1,wrong_item
3060,447,51,28804,ORD-20230223-16092,1,599.0,1,not_as_described
3061,447,63,27980,ORD-20230223-90553,1,1599.0,1,wrong_item
3062,423,7,28481,ORD-20230223-59360,1,569.05,1,compatibility_issue
3063,450,7,9878,ORD-20230224-78324,1,539.1,1,defective_product
3064,448,78,35038,ORD-20230224-74950,1,1349.0,1,defective_product
3065,442,69,43663,ORD-20230224-63812,1,116.1,1,changed_mind
3066,431,7,20690,ORD-20230224-39956,1,599.0,1,wrong_item
3067,432,95,28278,ORD-20230225-95298,1,149.0,1,wrong_item
3068,440,76,14339,ORD-20230225-46065,1,1329.0,1,wrong_item
3069,441,11,2484,ORD-20230225-13740,1,449.0,1,changed_mind
3070,445,8,4265,ORD-20230226-69032,1,1799.0,1,not_as_described
3071,452,93,38105,ORD-20230226-50243,1,56.05,1,defective_product
3072,450,58,6669,ORD-20230226-47338,1,1699.0,1,defective_product
3073,439,25,10771,ORD-20230227-91216,1,199.0,1,delivery_issue
3074,440,26,49545,ORD-20230227-30361,1,170.05,1,wrong_item
3075,438,74,49517,ORD-20230227-22770,1,299.0,1,delivery_issue
3076,443,84,48461,ORD-20230227-75890,1,899.0,1,not_as_described
3077,440,3,37773,ORD-20230227-74178,1,499.0,1,defective_product
3078,441,96,7060,ORD-20230228-45025,1,199.0,1,delivery_issue
3079,448,20,9782,ORD-20230228-22644,1,349.0,1,defective_product
3080,427,1,14685,ORD-20230228-48308,1,1299.0,1,not_as_described
3081,433,26,31558,ORD-20230228-76896,1,152.15,1,defective_product
3082,446,3,1516,ORD-20230228-38610,1,499.0,1,wrong_item
3083,442,1,2543,ORD-20230301-26051,1,1299.0,1,not_as_described
3084,451,47,42635,ORD-20230301-15550,1,599.0,1,delivery_issue
3085,444,77,6921,ORD-20230302-99763,1,1029.0,1,defective_product
3086,434,21,34098,ORD-20230302-72254,1,329.0,1,not_as_described
3087,445,90,39069,ORD-20230302-69600,1,849.0,1,wrong_item
3088,448,10,4902,ORD-20230302-69660,1,2799.0,1,delivery_issue
3089,447,14,42074,ORD-20230302-10175,1,749.0,1,defective_product
3090,433,17,25921,ORD-20230302-21804,1,699.0,1,defective_product
3091,448,19,2939,ORD-20230303-94544,1,359.1,1,changed_mind
3092,445,95,25380,ORD-20230303-41541,1,149.0,1,defective_product
3093,455,54,45856,ORD-20230303-40427,1,99.0,1,defective_product
3094,453,32,43540,ORD-20230303-47505,1,809.1,1,not_as_described
3095,455,95,14077,ORD-20230303-52364,1,141.55,1,compatibility_issue
3096,444,17,5577,ORD-20230304-55522,1,699.0,1,changed_mind
3097,447,65,21509,ORD-20230304-64155,1,1599.0,1,not_as_described
3098,440,80,37552,ORD-20230304-50182,1,1044.05,1,changed_mind
3099,451,15,10248,ORD-20230304-90079,1,299.0,1,not_as_described
3100,432,78,19292,ORD-20230304-60213,1,1214.1,1,defective_product
3101,455,67,17931,ORD-20230305-13128,1,899.1,1,not_as_described
3102,439,6,35597,ORD-20230305-57530,1,2199.0,1,changed_mind
3103,459,36,9489,ORD-20230305-67476,1,599.0,1,defective_product
3104,440,36,25872,ORD-20230305-42259,1,509.15,1,changed_mind
3105,458,10,12883,ORD-20230306-52496,1,2799.0,1,changed_mind
3106,455,45,21531,ORD-20230306-36579,1,799.0,1,wrong_item
3107,457,69,26531,ORD-20230306-26705,1,129.0,1,delivery_issue
3108,461,81,25455,ORD-20230307-97204,1,759.05,1,changed_mind
3109,452,5,46570,ORD-20230307-28412,1,1499.0,1,defective_product
3110,449,80,44378,ORD-20230307-83603,1,1099.0,1,changed_mind
3111,444,93,28484,ORD-20230307-91611,1,59.0,1,compatibility_issue
3112,443,10,41230,ORD-20230307-63401,1,2799.0,1,changed_mind
3113,449,8,39712,ORD-20230308-83031,1,1709.05,1,not_as_described
3114,450,91,5861,ORD-20230308-54612,2,1638.0,1,compatibility_issue
3115,448,8,37130,ORD-20230308-15666,1,1799.0,1,not_as_described
3116,441,95,44516,ORD-20230308-32865,1,149.0,1,delivery_issue
3117,459,94,41220,ORD-20230308-69307,1,99.0,1,defective_product
3118,440,74,45053,ORD-20230309-60701,1,269.1,1,changed_mind
3119,449,76,45947,ORD-20230309-22842,1,1196.1,1,defective_product
3120,458,38,8774,ORD-20230309-37709,1,699.0,1,compatibility_issue
3121,451,19,37114,ORD-20230309-20216,1,379.05,1,not_as_described
3122,461,70,13044,ORD-20230309-65914,1,122.55,1,compatibility_issue
3123,441,20,34871,ORD-20230310-11871,1,349.0,1,compatibility_issue
3124,456,62,17483,ORD-20230310-96074,1,1299.0,1,wrong_item
3125,443,79,10445,ORD-20230310-71972,1,854.05,1,delivery_issue
3126,454,2,19270,ORD-20230311-53315,1,2374.05,1,not_as_described
3127,446,65,32542,ORD-20230311-82964,2,3198.0,1,wrong_item
3128,440,51,20530,ORD-20230311-15747,1,599.0,1,changed_mind
3129,462,62,2788,ORD-20230311-55360,1,1299.0,1,defective_product
3130,453,19,36724,ORD-20230311-60836,1,399.0,1,defective_product
3131,460,74,15624,ORD-20230311-83326,1,299.0,1,delivery_issue
3132,449,26,33436,ORD-20230312-76653,1,179.0,1,wrong_item
3133,448,5,18027,ORD-20230312-10349,1,1499.0,1,not_as_described
3134,465,34,36804,ORD-20230312-92539,1,999.0,1,defective_product
3135,442,17,32938,ORD-20230312-24935,1,699.0,1,changed_mind
3136,453,80,38710,ORD-20230312-86965,1,1099.0,1,defective_product
3137,464,48,10265,ORD-20230312-75649,1,699.0,1,compatibility_issue
3138,460,67,6134,ORD-20230312-29054,1,949.05,1,defective_product
3139,446,38,3859,ORD-20230312-29068,1,664.05,1,not_as_described
3140,446,55,26173,ORD-20230312-52652,1,1499.0,1,defective_product
3141,448,26,42224,ORD-20230312-24539,1,179.0,1,defective_product
3142,459,80,8945,ORD-20230312-85230,1,1044.05,1,not_as_described
3143,439,25,19246,ORD-20230312-79822,1,199.0,1,compatibility_issue
3144,466,86,30415,ORD-20230312-27717,1,899.0,1,not_as_described
3145,452,76,45683,ORD-20230312-42197,1,1329.0,1,defective_product
3146,444,92,27134,ORD-20230313-58621,1,1219.0,1,not_as_described
3147,466,61,37948,ORD-20230313-25584,1,999.0,1,not_as_described
3148,460,76,24287,ORD-20230314-18833,2,2658.0,1,defective_product
3149,457,82,15687,ORD-20230314-21227,2,1698.0,1,changed_mind
3150,453,76,49662,ORD-20230314-65716,1,1329.0,1,defective_product
3151,451,95,18854,ORD-20230314-57978,1,149.0,1,compatibility_issue
3152,445,79,22255,ORD-20230314-17247,1,809.1,1,defective_product
3153,456,30,34024,ORD-20230314-22460,1,1299.0,1,compatibility_issue
3154,467,62,47921,ORD-20230314-24398,1,1169.1,1,defective_product
3155,444,48,49515,ORD-20230314-80322,1,699.0,1,compatibility_issue
3156,446,58,39130,ORD-20230314-53207,1,1699.0,1,delivery_issue
3157,466,93,18741,ORD-20230315-89572,1,59.0,1,wrong_item
3158,444,35,11842,ORD-20230315-54466,1,699.0,1,delivery_issue
3159,460,83,21853,ORD-20230315-34072,1,339.15,1,changed_mind
3160,460,65,15109,ORD-20230316-17820,1,1519.05,1,not_as_described
3161,462,66,25841,ORD-20230316-21387,1,899.0,1,changed_mind
3162,458,91,2211,ORD-20230316-63725,1,819.0,1,not_as_described
3163,470,6,1208,ORD-20230316-63906,1,2199.0,1,wrong_item
3164,469,14,11028,ORD-20230316-64044,1,749.0,1,defective_product
3165,461,71,17767,ORD-20230316-28599,1,79.0,1,defective_product
3166,456,59,35925,ORD-20230317-61726,1,1799.0,1,compatibility_issue
3167,456,96,32207,ORD-20230317-18058,1,199.0,1,not_as_described
3168,455,94,15536,ORD-20230317-77174,2,198.0,1,not_as_described
3169,458,15,17259,ORD-20230318-62678,1,299.0,1,not_as_described
3170,449,16,6889,ORD-20230318-32541,1,449.0,1,not_as_described
3171,467,74,37106,ORD-20230318-77412,1,269.1,1,compatibility_issue
3172,459,12,23432,ORD-20230318-14610,1,854.05,1,wrong_item
3173,460,6,36075,ORD-20230318-60676,1,2089.05,1,not_as_described
3174,459,26,10800,ORD-20230318-93877,1,179.0,1,not_as_described
3175,471,85,2983,ORD-20230319-53059,1,449.0,1,delivery_issue
3176,470,73,19127,ORD-20230319-78220,1,109.0,1,not_as_described
3177,447,24,21736,ORD-20230319-68068,1,279.0,1,defective_product
3178,450,4,46712,ORD-20230319-18162,1,331.55,1,wrong_item
3179,467,72,34502,ORD-20230319-95451,2,258.0,1,delivery_issue
3180,473,73,9814,ORD-20230320-35480,1,109.0,1,changed_mind
3181,457,67,36326,ORD-20230320-73544,1,999.0,1,delivery_issue
3182,473,18,18292,ORD-20230320-81581,1,599.0,1,compatibility_issue
3183,461,62,38314,ORD-20230321-14701,1,1299.0,1,changed_mind
3184,456,26,23554,ORD-20230321-68006,1,179.0,1,not_as_described
3185,452,20,47555,ORD-20230321-20502,1,349.0,1,compatibility_issue
3186,470,70,20908,ORD-20230321-94603,1,129.0,1,compatibility_issue
3187,465,63,18903,ORD-20230321-85779,1,1599.0,1,not_as_described
3188,455,73,22275,ORD-20230321-48067,1,109.0,1,delivery_issue
3189,454,26,13367,ORD-20230321-35517,1,179.0,1,not_as_described
3190,475,61,16823,ORD-20230321-56559,1,849.15,1,defective_product
3191,473,87,7918,ORD-20230321-62872,1,299.0,1,defective_product
3192,474,90,27188,ORD-20230322-15662,1,806.55,1,defective_product
3193,456,30,39544,ORD-20230322-63789,1,1104.15,1,changed_mind
3194,471,14,3175,ORD-20230322-90635,1,636.65,1,defective_product
3195,451,80,19142,ORD-20230322-15786,1,1099.0,1,wrong_item
3196,464,86,29434,ORD-20230322-45163,1,899.0,1,changed_mind
3197,460,69,4185,ORD-20230322-36276,1,129.0,1,defective_product
3198,464,63,30380,ORD-20230322-80067,1,1599.0,1,delivery_issue
3199,474,85,41147,ORD-20230323-88146,2,898.0,1,not_as_described
3200,458,19,10361,ORD-20230323-21615,1,379.05,1,wrong_item
3201,463,87,35785,ORD-20230324-28824,1,284.05,1,wrong_item
3202,460,86,13261,ORD-20230324-93758,2,1798.0,1,changed_mind
3203,475,13,644,ORD-20230324-65780,1,349.0,1,not_as_described
3204,452,7,36281,ORD-20230324-48547,1,599.0,1,delivery_issue
3205,453,54,3716,ORD-20230325-32976,1,99.0,1,not_as_described
3206,456,26,20678,ORD-20230325-89161,1,161.1,1,defective_product
3207,455,96,7264,ORD-20230325-31235,1,189.05,1,changed_mind
3208,458,66,3286,ORD-20230325-39365,1,854.05,1,changed_mind
3209,455,67,42227,ORD-20230325-47726,1,999.0,1,delivery_issue
3210,476,68,14805,ORD-20230326-72556,1,109.0,1,changed_mind
3211,457,33,32235,ORD-20230326-23468,1,799.0,1,not_as_described
3212,470,11,7460,ORD-20230326-34657,1,449.0,1,not_as_described
3213,458,96,47499,ORD-20230326-67624,1,199.0,1,not_as_described
3214,466,93,10783,ORD-20230326-93988,2,118.0,1,wrong_item
3215,479,80,44583,ORD-20230326-26923,1,1099.0,1,compatibility_issue
3216,455,19,38880,ORD-20230326-22888,2,758.1,1,defective_product
3217,472,82,8618,ORD-20230326-53089,1,849.0,1,changed_mind
3218,469,46,47271,ORD-20230327-54339,1,499.0,1,changed_mind
3219,477,46,11186,ORD-20230327-21902,1,499.0,1,defective_product
3220,458,96,41156,ORD-20230327-13894,1,199.0,1,not_as_described
3221,473,10,25777,ORD-20230327-17352,1,2799.0,1,wrong_item
3222,474,85,8153,ORD-20230327-69850,1,449.0,1,compatibility_issue
3223,470,16,13499,ORD-20230327-15697,1,449.0,1,not_as_described
3224,469,95,36297,ORD-20230327-39061,1,149.0,1,defective_product
3225,478,97,5677,ORD-20230327-31416,1,299.0,1,defective_product
3226,468,6,31751,ORD-20230327-19969,1,2199.0,1,wrong_item
3227,478,62,33490,ORD-20230327-25063,1,1299.0,1,compatibility_issue
3228,470,32,24396,ORD-20230328-82927,1,899.0,1,not_as_described
3229,471,60,6056,ORD-20230328-27954,1,1199.0,1,defective_product
3230,465,53,33688,ORD-20230328-55501,1,149.0,1,delivery_issue
3231,478,65,1173,ORD-20230329-14238,1,1599.0,1,not_as_described
3232,473,71,23255,ORD-20230329-17951,1,75.05,1,not_as_described
3233,467,67,8464,ORD-20230329-57580,1,999.0,1,defective_product
3234,480,59,7314,ORD-20230330-69475,1,1799.0,1,not_as_described
3235,471,91,18278,ORD-20230330-66075,1,819.0,1,changed_mind
3236,477,36,37616,ORD-20230330-85186,1,599.0,1,wrong_item
3237,476,22,32713,ORD-20230330-32136,1,299.0,1,not_as_described
3238,466,97,40074,ORD-20230330-81620,1,299.0,1,changed_mind
3239,473,68,47602,ORD-20230331-34618,2,185.3,1,delivery_issue
3240,458,79,10297,ORD-20230331-33071,1,899.0,1,defective_product
3241,475,85,12624,ORD-20230401-88923,1,449.0,1,not_as_described
3242,461,18,29779,ORD-20230401-39202,1,599.0,1,wrong_item
3243,459,72,10220,ORD-20230401-49278,1,129.0,1,changed_mind
3244,483,59,5002,ORD-20230401-71927,1,1799.0,1,delivery_issue
3245,483,25,47742,ORD-20230401-12827,1,199.0,1,defective_product
3246,459,19,35392,ORD-20230401-85646,1,399.0,1,not_as_described
3247,480,69,19564,ORD-20230401-50355,1,129.0,1,defective_product
3248,474,35,45938,ORD-20230401-78597,3,2097.0,1,compatibility_issue
3249,474,40,22143,ORD-20230401-83803,2,1498.0,1,not_as_described
3250,481,52,48554,ORD-20230402-85177,1,349.0,1,not_as_described
3251,461,60,17356,ORD-20230402-17748,2,2158.2,1,wrong_item
3252,480,46,21649,ORD-20230402-59693,1,499.0,1,not_as_described
3253,472,14,33654,ORD-20230402-78847,1,674.1,1,defective_product
3254,479,24,14767,ORD-20230402-41121,1,279.0,1,not_as_described
3255,464,89,18852,ORD-20230402-98101,1,236.55,1,wrong_item
3256,473,2,2470,ORD-20230403-68517,1,2499.0,1,compatibility_issue
3257,463,50,24094,ORD-20230403-40996,1,749.0,1,compatibility_issue
3258,473,54,30433,ORD-20230403-49985,1,99.0,1,not_as_described
3259,482,72,40611,ORD-20230404-67812,1,129.0,1,defective_product
3260,478,61,41014,ORD-20230404-25801,1,999.0,1,defective_product
3261,488,95,6831,ORD-20230404-68940,1,149.0,1,changed_mind
3262,479,31,32661,ORD-20230404-86514,1,1099.0,1,changed_mind
3263,469,50,47438,ORD-20230404-57855,1,711.55,1,not_as_described
3264,466,53,13623,ORD-20230404-21311,1,149.0,1,compatibility_issue
3265,485,73,21128,ORD-20230404-86538,1,109.0,1,defective_product
3266,484,72,9376,ORD-20230405-84595,1,129.0,1,delivery_issue
3267,490,18,16534,ORD-20230405-53457,1,599.0,1,defective_product
3268,486,74,44485,ORD-20230405-14256,1,299.0,1,defective_product
3269,472,81,12713,ORD-20230405-61051,1,759.05,1,wrong_item
3270,464,48,528,ORD-20230406-72096,1,699.0,1,delivery_issue
3271,483,34,6146,ORD-20230406-40987,1,999.0,1,not_as_described
3272,485,3,47613,ORD-20230407-43338,1,499.0,1,not_as_described
3273,489,63,1390,ORD-20230407-66358,1,1519.05,1,changed_mind
3274,472,93,46438,ORD-20230407-28514,1,59.0,1,defective_product
3275,473,60,3831,ORD-20230407-35640,1,1199.0,1,changed_mind
3276,485,94,3209,ORD-20230407-32824,1,94.05,1,changed_mind
3277,480,67,40859,ORD-20230407-15226,1,999.0,1,not_as_described
3278,473,82,37272,ORD-20230407-38297,2,1698.0,1,not_as_described
3279,481,92,46769,ORD-20230407-66788,1,1219.0,1,delivery_issue
3280,473,1,25329,ORD-20230407-61189,1,1299.0,1,changed_mind
3281,468,72,5678,ORD-20230407-53979,1,129.0,1,not_as_described
3282,492,12,17071,ORD-20230408-30150,1,899.0,1,delivery_issue
3283,466,18,7185,ORD-20230408-15881,1,599.0,1,changed_mind
3284,479,65,2233,ORD-20230408-71181,1,1599.0,1,not_as_described
3285,477,76,13506,ORD-20230408-57725,1,1329.0,1,defective_product
3286,483,97,26720,ORD-20230409-67005,1,254.15,1,compatibility_issue
3287,494,76,135,ORD-20230409-84779,1,1329.0,1,not_as_described
3288,488,94,29822,ORD-20230409-52760,1,99.0,1,delivery_issue
3289,485,97,44036,ORD-20230409-55238,1,299.0,1,delivery_issue
3290,478,36,29808,ORD-20230409-75186,1,599.0,1,delivery_issue
3291,491,65,21595,ORD-20230410-35905,1,1599.0,1,changed_mind
3292,482,85,33258,ORD-20230411-85382,1,449.0,1,not_as_described
3293,472,21,18386,ORD-20230411-41911,1,296.1,1,defective_product
3294,471,73,32262,ORD-20230411-18965,1,109.0,1,delivery_issue
3295,479,97,8510,ORD-20230411-29669,1,299.0,1,defective_product
3296,471,73,25803,ORD-20230411-54027,1,109.0,1,not_as_described
3297,491,97,30946,ORD-20230411-33743,1,284.05,1,compatibility_issue
3298,483,79,46453,ORD-20230412-34002,1,854.05,1,defective_product
3299,479,19,12975,ORD-20230412-89817,1,399.0,1,changed_mind
3300,479,96,46904,ORD-20230412-90627,1,199.0,1,changed_mind
3301,496,91,12778,ORD-20230412-50460,1,819.0,1,defective_product
3302,495,88,33281,ORD-20230412-80904,1,594.15,1,delivery_issue
3303,490,74,6615,ORD-20230413-61188,1,284.05,1,not_as_described
3304,489,37,20076,ORD-20230413-19694,1,799.0,1,defective_product
3305,489,26,13117,ORD-20230413-84266,1,179.0,1,not_as_described
3306,474,46,29063,ORD-20230413-34843,1,499.0,1,changed_mind
3307,487,84,10581,ORD-20230413-37676,1,854.05,1,not_as_described
3308,491,62,11692,ORD-20230414-39723,1,1299.0,1,compatibility_issue
3309,474,82,47990,ORD-20230414-28401,1,849.0,1,delivery_issue
3310,475,19,29669,ORD-20230414-98250,1,399.0,1,not_as_described
3311,486,93,35986,ORD-20230414-67379,1,59.0,1,not_as_described
3312,476,65,33637,ORD-20230414-90524,1,1599.0,1,delivery_issue
3313,477,41,15190,ORD-20230415-71567,1,549.0,1,delivery_issue
3314,489,61,28341,ORD-20230415-58482,3,2997.0,1,compatibility_issue
3315,500,28,32210,ORD-20230415-10044,1,249.0,1,defective_product
3316,489,85,36392,ORD-20230415-17038,1,449.0,1,changed_mind
3317,486,74,27867,ORD-20230415-55786,1,299.0,1,not_as_described
3318,478,56,1312,ORD-20230415-48235,1,2199.0,1,delivery_issue
3319,496,29,14614,ORD-20230415-29077,1,999.0,1,delivery_issue
3320,491,75,1350,ORD-20230415-84375,1,349.0,1,changed_mind
3321,475,71,9012,ORD-20230415-30530,2,150.1,1,changed_mind
3322,474,78,13380,ORD-20230415-63440,1,1349.0,1,not_as_described
3323,498,80,34882,ORD-20230415-72229,1,1044.05,1,defective_product
3324,497,93,8197,ORD-20230415-24159,2,118.0,1,changed_mind
3325,497,26,19142,ORD-20230416-94089,1,179.0,1,compatibility_issue
3326,482,14,752,ORD-20230416-76087,1,711.55,1,defective_product
3327,499,71,27416,ORD-20230416-12419,1,79.0,1,changed_mind
3328,477,58,23950,ORD-20230416-25874,1,1699.0,1,delivery_issue
3329,482,77,49652,ORD-20230416-60711,1,1029.0,1,not_as_described
3330,483,79,19045,ORD-20230416-36900,1,899.0,1,not_as_described
3331,486,79,10661,ORD-20230416-53198,1,854.05,1,compatibility_issue
3332,474,76,24151,ORD-20230416-91543,1,1262.55,1,delivery_issue
3333,492,12,28921,ORD-20230417-38518,2,1798.0,1,not_as_described
3334,498,95,19428,ORD-20230417-30790,1,141.55,1,delivery_issue
3335,482,94,39697,ORD-20230417-14806,1,99.0,1,defective_product
3336,498,86,32618,ORD-20230417-66586,1,899.0,1,changed_mind
3337,500,7,40871,ORD-20230417-88225,1,539.1,1,defective_product
3338,483,2,9964,ORD-20230417-59677,1,2499.0,1,delivery_issue
3339,478,76,19313,ORD-20230418-49152,2,2658.0,1,changed_mind
3340,498,19,35872,ORD-20230418-24212,1,399.0,1,not_as_described
3341,476,4,45708,ORD-20230418-37448,2,628.2,1,not_as_described
3342,503,37,35520,ORD-20230418-46787,1,799.0,1,not_as_described
3343,481,69,35680,ORD-20230418-77533,2,258.0,1,not_as_described
3344,486,69,39101,ORD-20230418-78904,1,129.0,1,defective_product
3345,479,91,45087,ORD-20230418-44948,1,819.0,1,delivery_issue
3346,478,91,15413,ORD-20230419-19790,1,819.0,1,defective_product
3347,487,14,43023,ORD-20230419-85442,1,749.0,1,changed_mind
3348,487,22,36833,ORD-20230419-40229,1,269.1,1,delivery_issue
3349,486,86,29662,ORD-20230419-47304,1,899.0,1,delivery_issue
3350,481,93,25510,ORD-20230419-60976,1,59.0,1,compatibility_issue
3351,490,24,22622,ORD-20230419-97084,1,279.0,1,not_as_described
3352,491,51,25864,ORD-20230419-59277,1,599.0,1,defective_product
3353,489,51,8610,ORD-20230419-45358,1,599.0,1,delivery_issue
3354,480,91,17970,ORD-20230420-34177,1,819.0,1,defective_product
3355,500,68,47556,ORD-20230420-41182,1,109.0,1,defective_product
3356,503,57,48822,ORD-20230420-86119,1,1899.05,1,changed_mind
3357,479,10,1136,ORD-20230421-25580,1,2799.0,1,wrong_item
3358,488,71,25900,ORD-20230421-91843,1,79.0,1,changed_mind
3359,500,60,17551,ORD-20230421-36002,1,1199.0,1,delivery_issue
3360,506,30,24368,ORD-20230422-41505,1,1299.0,1,changed_mind
3361,498,22,23334,ORD-20230422-66978,1,284.05,1,defective_product
3362,491,61,25717,ORD-20230422-70203,1,999.0,1,changed_mind
3363,482,76,34549,ORD-20230423-40718,1,1329.0,1,delivery_issue
3364,504,38,23337,ORD-20230423-93260,1,699.0,1,changed_mind
3365,484,74,9316,ORD-20230423-87870,1,299.0,1,changed_mind
3366,490,46,37974,ORD-20230423-41213,1,499.0,1,changed_mind
3367,509,73,45425,ORD-20230424-41390,1,109.0,1,defective_product
3368,509,22,8021,ORD-20230424-69800,1,299.0,1,changed_mind
3369,486,74,43933,ORD-20230424-84353,1,269.1,1,not_as_described
3370,488,63,12157,ORD-20230424-88631,1,1599.0,1,not_as_described
3371,503,95,13127,ORD-20230424-16255,1,149.0,1,wrong_item
3372,506,82,31875,ORD-20230424-37999,1,849.0,1,compatibility_issue
3373,493,33,10629,ORD-20230424-89160,1,799.0,1,defective_product
3374,504,65,47489,ORD-20230425-75933,1,1599.0,1,not_as_described
3375,484,56,37106,ORD-20230425-35260,1,2199.0,1,delivery_issue
3376,503,79,29297,ORD-20230425-76203,1,899.0,1,delivery_issue
3377,491,38,16316,ORD-20230425-60889,1,699.0,1,not_as_described
3378,499,72,38560,ORD-20230425-23033,1,129.0,1,compatibility_issue
3379,509,48,4735,ORD-20230425-33486,2,1398.0,1,defective_product
3380,498,30,17525,ORD-20230426-98065,1,1234.05,1,wrong_item
3381,504,92,49501,ORD-20230426-95518,1,1219.0,1,not_as_described
3382,497,8,5218,ORD-20230426-56119,2,3598.0,1,compatibility_issue
3383,485,18,38820,ORD-20230426-71198,1,599.0,1,changed_mind
3384,499,65,12899,ORD-20230426-90434,1,1599.0,1,compatibility_issue
3385,491,94,6023,ORD-20230427-94163,1,99.0,1,not_as_described
3386,498,37,1438,ORD-20230427-85705,1,799.0,1,delivery_issue
3387,486,67,8044,ORD-20230427-11038,1,999.0,1,delivery_issue
3388,500,86,36078,ORD-20230427-91840,1,899.0,1,defective_product
3389,511,83,18011,ORD-20230427-69582,1,359.1,1,changed_mind
3390,504,11,38418,ORD-20230427-23983,1,449.0,1,wrong_item
3391,486,14,46378,ORD-20230427-35389,1,749.0,1,not_as_described
3392,497,39,16381,ORD-20230427-90823,2,2658.1,1,not_as_described
3393,498,84,41663,ORD-20230428-90052,1,899.0,1,defective_product
3394,487,79,5029,ORD-20230428-97205,1,899.0,1,changed_mind
3395,499,80,44660,ORD-20230428-52537,2,1978.2,1,compatibility_issue
3396,492,55,47609,ORD-20230428-62210,1,1499.0,1,not_as_described
3397,501,98,41110,ORD-20230428-53360,1,249.0,1,wrong_item
3398,490,70,47537,ORD-20230428-32231,2,258.0,1,not_as_described
3399,505,10,27707,ORD-20230429-91185,1,2799.0,1,wrong_item
3400,497,38,803,ORD-20230429-56444,1,699.0,1,delivery_issue
3401,512,82,11101,ORD-20230429-82082,1,849.0,1,defective_product
3402,495,72,11586,ORD-20230429-41229,1,122.55,1,defective_product
3403,497,18,6920,ORD-20230429-22333,1,599.0,1,wrong_item
3404,497,45,18872,ORD-20230429-88711,1,799.0,1,delivery_issue
3405,507,65,26403,ORD-20230429-72013,1,1599.0,1,defective_product
3406,504,17,43082,ORD-20230430-51716,1,629.1,1,compatibility_issue
3407,504,14,4688,ORD-20230430-21723,1,749.0,1,defective_product
3408,506,21,4230,ORD-20230430-61335,1,329.0,1,not_as_described
3409,498,78,7727,ORD-20230430-17139,1,1349.0,1,changed_mind
3410,501,92,450,ORD-20230430-69022,1,1158.05,1,changed_mind
3411,510,55,16258,ORD-20230430-38639,1,1499.0,1,compatibility_issue
3412,516,42,31177,ORD-20230501-99656,1,1199.0,1,defective_product
3413,510,68,21346,ORD-20230501-96135,1,109.0,1,wrong_item
3414,514,77,23514,ORD-20230501-17062,1,1029.0,1,defective_product
3415,503,19,7738,ORD-20230501-66829,1,399.0,1,not_as_described
3416,500,66,3532,ORD-20230501-73919,1,899.0,1,delivery_issue
3417,495,84,35098,ORD-20230501-40665,1,854.05,1,not_as_described
3418,505,38,49711,ORD-20230501-58705,1,629.1,1,compatibility_issue
3419,507,94,48898,ORD-20230502-69960,2,198.0,1,defective_product
3420,493,22,44933,ORD-20230502-97129,1,299.0,1,defective_product
3421,490,64,1749,ORD-20230502-13968,1,699.0,1,defective_product
3422,490,71,41450,ORD-20230502-98253,1,79.0,1,defective_product
3423,497,22,42127,ORD-20230502-85922,1,299.0,1,changed_mind
3424,505,94,41794,ORD-20230502-46303,1,99.0,1,not_as_described
3425,509,6,41878,ORD-20230502-60267,1,1979.1,1,not_as_described
3426,492,21,17452,ORD-20230502-99935,1,296.1,1,delivery_issue
3427,501,6,33173,ORD-20230503-82755,1,2089.05,1,delivery_issue
3428,504,95,23874,ORD-20230503-66286,1,149.0,1,defective_product
3429,517,93,18969,ORD-20230503-43262,1,59.0,1,compatibility_issue
3430,495,14,6474,ORD-20230503-96492,1,749.0,1,not_as_described
3431,492,54,14027,ORD-20230503-14630,1,99.0,1,defective_product
3432,515,61,4278,ORD-20230504-44372,1,999.0,1,delivery_issue
3433,508,61,9617,ORD-20230504-59725,1,999.0,1,delivery_issue
3434,502,71,8175,ORD-20230504-65528,1,79.0,1,delivery_issue
3435,512,21,23251,ORD-20230504-84326,1,329.0,1,wrong_item
3436,497,79,46730,ORD-20230504-76476,1,899.0,1,not_as_described
3437,517,72,8560,ORD-20230505-35504,1,129.0,1,defective_product
3438,512,6,23334,ORD-20230505-92301,1,1979.1,1,not_as_described
3439,517,36,36457,ORD-20230505-45912,1,599.0,1,wrong_item
3440,507,7,37428,ORD-20230505-15288,1,599.0,1,defective_product
3441,498,18,42884,ORD-20230506-67008,1,599.0,1,not_as_described
3442,495,2,39437,ORD-20230506-97763,1,2499.0,1,defective_product
3443,520,95,1409,ORD-20230507-33506,1,149.0,1,not_as_described
3444,519,69,22461,ORD-20230507-34470,1,129.0,1,not_as_described
3445,515,86,19893,ORD-20230507-36495,1,899.0,1,changed_mind
3446,509,5,880,ORD-20230507-55220,1,1499.0,1,defective_product
3447,508,85,9313,ORD-20230507-94049,1,449.0,1,not_as_described
3448,520,76,16439,ORD-20230507-61619,1,1329.0,1,compatibility_issue
3449,517,7,23611,ORD-20230507-99450,1,569.05,1,changed_mind
3450,514,64,4407,ORD-20230507-81678,1,699.0,1,changed_mind
3451,512,74,47431,ORD-20230507-88773,1,299.0,1,changed_mind
3452,517,72,44260,ORD-20230508-78806,1,129.0,1,not_as_described
3453,497,94,28924,ORD-20230508-93713,1,99.0,1,changed_mind
3454,516,25,40125,ORD-20230508-86217,3,597.0,1,wrong_item
3455,498,69,27808,ORD-20230508-88869,1,122.55,1,delivery_issue
3456,502,8,40937,ORD-20230508-56061,1,1799.0,1,defective_product
3457,522,97,33824,ORD-20230508-99753,1,299.0,1,changed_mind
3458,511,37,37878,ORD-20230509-15292,1,799.0,1,not_as_described
3459,519,2,3876,ORD-20230509-71434,1,2499.0,1,compatibility_issue
3460,506,93,3063,ORD-20230509-13097,1,59.0,1,delivery_issue
3461,506,61,4390,ORD-20230509-46136,1,999.0,1,not_as_described
3462,509,96,29209,ORD-20230509-31119,1,199.0,1,not_as_described
3463,511,95,38184,ORD-20230509-57512,1,149.0,1,not_as_described
3464,522,22,6834,ORD-20230510-94909,1,299.0,1,defective_product
3465,508,67,22123,ORD-20230510-10992,1,999.0,1,not_as_described
3466,515,67,33401,ORD-20230510-49940,1,849.15,1,not_as_described
3467,512,3,40122,ORD-20230510-20047,1,499.0,1,defective_product
3468,505,44,46738,ORD-20230510-66294,2,1798.0,1,not_as_described
3469,501,86,36608,ORD-20230511-80751,1,899.0,1,compatibility_issue
3470,503,69,37846,ORD-20230511-89954,1,116.1,1,changed_mind
3471,501,61,27966,ORD-20230511-35875,1,999.0,1,changed_mind
3472,519,73,41724,ORD-20230511-23959,1,109.0,1,delivery_issue
3473,500,9,23412,ORD-20230511-75531,1,1299.0,1,changed_mind
3474,499,74,25636,ORD-20230511-63938,1,299.0,1,compatibility_issue
3475,502,72,29725,ORD-20230511-67109,2,258.0,1,not_as_described
3476,500,5,1151,ORD-20230511-31233,1,1499.0,1,delivery_issue
3477,504,94,43776,ORD-20230511-34424,1,99.0,1,compatibility_issue
3478,512,74,7883,ORD-20230512-42947,1,299.0,1,defective_product
3479,513,76,45564,ORD-20230512-15397,1,1262.55,1,defective_product
3480,508,36,38320,ORD-20230512-27751,1,539.1,1,compatibility_issue
3481,519,83,40092,ORD-20230512-23787,1,399.0,1,delivery_issue
3482,519,6,39955,ORD-20230512-54377,1,2089.05,1,changed_mind
3483,520,11,44986,ORD-20230512-61563,1,426.55,1,not_as_described
3484,502,13,18062,ORD-20230512-64478,1,349.0,1,defective_product
3485,514,68,13413,ORD-20230512-50789,1,109.0,1,compatibility_issue
3486,516,40,38429,ORD-20230512-36601,1,749.0,1,delivery_issue
3487,512,68,46013,ORD-20230512-85151,1,109.0,1,delivery_issue
3488,513,35,19142,ORD-20230512-16529,1,594.15,1,defective_product
3489,503,58,27660,ORD-20230512-37142,1,1699.0,1,changed_mind
3490,515,13,38930,ORD-20230512-80633,1,349.0,1,defective_product
3491,509,67,25744,ORD-20230512-98918,1,999.0,1,changed_mind
3492,522,69,2991,ORD-20230512-90807,1,129.0,1,changed_mind
3493,519,66,46586,ORD-20230513-60758,1,899.0,1,wrong_item
3494,512,51,42258,ORD-20230513-58593,1,599.0,1,defective_product
3495,517,35,4405,ORD-20230513-52770,1,699.0,1,defective_product
3496,508,61,1590,ORD-20230513-80021,1,999.0,1,defective_product
3497,524,69,37671,ORD-20230513-62869,1,129.0,1,compatibility_issue
3498,502,29,32985,ORD-20230513-40339,1,999.0,1,defective_product
3499,506,90,9086,ORD-20230514-32491,1,849.0,1,compatibility_issue
3500,518,72,17172,ORD-20230514-35530,1,129.0,1,defective_product
3501,526,73,26212,ORD-20230514-96840,1,109.0,1,not_as_described
3502,520,8,36529,ORD-20230514-71699,1,1799.0,1,not_as_described
3503,503,26,17964,ORD-20230514-42003,1,152.15,1,defective_product
3504,517,48,2201,ORD-20230514-40416,1,664.05,1,changed_mind
3505,506,10,32463,ORD-20230515-94387,1,2799.0,1,changed_mind
3506,519,55,21214,ORD-20230515-24659,1,1499.0,1,not_as_described
3507,520,18,49155,ORD-20230516-81142,1,569.05,1,delivery_issue
3508,517,17,22263,ORD-20230516-59058,1,699.0,1,changed_mind
3509,519,71,36841,ORD-20230516-48276,1,75.05,1,wrong_item
3510,513,9,1620,ORD-20230516-18271,1,1299.0,1,defective_product
3511,522,25,19966,ORD-20230517-89944,1,199.0,1,defective_product
3512,514,26,11388,ORD-20230517-22797,1,179.0,1,compatibility_issue
3513,528,71,19396,ORD-20230517-67891,1,79.0,1,defective_product
3514,526,63,24289,ORD-20230517-24289,1,1519.05,1,defective_product
3515,514,35,12220,ORD-20230517-48598,1,699.0,1,changed_mind
3516,528,73,26221,ORD-20230517-36177,1,109.0,1,changed_mind
3517,521,68,24953,ORD-20230518-29686,1,109.0,1,delivery_issue
3518,509,17,20277,ORD-20230518-75154,1,699.0,1,compatibility_issue
3519,513,63,13086,ORD-20230518-67462,1,1599.0,1,changed_mind
3520,529,94,7597,ORD-20230518-46066,1,99.0,1,not_as_described
3521,524,70,16264,ORD-20230518-11581,1,129.0,1,defective_product
3522,533,23,45662,ORD-20230518-99447,1,179.0,1,not_as_described
3523,515,69,41013,ORD-20230518-65660,1,129.0,1,wrong_item
3524,514,67,20811,ORD-20230518-85982,1,999.0,1,defective_product
3525,508,84,22535,ORD-20230518-60109,1,899.0,1,wrong_item
3526,532,9,9678,ORD-20230518-20764,1,1299.0,1,defective_product
3527,524,90,29449,ORD-20230518-98896,1,849.0,1,delivery_issue
3528,509,57,576,ORD-20230518-62202,1,1999.0,1,compatibility_issue
3529,529,97,28800,ORD-20230519-84095,1,299.0,1,not_as_described
3530,524,7,386,ORD-20230519-48450,1,599.0,1,defective_product
3531,532,89,7977,ORD-20230519-95141,1,249.0,1,changed_mind
3532,526,18,11533,ORD-20230519-62518,1,569.05,1,not_as_described
3533,520,80,10322,ORD-20230519-74906,1,1044.05,1,not_as_described
3534,518,97,45483,ORD-20230519-77354,1,299.0,1,not_as_described
3535,507,85,24140,ORD-20230519-12599,1,426.55,1,changed_mind
3536,514,79,36277,ORD-20230520-44567,1,899.0,1,defective_product
3537,519,33,39995,ORD-20230520-63243,1,799.0,1,compatibility_issue
3538,529,13,16560,ORD-20230520-70941,1,349.0,1,not_as_described
3539,508,71,45409,ORD-20230520-16110,1,75.05,1,defective_product
3540,511,81,29345,ORD-20230520-64108,2,1598.0,1,compatibility_issue
3541,523,59,25729,ORD-20230520-56149,3,5397.0,1,defective_product
3542,515,34,12821,ORD-20230521-14445,1,999.0,1,defective_product
3543,532,56,32443,ORD-20230521-82292,1,1979.1,1,changed_mind
3544,529,63,13891,ORD-20230521-35424,1,1599.0,1,changed_mind
3545,526,6,29457,ORD-20230521-74922,1,2199.0,1,defective_product
3546,509,94,9733,ORD-20230521-78245,1,99.0,1,defective_product
3547,510,2,37622,ORD-20230521-78832,1,2499.0,1,delivery_issue
3548,530,91,30829,ORD-20230522-32284,1,819.0,1,defective_product
3549,518,95,34076,ORD-20230522-55557,1,149.0,1,compatibility_issue
3550,528,45,17946,ORD-20230522-15783,1,799.0,1,changed_mind
3551,514,63,30193,ORD-20230522-76012,1,1599.0,1,wrong_item
3552,532,85,40993,ORD-20230522-58380,1,426.55,1,defective_product
3553,537,62,43558,ORD-20230523-38461,1,1234.05,1,defective_product
3554,522,85,31343,ORD-20230523-55724,1,449.0,1,defective_product
3555,530,79,8540,ORD-20230523-23697,1,899.0,1,changed_mind
3556,525,95,14464,ORD-20230523-92094,1,149.0,1,changed_mind
3557,527,59,32719,ORD-20230524-40687,1,1529.15,1,defective_product
3558,524,22,41561,ORD-20230524-32769,1,299.0,1,not_as_described
3559,530,66,47852,ORD-20230524-65023,1,899.0,1,defective_product
3560,524,37,8314,ORD-20230524-20329,1,799.0,1,wrong_item
3561,529,65,32981,ORD-20230524-29883,1,1599.0,1,delivery_issue
3562,523,67,10210,ORD-20230524-43675,1,999.0,1,changed_mind
3563,531,32,17751,ORD-20230524-74451,1,899.0,1,defective_product
3564,515,14,5804,ORD-20230524-99576,1,749.0,1,changed_mind
3565,539,5,5714,ORD-20230525-78447,2,2698.2,1,compatibility_issue
3566,515,7,42255,ORD-20230525-20129,1,599.0,1,changed_mind
3567,533,17,46581,ORD-20230525-44061,2,1398.0,1,defective_product
3568,525,16,5297,ORD-20230525-16591,1,426.55,1,compatibility_issue
3569,516,96,16600,ORD-20230526-98291,1,199.0,1,defective_product
3570,528,61,14305,ORD-20230526-98154,2,1998.0,1,changed_mind
3571,536,58,42646,ORD-20230526-18063,1,1699.0,1,not_as_described
3572,538,72,18501,ORD-20230526-99113,1,129.0,1,not_as_described
3573,541,19,18343,ORD-20230526-50329,1,399.0,1,defective_product
3574,528,33,9449,ORD-20230526-50133,2,1438.2,1,not_as_described
3575,528,76,21899,ORD-20230527-38672,1,1329.0,1,not_as_described
3576,517,9,46947,ORD-20230527-96228,1,1299.0,1,defective_product
3577,527,91,13672,ORD-20230527-79647,1,778.05,1,defective_product
3578,524,95,26383,ORD-20230527-88011,1,134.1,1,changed_mind
3579,539,4,25531,ORD-20230527-62941,1,349.0,1,not_as_described
3580,525,24,28248,ORD-20230527-92487,1,279.0,1,defective_product
3581,542,11,8162,ORD-20230527-48027,1,449.0,1,defective_product
3582,537,8,6914,ORD-20230527-48071,1,1799.0,1,defective_product
3583,529,12,35345,ORD-20230527-15321,1,899.0,1,wrong_item
3584,528,29,22147,ORD-20230527-46978,1,999.0,1,defective_product
3585,532,80,38637,ORD-20230527-34095,1,989.1,1,defective_product
3586,539,51,23884,ORD-20230528-44010,1,599.0,1,changed_mind
3587,518,29,22282,ORD-20230528-91323,2,1898.1,1,defective_product
3588,537,10,18852,ORD-20230528-94407,1,2379.15,1,defective_product
3589,537,61,48628,ORD-20230529-48057,1,999.0,1,defective_product
3590,517,29,13693,ORD-20230529-15243,1,899.1,1,changed_mind
3591,519,58,23369,ORD-20230529-52319,1,1699.0,1,not_as_described
3592,536,76,5062,ORD-20230530-22795,1,1262.55,1,delivery_issue
3593,543,82,48834,ORD-20230530-36443,1,849.0,1,compatibility_issue
3594,520,61,28087,ORD-20230530-20886,1,899.1,1,delivery_issue
3595,532,26,43731,ORD-20230530-91967,1,179.0,1,delivery_issue
3596,518,65,22641,ORD-20230530-20452,1,1519.05,1,defective_product
3597,541,84,25507,ORD-20230531-32388,1,854.05,1,not_as_described
3598,538,61,22927,ORD-20230531-98097,1,999.0,1,delivery_issue
3599,528,77,39927,ORD-20230601-30937,1,977.55,1,wrong_item
3600,547,21,46666,ORD-20230601-55232,2,658.0,1,delivery_issue
3601,540,6,9873,ORD-20230601-95605,1,2199.0,1,defective_product
3602,545,60,35786,ORD-20230601-95910,1,1199.0,1,changed_mind
3603,525,74,38757,ORD-20230601-23678,1,299.0,1,not_as_described
3604,523,61,26599,ORD-20230601-47284,1,949.05,1,delivery_issue
3605,547,70,14449,ORD-20230601-10936,1,129.0,1,compatibility_issue
3606,530,74,26004,ORD-20230601-87791,1,299.0,1,defective_product
3607,525,51,40186,ORD-20230602-19119,1,599.0,1,wrong_item
3608,547,40,41064,ORD-20230602-74537,1,749.0,1,delivery_issue
3609,533,66,10715,ORD-20230602-12599,1,899.0,1,not_as_described
3610,526,97,26019,ORD-20230602-39126,1,269.1,1,delivery_issue
3611,537,97,26662,ORD-20230602-98647,1,299.0,1,not_as_described
3612,521,45,39681,ORD-20230602-29243,1,759.05,1,changed_mind
3613,536,36,23364,ORD-20230602-26385,2,1138.1,1,not_as_described
3614,544,50,41173,ORD-20230602-30202,1,749.0,1,defective_product
3615,535,53,38313,ORD-20230603-73406,1,149.0,1,defective_product
3616,525,4,45770,ORD-20230603-40557,1,349.0,1,changed_mind
3617,534,16,23406,ORD-20230603-60436,1,449.0,1,compatibility_issue
3618,548,14,40965,ORD-20230603-44881,1,749.0,1,not_as_described
3619,532,38,33828,ORD-20230603-82065,1,699.0,1,defective_product
3620,529,80,20770,ORD-20230603-95224,1,1099.0,1,compatibility_issue
3621,538,72,13022,ORD-20230603-75263,1,129.0,1,delivery_issue
3622,536,26,25976,ORD-20230603-23795,1,179.0,1,compatibility_issue
3623,545,92,38405,ORD-20230603-94569,1,1219.0,1,changed_mind
3624,547,79,6923,ORD-20230603-52881,1,809.1,1,not_as_described
3625,545,35,22018,ORD-20230603-31203,1,699.0,1,not_as_described
3626,547,1,35809,ORD-20230604-51902,1,1299.0,1,wrong_item
3627,544,95,43953,ORD-20230604-32986,1,149.0,1,wrong_item
3628,523,79,17689,ORD-20230604-60123,1,899.0,1,defective_product
3629,548,8,34431,ORD-20230604-58741,1,1799.0,1,changed_mind
3630,544,94,16405,ORD-20230605-89852,1,99.0,1,not_as_described
3631,529,7,25226,ORD-20230605-77001,1,599.0,1,compatibility_issue
3632,545,11,12132,ORD-20230605-90882,1,449.0,1,wrong_item
3633,540,2,5188,ORD-20230605-31224,1,2499.0,1,defective_product
3634,529,79,28051,ORD-20230606-30840,1,899.0,1,not_as_described
3635,542,55,38322,ORD-20230606-38791,1,1499.0,1,changed_mind
3636,545,93,40984,ORD-20230606-40900,1,56.05,1,not_as_described
3637,534,57,17993,ORD-20230606-24664,1,1999.0,1,defective_product
3638,541,8,45240,ORD-20230606-25755,1,1709.05,1,defective_product
3639,526,66,18946,ORD-20230607-97921,2,1798.0,1,changed_mind
3640,547,80,15038,ORD-20230607-95551,1,1099.0,1,changed_mind
3641,542,18,40697,ORD-20230607-46947,2,1198.0,1,defective_product
3642,550,53,3831,ORD-20230607-73279,1,134.1,1,not_as_described
3643,549,61,5579,ORD-20230607-75299,1,999.0,1,wrong_item
3644,531,79,14478,ORD-20230607-18508,1,899.0,1,defective_product
3645,546,97,34580,ORD-20230608-24301,1,269.1,1,defective_product
3646,534,16,25134,ORD-20230608-88576,1,449.0,1,delivery_issue
3647,527,76,2379,ORD-20230608-56547,1,1329.0,1,compatibility_issue
3648,545,77,44492,ORD-20230608-39665,1,1029.0,1,compatibility_issue
3649,527,2,42855,ORD-20230608-68773,1,2249.1,1,compatibility_issue
3650,540,80,43156,ORD-20230608-60934,1,1099.0,1,defective_product
3651,528,76,37959,ORD-20230608-97674,1,1329.0,1,changed_mind
3652,538,80,38357,ORD-20230608-47095,1,1099.0,1,wrong_item
3653,537,87,20041,ORD-20230608-14799,1,284.05,1,not_as_described
3654,536,22,38181,ORD-20230609-35530,1,299.0,1,not_as_described
3655,554,39,2345,ORD-20230609-45817,1,1259.1,1,not_as_described
3656,542,8,6534,ORD-20230609-97463,1,1799.0,1,changed_mind
3657,542,16,14212,ORD-20230609-73944,1,449.0,1,wrong_item
3658,552,80,33799,ORD-20230610-29358,1,1099.0,1,delivery_issue
3659,553,19,4576,ORD-20230610-39058,1,359.1,1,not_as_described
3660,540,52,44773,ORD-20230610-62136,1,349.0,1,changed_mind
3661,537,8,39976,ORD-20230610-33930,1,1799.0,1,delivery_issue
3662,539,71,4771,ORD-20230610-11312,1,71.1,1,not_as_described
3663,538,79,32743,ORD-20230611-61189,2,1798.0,1,not_as_described
3664,555,45,35743,ORD-20230611-46546,1,799.0,1,not_as_described
3665,537,69,17942,ORD-20230611-27203,1,129.0,1,compatibility_issue
3666,545,72,14041,ORD-20230611-11715,1,129.0,1,defective_product
3667,539,86,15606,ORD-20230611-91957,1,899.0,1,defective_product
3668,552,77,28476,ORD-20230611-95132,1,1029.0,1,not_as_described
3669,533,87,6589,ORD-20230611-57395,1,299.0,1,wrong_item
3670,549,79,32696,ORD-20230612-17897,1,899.0,1,changed_mind
3671,537,4,29512,ORD-20230612-96195,1,349.0,1,not_as_described
3672,553,19,30451,ORD-20230612-65010,3,1137.15,1,changed_mind
3673,549,46,46638,ORD-20230612-21607,1,474.05,1,not_as_described
3674,552,5,25713,ORD-20230612-37425,1,1499.0,1,changed_mind
3675,531,55,45033,ORD-20230612-64515,1,1499.0,1,compatibility_issue
3676,537,65,30027,ORD-20230612-58128,3,4797.0,1,defective_product
3677,555,8,33879,ORD-20230612-81440,1,1799.0,1,delivery_issue
3678,550,63,49487,ORD-20230612-27350,1,1599.0,1,not_as_described
3679,542,10,6084,ORD-20230612-52896,1,2799.0,1,changed_mind
3680,540,2,30305,ORD-20230612-24470,1,2499.0,1,delivery_issue
3681,557,36,29729,ORD-20230612-39143,1,599.0,1,defective_product
3682,538,84,21616,ORD-20230613-94031,1,899.0,1,delivery_issue
3683,536,4,36755,ORD-20230613-27957,1,349.0,1,not_as_described
3684,548,59,12553,ORD-20230613-57950,1,1709.05,1,compatibility_issue
3685,537,7,4338,ORD-20230613-84916,1,599.0,1,defective_product
3686,553,25,11383,ORD-20230613-69896,1,199.0,1,not_as_described
3687,542,95,24991,ORD-20230613-97053,1,149.0,1,not_as_described
3688,556,74,32085,ORD-20230613-34152,1,269.1,1,not_as_described
3689,551,20,44249,ORD-20230613-37455,1,349.0,1,changed_mind
3690,532,73,2920,ORD-20230613-49429,1,103.55,1,wrong_item
3691,556,55,41671,ORD-20230614-25365,1,1499.0,1,not_as_described
3692,546,21,19926,ORD-20230614-25401,1,329.0,1,changed_mind
3693,537,8,10693,ORD-20230614-70455,1,1799.0,1,changed_mind
3694,544,2,48485,ORD-20230614-48791,1,2499.0,1,delivery_issue
3695,551,54,30249,ORD-20230615-94098,1,99.0,1,compatibility_issue
3696,557,79,19732,ORD-20230615-30930,1,809.1,1,defective_product
3697,536,51,33120,ORD-20230615-54482,1,599.0,1,delivery_issue
3698,543,84,20355,ORD-20230615-83175,1,899.0,1,defective_product
3699,539,96,2948,ORD-20230615-81949,1,199.0,1,changed_mind
3700,547,93,19105,ORD-20230615-10366,1,59.0,1,delivery_issue
3701,550,6,4257,ORD-20230615-99853,1,2199.0,1,defective_product
3702,540,80,36397,ORD-20230615-80797,1,1099.0,1,changed_mind
3703,551,98,7856,ORD-20230615-68038,1,236.55,1,changed_mind
3704,550,75,29824,ORD-20230615-13049,1,349.0,1,wrong_item
3705,561,59,46367,ORD-20230615-81931,2,3418.1,1,delivery_issue
3706,552,60,22798,ORD-20230616-43414,1,1199.0,1,not_as_described
3707,545,95,6587,ORD-20230617-60461,1,149.0,1,defective_product
3708,559,16,33659,ORD-20230617-31930,1,449.0,1,not_as_described
3709,560,93,2958,ORD-20230617-14359,1,53.1,1,wrong_item
3710,539,85,7081,ORD-20230617-35776,1,381.65,1,wrong_item
3711,553,95,28269,ORD-20230617-81901,1,149.0,1,changed_mind
3712,556,58,35171,ORD-20230618-41655,1,1699.0,1,changed_mind
3713,564,55,13844,ORD-20230618-30519,2,2698.2,1,defective_product
3714,563,10,42024,ORD-20230618-35489,2,5598.0,1,wrong_item
3715,557,21,43960,ORD-20230618-24181,1,329.0,1,not_as_described
3716,562,59,11776,ORD-20230618-35601,1,1799.0,1,defective_product
3717,537,76,37012,ORD-20230618-48383,1,1262.55,1,wrong_item
3718,564,85,39075,ORD-20230619-74247,1,404.1,1,defective_product
3719,542,94,34191,ORD-20230619-60489,1,99.0,1,changed_mind
3720,539,7,29107,ORD-20230619-82140,1,569.05,1,compatibility_issue
3721,557,24,23378,ORD-20230619-25877,2,558.0,1,defective_product
3722,547,27,39433,ORD-20230620-81761,1,149.0,1,wrong_item
3723,544,61,31393,ORD-20230620-19382,1,999.0,1,delivery_issue
3724,564,76,48653,ORD-20230620-41443,1,1329.0,1,delivery_issue
3725,556,22,39563,ORD-20230620-38459,1,299.0,1,defective_product
3726,563,14,4947,ORD-20230620-31829,1,711.55,1,defective_product
3727,549,74,26025,ORD-20230620-42768,2,598.0,1,defective_product
3728,547,92,34003,ORD-20230620-71272,1,1219.0,1,not_as_described
3729,546,8,13501,ORD-20230620-42056,1,1529.15,1,changed_mind
3730,556,69,506,ORD-20230621-93842,1,129.0,1,changed_mind
3731,552,11,33399,ORD-20230621-74534,1,449.0,1,delivery_issue
3732,542,4,28018,ORD-20230621-88186,1,349.0,1,changed_mind
3733,554,42,9231,ORD-20230621-69876,1,1199.0,1,changed_mind
3734,544,71,20146,ORD-20230621-19955,1,75.05,1,wrong_item
3735,546,76,9264,ORD-20230621-80137,1,1329.0,1,defective_product
3736,555,71,43851,ORD-20230621-45865,1,79.0,1,not_as_described
3737,546,85,26472,ORD-20230622-17769,1,449.0,1,wrong_item
3738,565,36,23806,ORD-20230622-59987,1,599.0,1,not_as_described
3739,568,10,35921,ORD-20230622-82716,1,2799.0,1,defective_product
3740,549,67,45682,ORD-20230622-59107,1,999.0,1,changed_mind
3741,563,92,47307,ORD-20230622-64343,1,1158.05,1,compatibility_issue
3742,553,9,24675,ORD-20230622-10825,1,1299.0,1,not_as_described
3743,547,66,39745,ORD-20230623-17656,1,899.0,1,changed_mind
3744,547,71,3872,ORD-20230623-62453,1,79.0,1,not_as_described
3745,546,60,27028,ORD-20230623-20518,1,1199.0,1,delivery_issue
3746,556,86,25886,ORD-20230623-58242,1,899.0,1,compatibility_issue
3747,542,7,13703,ORD-20230623-78570,2,1198.0,1,defective_product
3748,565,76,25373,ORD-20230623-69967,2,2658.0,1,changed_mind
3749,560,82,43876,ORD-20230623-71851,1,849.0,1,defective_product
3750,548,77,30718,ORD-20230624-32845,1,1029.0,1,wrong_item
3751,548,26,21449,ORD-20230624-80385,1,179.0,1,not_as_described
3752,545,85,3991,ORD-20230624-23094,1,449.0,1,not_as_described
3753,554,7,32203,ORD-20230625-37689,1,599.0,1,defective_product
3754,550,93,42893,ORD-20230625-24493,1,59.0,1,defective_product
3755,557,1,31945,ORD-20230625-73019,1,1299.0,1,changed_mind
3756,556,6,41230,ORD-20230625-18879,1,2199.0,1,not_as_described
3757,556,61,21660,ORD-20230625-56170,2,1998.0,1,defective_product
3758,552,10,49386,ORD-20230625-31941,1,2659.05,1,changed_mind
3759,559,92,13187,ORD-20230625-18138,1,1219.0,1,delivery_issue
3760,544,1,21841,ORD-20230625-81862,1,1299.0,1,delivery_issue
3761,555,21,49846,ORD-20230625-56980,1,279.65,1,not_as_described
3762,564,94,41086,ORD-20230625-85379,1,94.05,1,changed_mind
3763,548,59,8148,ORD-20230625-80263,1,1799.0,1,delivery_issue
3764,545,87,47027,ORD-20230625-89837,2,598.0,1,defective_product
3765,559,47,21467,ORD-20230625-26636,1,599.0,1,wrong_item
3766,553,36,18124,ORD-20230626-79532,1,599.0,1,delivery_issue
3767,552,18,16730,ORD-20230626-32881,1,599.0,1,compatibility_issue
3768,555,90,36280,ORD-20230626-46902,1,806.55,1,changed_mind
3769,552,6,33700,ORD-20230626-20739,1,2089.05,1,defective_product
3770,550,8,36093,ORD-20230626-97900,1,1799.0,1,compatibility_issue
3771,556,23,5737,ORD-20230627-25287,1,179.0,1,delivery_issue
3772,573,95,44039,ORD-20230627-36079,1,126.65,1,defective_product
3773,554,71,32015,ORD-20230627-61575,1,79.0,1,delivery_issue
3774,555,41,30468,ORD-20230627-18203,1,521.55,1,defective_product
3775,556,79,34070,ORD-20230627-64017,1,899.0,1,delivery_issue
3776,554,12,8893,ORD-20230628-53412,1,899.0,1,not_as_described
3777,559,7,9495,ORD-20230628-88869,1,599.0,1,not_as_described
3778,558,98,31852,ORD-20230628-69695,1,249.0,1,defective_product
3779,570,28,1092,ORD-20230628-60814,1,249.0,1,defective_product
3780,572,82,48692,ORD-20230628-20498,1,849.0,1,changed_mind
3781,553,37,28860,ORD-20230628-83532,1,759.05,1,not_as_described
3782,566,22,38499,ORD-20230628-89053,1,299.0,1,delivery_issue
3783,564,92,20997,ORD-20230629-78083,1,1219.0,1,wrong_item
3784,562,17,1243,ORD-20230629-98160,2,1398.0,1,defective_product
3785,565,18,21277,ORD-20230629-23298,1,599.0,1,delivery_issue
3786,565,29,6995,ORD-20230629-29863,1,999.0,1,defective_product
3787,562,72,10318,ORD-20230629-13994,1,129.0,1,not_as_described
3788,562,68,21030,ORD-20230629-80450,1,109.0,1,delivery_issue
3789,558,94,27004,ORD-20230630-51175,1,99.0,1,changed_mind
3790,571,95,20667,ORD-20230630-45417,1,149.0,1,delivery_issue
3791,554,85,11867,ORD-20230630-27452,1,449.0,1,defective_product
3792,566,76,26116,ORD-20230630-67622,1,1262.55,1,compatibility_issue
3793,565,7,30882,ORD-20230630-45222,1,599.0,1,not_as_described
3794,551,34,95,ORD-20230630-13549,1,999.0,1,not_as_described
3795,550,39,28979,ORD-20230630-48058,1,1399.0,1,wrong_item
3796,562,80,48370,ORD-20230630-20461,2,2198.0,1,defective_product
3797,568,84,21860,ORD-20230630-55293,1,764.15,1,compatibility_issue
3798,560,17,38532,ORD-20230630-41476,1,699.0,1,delivery_issue
3799,573,19,49413,ORD-20230701-14290,1,399.0,1,defective_product
3800,560,81,13832,ORD-20230701-19935,1,799.0,1,not_as_described
3801,575,45,26521,ORD-20230701-49209,1,799.0,1,wrong_item
3802,566,4,41022,ORD-20230701-29952,1,349.0,1,compatibility_issue
3803,575,2,33439,ORD-20230701-41858,1,2374.05,1,wrong_item
3804,567,36,1051,ORD-20230701-65709,1,599.0,1,changed_mind
3805,558,65,14933,ORD-20230701-60880,1,1599.0,1,defective_product
3806,563,35,48334,ORD-20230701-34468,1,699.0,1,delivery_issue
3807,571,4,25869,ORD-20230702-40338,1,331.55,1,not_as_described
3808,552,67,1571,ORD-20230702-11221,1,999.0,1,compatibility_issue
3809,562,46,12170,ORD-20230702-44940,1,499.0,1,not_as_described
3810,568,16,27584,ORD-20230702-81558,1,449.0,1,delivery_issue
3811,572,24,4757,ORD-20230702-15625,1,265.05,1,delivery_issue
3812,568,69,12256,ORD-20230702-27502,1,122.55,1,compatibility_issue
3813,561,31,25141,ORD-20230702-49435,1,1099.0,1,not_as_described
3814,576,35,44596,ORD-20230702-98294,1,699.0,1,changed_mind
3815,565,69,38520,ORD-20230702-44749,1,129.0,1,not_as_described
3816,565,25,24729,ORD-20230702-45572,1,169.15,1,changed_mind
3817,562,82,32348,ORD-20230702-95036,1,849.0,1,not_as_described
3818,574,35,944,ORD-20230703-10712,1,699.0,1,changed_mind
3819,574,67,46199,ORD-20230703-48984,1,999.0,1,defective_product
3820,579,80,12912,ORD-20230703-53939,1,1044.05,1,defective_product
3821,576,61,17226,ORD-20230703-85137,1,949.05,1,delivery_issue
3822,558,77,1448,ORD-20230703-64956,1,1029.0,1,defective_product
3823,565,2,13813,ORD-20230703-94682,1,2374.05,1,defective_product
3824,572,10,24909,ORD-20230703-71550,1,2799.0,1,changed_mind
3825,566,32,47345,ORD-20230704-76722,1,854.05,1,delivery_issue
3826,558,10,422,ORD-20230704-20617,2,5598.0,1,defective_product
3827,575,95,24998,ORD-20230704-94876,1,141.55,1,wrong_item
3828,554,86,24606,ORD-20230704-57097,1,899.0,1,delivery_issue
3829,580,17,36558,ORD-20230704-20339,1,699.0,1,defective_product
3830,571,60,48744,ORD-20230704-21469,1,1199.0,1,defective_product
3831,571,88,11992,ORD-20230704-36985,1,699.0,1,changed_mind
3832,555,85,31508,ORD-20230705-16478,1,449.0,1,changed_mind
3833,580,1,34989,ORD-20230705-77665,1,1299.0,1,delivery_issue
3834,559,93,464,ORD-20230705-51315,1,56.05,1,compatibility_issue
3835,555,59,43228,ORD-20230705-45906,1,1619.1,1,delivery_issue
3836,563,15,49162,ORD-20230705-35724,1,299.0,1,not_as_described
3837,580,51,34413,ORD-20230705-40821,2,1198.0,1,changed_mind
3838,572,4,35121,ORD-20230705-63877,1,349.0,1,defective_product
3839,561,25,26453,ORD-20230705-66317,1,199.0,1,defective_product
3840,578,46,18016,ORD-20230706-68522,1,499.0,1,not_as_described
3841,561,73,29876,ORD-20230706-77086,1,109.0,1,defective_product
3842,555,34,33605,ORD-20230706-26482,1,999.0,1,changed_mind
3843,561,25,20715,ORD-20230706-90539,1,199.0,1,defective_product
3844,560,76,16644,ORD-20230706-15204,1,1329.0,1,defective_product
3845,556,32,48812,ORD-20230706-60665,1,899.0,1,not_as_described
3846,581,20,3780,ORD-20230707-81625,1,331.55,1,not_as_described
3847,570,19,9454,ORD-20230707-89375,1,399.0,1,changed_mind
3848,572,26,60,ORD-20230707-26686,1,179.0,1,wrong_item
3849,566,67,36854,ORD-20230707-21588,1,999.0,1,not_as_described
3850,581,66,33994,ORD-20230707-88161,1,899.0,1,delivery_issue
3851,575,19,35385,ORD-20230707-80418,2,798.0,1,compatibility_issue
3852,571,92,34048,ORD-20230707-72385,1,1219.0,1,delivery_issue
3853,561,76,41359,ORD-20230707-37490,2,2658.0,1,not_as_described
3854,571,97,38354,ORD-20230708-84228,1,299.0,1,wrong_item
3855,568,71,48534,ORD-20230708-75491,1,75.05,1,defective_product
3856,567,41,12490,ORD-20230708-59029,1,549.0,1,changed_mind
3857,558,65,6870,ORD-20230708-46546,1,1599.0,1,wrong_item
3858,576,79,25372,ORD-20230708-29782,1,899.0,1,delivery_issue
3859,568,63,41880,ORD-20230708-34680,2,2878.2,1,wrong_item
3860,564,38,4323,ORD-20230708-24833,1,664.05,1,not_as_described
3861,573,88,7919,ORD-20230708-12493,1,699.0,1,defective_product
3862,576,83,36428,ORD-20230708-43409,1,399.0,1,compatibility_issue
3863,579,38,34004,ORD-20230709-88228,1,699.0,1,not_as_described
3864,559,85,16288,ORD-20230709-55603,1,449.0,1,changed_mind
3865,558,66,16691,ORD-20230709-60480,1,899.0,1,compatibility_issue
3866,584,20,4781,ORD-20230709-58260,1,331.55,1,changed_mind
3867,585,21,7387,ORD-20230709-19814,1,329.0,1,not_as_described
3868,560,86,19824,ORD-20230709-24931,1,899.0,1,defective_product
3869,562,39,27872,ORD-20230709-96052,1,1399.0,1,not_as_described
3870,572,6,30361,ORD-20230709-21405,1,2199.0,1,defective_product
3871,578,26,42501,ORD-20230710-23576,1,179.0,1,defective_product
3872,575,33,8893,ORD-20230710-38744,1,799.0,1,defective_product
3873,567,8,46657,ORD-20230710-77934,1,1799.0,1,not_as_described
3874,586,92,12764,ORD-20230711-14598,1,1219.0,1,not_as_described
3875,571,69,16886,ORD-20230711-51588,1,129.0,1,not_as_described
3876,583,40,25322,ORD-20230712-32692,1,711.55,1,not_as_described
3877,564,23,48158,ORD-20230712-93467,1,179.0,1,delivery_issue
3878,589,76,37971,ORD-20230713-76510,1,1196.1,1,wrong_item
3879,570,94,15057,ORD-20230713-86283,1,99.0,1,not_as_described
3880,584,5,32264,ORD-20230713-52466,1,1499.0,1,changed_mind
3881,563,47,6153,ORD-20230714-74121,1,599.0,1,delivery_issue
3882,569,61,35193,ORD-20230714-80249,1,999.0,1,compatibility_issue
3883,580,48,36157,ORD-20230714-33457,1,699.0,1,delivery_issue
3884,585,71,43941,ORD-20230714-16888,1,79.0,1,changed_mind
3885,575,35,30096,ORD-20230714-96751,1,699.0,1,delivery_issue
3886,587,93,23113,ORD-20230714-26619,1,59.0,1,wrong_item
3887,573,76,32451,ORD-20230714-24878,1,1329.0,1,defective_product
3888,578,18,25234,ORD-20230715-67771,1,599.0,1,wrong_item
3889,585,80,48494,ORD-20230715-93529,2,2198.0,1,defective_product
3890,568,67,35886,ORD-20230715-88014,1,999.0,1,compatibility_issue
3891,590,66,25531,ORD-20230715-96988,2,1708.1,1,changed_mind
3892,585,3,14357,ORD-20230715-31999,1,474.05,1,wrong_item
3893,590,20,34461,ORD-20230715-56094,1,349.0,1,defective_product
3894,570,18,44306,ORD-20230715-78386,1,599.0,1,changed_mind
3895,574,83,45930,ORD-20230715-10759,1,399.0,1,defective_product
3896,565,31,19966,ORD-20230715-25707,2,2198.0,1,compatibility_issue
3897,571,70,25649,ORD-20230716-83068,1,129.0,1,changed_mind
3898,577,95,10327,ORD-20230716-79422,1,149.0,1,wrong_item
3899,582,14,33803,ORD-20230716-53666,1,749.0,1,changed_mind
3900,592,19,45066,ORD-20230716-18829,1,399.0,1,delivery_issue
3901,592,17,16457,ORD-20230716-25719,1,699.0,1,not_as_described
3902,574,75,45646,ORD-20230716-20065,1,349.0,1,delivery_issue
3903,585,73,10864,ORD-20230716-34644,1,109.0,1,wrong_item
3904,574,63,11387,ORD-20230716-54671,1,1599.0,1,not_as_described
3905,585,43,29399,ORD-20230716-83903,1,1499.0,1,compatibility_issue
3906,593,66,25137,ORD-20230717-30830,1,899.0,1,defective_product
3907,573,16,29487,ORD-20230717-78844,1,449.0,1,changed_mind
3908,571,56,41816,ORD-20230717-36657,1,1979.1,1,not_as_described
3909,579,66,48344,ORD-20230718-90463,1,899.0,1,delivery_issue
3910,589,95,16806,ORD-20230718-71396,1,149.0,1,compatibility_issue
3911,575,72,35461,ORD-20230718-10255,1,129.0,1,not_as_described
3912,591,77,1949,ORD-20230718-67952,1,1029.0,1,delivery_issue
3913,569,76,8054,ORD-20230718-18146,2,2658.0,1,compatibility_issue
3914,594,96,49276,ORD-20230719-10805,1,189.05,1,wrong_item
3915,577,2,18240,ORD-20230719-97719,1,2249.1,1,delivery_issue
3916,582,34,47732,ORD-20230719-96679,1,999.0,1,not_as_described
3917,588,67,2237,ORD-20230719-96871,1,999.0,1,not_as_described
3918,586,31,29729,ORD-20230719-45433,1,1099.0,1,not_as_described
3919,587,12,42671,ORD-20230720-83674,1,899.0,1,wrong_item
3920,585,6,43743,ORD-20230720-31933,1,1979.1,1,defective_product
3921,578,71,3310,ORD-20230720-19824,1,79.0,1,compatibility_issue
3922,574,11,25402,ORD-20230720-99431,1,404.1,1,compatibility_issue
3923,583,80,18678,ORD-20230720-84418,1,1099.0,1,defective_product
3924,588,11,28557,ORD-20230720-97764,1,449.0,1,changed_mind
3925,573,89,14945,ORD-20230720-86047,1,249.0,1,defective_product
3926,591,25,11453,ORD-20230720-45540,1,199.0,1,changed_mind
3927,586,67,45788,ORD-20230721-81099,1,999.0,1,not_as_described
3928,593,65,9421,ORD-20230721-61908,1,1599.0,1,defective_product
3929,595,65,27320,ORD-20230721-44333,1,1599.0,1,not_as_described
3930,592,92,40910,ORD-20230721-19938,1,1219.0,1,delivery_issue
3931,574,86,5688,ORD-20230721-55497,1,899.0,1,delivery_issue
3932,574,31,6860,ORD-20230721-45202,1,1099.0,1,wrong_item
3933,583,80,7587,ORD-20230721-66211,1,1099.0,1,changed_mind
3934,585,74,6321,ORD-20230722-30307,1,299.0,1,changed_mind
3935,584,23,29236,ORD-20230722-76339,1,152.15,1,changed_mind
3936,577,95,17752,ORD-20230722-38450,1,134.1,1,wrong_item
3937,593,89,14063,ORD-20230722-85554,1,236.55,1,not_as_described
3938,586,27,3278,ORD-20230722-40387,1,149.0,1,not_as_described
3939,583,65,22938,ORD-20230723-47611,1,1599.0,1,defective_product
3940,594,66,8183,ORD-20230723-57593,1,899.0,1,changed_mind
3941,597,95,22046,ORD-20230723-20760,1,141.55,1,defective_product
3942,589,10,35201,ORD-20230723-30125,1,2799.0,1,wrong_item
3943,598,77,28414,ORD-20230723-16581,1,977.55,1,changed_mind
3944,597,10,2220,ORD-20230723-75536,1,2659.05,1,changed_mind
3945,591,76,16902,ORD-20230723-31910,1,1329.0,1,not_as_described
3946,579,42,29532,ORD-20230723-62424,1,1199.0,1,compatibility_issue
3947,594,79,8450,ORD-20230724-95849,1,899.0,1,changed_mind
3948,584,32,22124,ORD-20230724-77513,1,809.1,1,not_as_described
3949,596,34,6748,ORD-20230724-50757,2,1898.1,1,defective_product
3950,600,51,39488,ORD-20230724-91261,1,599.0,1,changed_mind
3951,575,36,15905,ORD-20230724-51531,1,599.0,1,changed_mind
3952,595,59,100,ORD-20230725-17224,2,3598.0,1,delivery_issue
3953,584,27,16690,ORD-20230725-21719,1,149.0,1,wrong_item
3954,588,76,44911,ORD-20230725-64593,1,1329.0,1,delivery_issue
3955,594,59,10636,ORD-20230725-38659,1,1709.05,1,changed_mind
3956,590,17,11712,ORD-20230725-38397,1,699.0,1,not_as_described
3957,597,82,19914,ORD-20230725-86804,1,849.0,1,wrong_item
3958,578,73,23383,ORD-20230726-78502,1,109.0,1,wrong_item
3959,582,67,12191,ORD-20230726-26181,1,999.0,1,changed_mind
3960,592,65,3291,ORD-20230726-29737,1,1599.0,1,not_as_described
3961,598,93,45551,ORD-20230726-74167,2,112.1,1,delivery_issue
3962,576,91,22440,ORD-20230726-14401,2,1556.1,1,defective_product
3963,598,72,5255,ORD-20230726-18585,1,122.55,1,changed_mind
3964,594,29,46487,ORD-20230726-44526,1,999.0,1,defective_product
3965,591,78,27244,ORD-20230726-17856,1,1349.0,1,defective_product
3966,586,46,21365,ORD-20230727-47419,1,474.05,1,delivery_issue
3967,595,10,33109,ORD-20230727-30691,1,2799.0,1,not_as_described
3968,579,67,34189,ORD-20230727-51228,1,999.0,1,wrong_item
3969,596,30,34458,ORD-20230727-42540,1,1299.0,1,defective_product
3970,603,7,8435,ORD-20230728-35318,1,599.0,1,delivery_issue
3971,587,78,25848,ORD-20230728-56038,1,1349.0,1,not_as_described
3972,600,76,33902,ORD-20230728-97814,1,1262.55,1,wrong_item
3973,577,85,24595,ORD-20230728-55268,2,898.0,1,compatibility_issue
3974,582,83,34930,ORD-20230728-52682,1,399.0,1,not_as_described
3975,583,4,25138,ORD-20230728-25951,1,349.0,1,changed_mind
3976,585,67,21646,ORD-20230728-61066,1,999.0,1,defective_product
3977,578,69,12946,ORD-20230728-88384,1,129.0,1,compatibility_issue
3978,590,65,49618,ORD-20230729-62060,1,1599.0,1,delivery_issue
3979,603,79,7815,ORD-20230729-81088,1,899.0,1,not_as_described
3980,594,19,7580,ORD-20230730-41926,1,399.0,1,not_as_described
3981,588,75,27530,ORD-20230730-26924,1,349.0,1,changed_mind
3982,606,76,2444,ORD-20230730-34584,1,1329.0,1,defective_product
3983,587,82,33031,ORD-20230730-92798,1,806.55,1,changed_mind
3984,598,45,40676,ORD-20230730-66271,1,799.0,1,changed_mind
3985,591,79,15713,ORD-20230730-82432,1,899.0,1,not_as_described
3986,596,18,49891,ORD-20230730-44854,1,569.05,1,defective_product
3987,599,89,41551,ORD-20230730-30996,1,249.0,1,not_as_described
3988,591,72,45688,ORD-20230730-44612,1,129.0,1,wrong_item
3989,581,61,40100,ORD-20230730-32696,1,999.0,1,wrong_item
3990,581,21,27813,ORD-20230730-33082,1,312.55,1,changed_mind
3991,579,95,21427,ORD-20230730-57276,1,149.0,1,defective_product
3992,580,73,34641,ORD-20230731-75341,1,109.0,1,not_as_described
3993,585,74,41669,ORD-20230731-21987,1,299.0,1,defective_product
3994,603,92,8390,ORD-20230801-21089,1,1219.0,1,delivery_issue
3995,596,19,41421,ORD-20230801-15241,2,798.0,1,defective_product
3996,600,48,370,ORD-20230801-71303,1,699.0,1,changed_mind
3997,600,23,45930,ORD-20230801-61993,1,179.0,1,defective_product
3998,582,66,21488,ORD-20230801-14445,1,899.0,1,wrong_item
3999,586,82,16278,ORD-20230801-79013,1,849.0,1,changed_mind
4000,596,79,46845,ORD-20230802-50974,1,854.05,1,not_as_described
4001,603,1,8677,ORD-20230802-32749,1,1299.0,1,changed_mind
4002,598,22,18439,ORD-20230802-62645,1,284.05,1,changed_mind
4003,608,94,29920,ORD-20230802-93430,2,198.0,1,not_as_described
4004,590,20,36052,ORD-20230802-87903,1,349.0,1,defective_product
4005,585,71,45956,ORD-20230803-51273,1,79.0,1,compatibility_issue
4006,601,76,48857,ORD-20230803-57876,1,1329.0,1,not_as_described
4007,603,11,35895,ORD-20230803-57150,1,449.0,1,not_as_described
4008,592,91,31008,ORD-20230803-59757,1,819.0,1,compatibility_issue
4009,598,72,40621,ORD-20230804-37631,1,122.55,1,defective_product
4010,587,71,10811,ORD-20230804-27991,1,79.0,1,delivery_issue
4011,608,86,21983,ORD-20230804-54295,1,899.0,1,changed_mind
4012,608,79,36330,ORD-20230804-31368,1,899.0,1,not_as_described
4013,600,1,19687,ORD-20230805-71636,1,1299.0,1,not_as_described
4014,597,26,47712,ORD-20230805-65508,1,179.0,1,changed_mind
4015,603,79,35074,ORD-20230805-21913,1,854.05,1,not_as_described
4016,602,20,30272,ORD-20230805-21253,1,349.0,1,compatibility_issue
4017,606,27,44801,ORD-20230805-96217,1,149.0,1,changed_mind
4018,607,65,18057,ORD-20230805-42859,1,1599.0,1,delivery_issue
4019,606,79,15178,ORD-20230805-23276,1,854.05,1,defective_product
4020,607,5,13990,ORD-20230805-66296,1,1499.0,1,compatibility_issue
4021,611,76,27387,ORD-20230806-63710,1,1329.0,1,not_as_described
4022,593,2,28264,ORD-20230806-22210,1,2499.0,1,changed_mind
4023,597,67,7972,ORD-20230806-89500,1,899.1,1,defective_product
4024,608,76,1037,ORD-20230806-93802,1,1329.0,1,defective_product
4025,608,19,47085,ORD-20230807-54140,1,399.0,1,not_as_described
4026,599,72,40299,ORD-20230807-10307,1,129.0,1,wrong_item
4027,598,91,1207,ORD-20230807-69713,1,778.05,1,not_as_described
4028,610,26,1207,ORD-20230807-99938,1,179.0,1,not_as_described
4029,611,72,14960,ORD-20230807-40951,1,122.55,1,wrong_item
4030,589,70,20599,ORD-20230808-80462,1,129.0,1,not_as_described
4031,601,95,19461,ORD-20230808-89874,1,149.0,1,changed_mind
4032,609,97,36707,ORD-20230808-78954,1,269.1,1,wrong_item
4033,594,31,8691,ORD-20230808-77302,1,989.1,1,defective_product
4034,614,92,20960,ORD-20230808-26571,1,1219.0,1,changed_mind
4035,603,82,1783,ORD-20230809-36259,1,849.0,1,not_as_described
4036,600,91,31184,ORD-20230809-19976,1,819.0,1,defective_product
4037,595,22,22692,ORD-20230809-32704,1,299.0,1,defective_product
4038,595,14,31732,ORD-20230810-89212,1,749.0,1,compatibility_issue
4039,615,11,13529,ORD-20230810-56450,1,426.55,1,changed_mind
4040,604,90,38340,ORD-20230810-23496,1,806.55,1,compatibility_issue
4041,614,14,13923,ORD-20230810-76821,1,674.1,1,not_as_described
4042,610,77,43877,ORD-20230810-96987,1,1029.0,1,delivery_issue
4043,599,7,14042,ORD-20230810-66327,1,569.05,1,wrong_item
4044,614,63,33085,ORD-20230810-11053,1,1519.05,1,not_as_described
4045,617,11,14032,ORD-20230810-54071,1,426.55,1,wrong_item
4046,602,23,22783,ORD-20230810-95952,2,358.0,1,wrong_item
4047,597,32,40384,ORD-20230811-42880,1,899.0,1,changed_mind
4048,593,67,1630,ORD-20230811-44492,1,949.05,1,defective_product
4049,608,26,6423,ORD-20230811-33179,1,179.0,1,not_as_described
4050,609,30,37222,ORD-20230811-95028,1,1299.0,1,defective_product
4051,610,38,24686,ORD-20230812-43994,1,699.0,1,defective_product
4052,618,82,30859,ORD-20230812-87655,1,849.0,1,defective_product
4053,614,46,41112,ORD-20230812-82756,2,898.2,1,delivery_issue
4054,618,17,30200,ORD-20230812-51329,1,699.0,1,compatibility_issue
4055,608,76,1116,ORD-20230812-63626,1,1329.0,1,not_as_described
4056,617,9,5261,ORD-20230813-88269,1,1169.1,1,defective_product
4057,596,92,298,ORD-20230813-13193,1,1219.0,1,not_as_described
4058,593,8,10302,ORD-20230813-56217,1,1799.0,1,not_as_described
4059,593,59,10814,ORD-20230813-90994,1,1799.0,1,defective_product
4060,603,74,34078,ORD-20230813-10978,1,299.0,1,changed_mind
4061,613,11,6634,ORD-20230813-78450,1,426.55,1,not_as_described
4062,603,93,30444,ORD-20230813-93276,1,56.05,1,changed_mind
4063,612,59,18014,ORD-20230814-64533,1,1799.0,1,changed_mind
4064,618,26,29180,ORD-20230814-45368,1,179.0,1,not_as_described
4065,616,35,6326,ORD-20230814-24493,1,699.0,1,changed_mind
4066,609,73,49067,ORD-20230814-38239,1,98.1,1,delivery_issue
4067,614,55,5633,ORD-20230814-69934,1,1499.0,1,not_as_described
4068,607,65,41709,ORD-20230814-92052,1,1599.0,1,not_as_described
4069,617,20,15640,ORD-20230814-67708,1,331.55,1,compatibility_issue
4070,603,34,9615,ORD-20230814-72611,1,999.0,1,defective_product
4071,606,73,9783,ORD-20230814-97879,1,98.1,1,delivery_issue
4072,603,74,11612,ORD-20230815-17132,1,269.1,1,changed_mind
4073,609,65,37519,ORD-20230815-20949,1,1599.0,1,defective_product
4074,602,59,49165,ORD-20230815-20645,1,1799.0,1,defective_product
4075,603,89,7642,ORD-20230815-97356,1,249.0,1,defective_product
4076,612,94,21676,ORD-20230815-87989,1,99.0,1,defective_product
4077,603,73,16237,ORD-20230815-26281,1,109.0,1,wrong_item
4078,623,95,49172,ORD-20230816-73314,1,149.0,1,not_as_described
4079,619,61,19730,ORD-20230816-62615,1,949.05,1,changed_mind
4080,618,21,48139,ORD-20230816-64586,1,329.0,1,defective_product
4081,600,54,33024,ORD-20230816-57222,1,99.0,1,not_as_described
4082,606,46,41355,ORD-20230816-92384,2,998.0,1,not_as_described
4083,606,52,36131,ORD-20230817-89018,1,349.0,1,defective_product
4084,607,78,7396,ORD-20230817-31550,2,2698.0,1,not_as_described
4085,614,16,49950,ORD-20230817-62762,1,449.0,1,compatibility_issue
4086,608,86,2152,ORD-20230817-64517,1,899.0,1,not_as_described
4087,619,71,38743,ORD-20230817-63426,1,79.0,1,compatibility_issue
4088,618,85,14532,ORD-20230818-14578,1,449.0,1,defective_product
4089,619,7,49818,ORD-20230818-61679,1,599.0,1,changed_mind
4090,605,92,26508,ORD-20230818-19038,1,1219.0,1,defective_product
4091,621,62,47094,ORD-20230818-62082,1,1234.05,1,wrong_item
4092,608,21,10812,ORD-20230818-83812,1,329.0,1,not_as_described
4093,602,95,29281,ORD-20230818-23156,1,149.0,1,defective_product
4094,608,17,21653,ORD-20230819-36429,1,699.0,1,compatibility_issue
4095,605,67,17469,ORD-20230819-33852,1,949.05,1,not_as_described
4096,605,72,10174,ORD-20230819-26901,1,129.0,1,defective_product
4097,623,29,18069,ORD-20230820-46841,1,999.0,1,delivery_issue
4098,618,22,19753,ORD-20230820-54349,2,598.0,1,wrong_item
4099,615,12,25809,ORD-20230820-10177,1,899.0,1,changed_mind
4100,624,25,35764,ORD-20230820-17675,1,199.0,1,not_as_described
4101,602,8,33057,ORD-20230820-13723,1,1529.15,1,defective_product
4102,605,97,30708,ORD-20230820-16636,1,269.1,1,compatibility_issue
4103,623,65,3545,ORD-20230820-81442,1,1599.0,1,delivery_issue
4104,606,73,42552,ORD-20230820-28709,1,103.55,1,changed_mind
4105,625,65,35630,ORD-20230821-15723,1,1439.1,1,defective_product
4106,608,20,32874,ORD-20230821-95578,1,314.1,1,defective_product
4107,621,84,1147,ORD-20230821-42837,1,899.0,1,compatibility_issue
4108,626,40,33344,ORD-20230821-67218,1,749.0,1,compatibility_issue
4109,621,67,16505,ORD-20230821-99438,1,999.0,1,defective_product
4110,613,7,5136,ORD-20230821-76919,2,1078.2,1,compatibility_issue
4111,609,48,27574,ORD-20230822-46188,1,699.0,1,compatibility_issue
4112,613,65,28359,ORD-20230822-21895,2,3038.1,1,compatibility_issue
4113,629,71,20864,ORD-20230822-33739,1,75.05,1,changed_mind
4114,608,58,19361,ORD-20230822-73336,1,1699.0,1,defective_product
4115,625,21,27409,ORD-20230823-56806,1,329.0,1,changed_mind
4116,616,89,13918,ORD-20230823-34334,1,236.55,1,changed_mind
4117,628,51,16446,ORD-20230823-59661,1,599.0,1,delivery_issue
4118,609,77,6927,ORD-20230823-40508,1,1029.0,1,delivery_issue
4119,624,68,26656,ORD-20230823-51269,1,109.0,1,defective_product
4120,622,80,45657,ORD-20230823-99154,2,2198.0,1,changed_mind
4121,628,76,97,ORD-20230824-40716,1,1329.0,1,delivery_issue
4122,618,55,26071,ORD-20230825-26082,1,1424.05,1,not_as_described
4123,617,8,35893,ORD-20230826-55678,1,1799.0,1,changed_mind
4124,621,73,12342,ORD-20230826-50865,1,109.0,1,not_as_described
4125,628,60,19396,ORD-20230826-60043,1,1139.05,1,defective_product
4126,613,62,20260,ORD-20230826-29598,1,1299.0,1,defective_product
4127,625,29,25300,ORD-20230826-85639,1,999.0,1,not_as_described
4128,607,85,27413,ORD-20230826-86409,1,449.0,1,wrong_item
4129,618,80,44245,ORD-20230826-60565,1,1099.0,1,wrong_item
4130,609,2,2156,ORD-20230826-42723,1,2374.05,1,changed_mind
4131,609,70,21781,ORD-20230826-14257,1,129.0,1,wrong_item
4132,609,19,29738,ORD-20230827-23475,2,798.0,1,defective_product
4133,624,90,31953,ORD-20230827-23796,1,849.0,1,not_as_described
4134,627,67,29470,ORD-20230827-42127,1,999.0,1,delivery_issue
4135,619,3,30384,ORD-20230827-80585,1,449.1,1,changed_mind
4136,629,64,31665,ORD-20230827-57264,1,664.05,1,delivery_issue
4137,618,70,41786,ORD-20230827-22918,1,116.1,1,defective_product
4138,611,52,39654,ORD-20230827-38350,3,889.95,1,changed_mind
4139,631,40,16425,ORD-20230827-11259,1,711.55,1,defective_product
4140,625,18,19546,ORD-20230827-98175,1,599.0,1,changed_mind
4141,632,76,5746,ORD-20230828-31763,1,1196.1,1,compatibility_issue
4142,632,46,34127,ORD-20230828-34975,1,499.0,1,defective_product
4143,617,77,44150,ORD-20230828-27578,1,1029.0,1,defective_product
4144,619,97,14150,ORD-20230828-80402,1,299.0,1,not_as_described
4145,620,93,37546,ORD-20230828-67436,1,59.0,1,wrong_item
4146,634,68,38498,ORD-20230829-52117,1,109.0,1,delivery_issue
4147,622,92,37173,ORD-20230829-16327,1,1097.1,1,not_as_described
4148,614,97,11907,ORD-20230829-29250,1,299.0,1,not_as_described
4149,634,14,41731,ORD-20230829-98750,1,749.0,1,not_as_described
4150,619,51,45213,ORD-20230829-37481,1,599.0,1,delivery_issue
4151,619,67,19802,ORD-20230829-36276,1,999.0,1,compatibility_issue
4152,612,59,17333,ORD-20230829-95348,1,1799.0,1,not_as_described
4153,636,59,31257,ORD-20230829-90226,1,1799.0,1,delivery_issue
4154,629,10,41437,ORD-20230829-37372,1,2659.05,1,compatibility_issue
4155,611,72,44319,ORD-20230830-82645,1,122.55,1,defective_product
4156,620,61,48132,ORD-20230830-20274,1,999.0,1,delivery_issue
4157,622,61,8932,ORD-20230830-91578,1,899.1,1,compatibility_issue
4158,618,11,28448,ORD-20230831-59354,1,404.1,1,not_as_described
4159,636,64,28267,ORD-20230831-63589,1,699.0,1,defective_product
4160,611,55,41668,ORD-20230831-98904,1,1499.0,1,defective_product
4161,615,71,28204,ORD-20230831-43170,1,71.1,1,compatibility_issue
4162,633,75,47441,ORD-20230831-51387,2,698.0,1,delivery_issue
4163,625,78,16098,ORD-20230831-95359,2,2563.1,1,changed_mind
4164,637,15,37022,ORD-20230901-20193,1,299.0,1,defective_product
4165,628,67,46236,ORD-20230901-40481,1,999.0,1,not_as_described
4166,614,7,30608,ORD-20230901-48113,1,599.0,1,compatibility_issue
4167,614,14,15164,ORD-20230901-42857,1,749.0,1,defective_product
4168,613,89,22844,ORD-20230901-15824,1,249.0,1,delivery_issue
4169,630,21,12107,ORD-20230901-59942,2,658.0,1,defective_product
4170,614,63,30711,ORD-20230901-62997,1,1439.1,1,defective_product
4171,613,27,17578,ORD-20230901-59859,1,149.0,1,delivery_issue
4172,615,65,43936,ORD-20230901-51321,1,1599.0,1,defective_product
4173,633,73,29753,ORD-20230902-80287,2,218.0,1,defective_product
4174,619,79,45270,ORD-20230902-70600,1,899.0,1,changed_mind
4175,616,86,37585,ORD-20230902-94164,1,899.0,1,delivery_issue
4176,633,7,16915,ORD-20230902-66602,1,599.0,1,changed_mind
4177,625,16,37854,ORD-20230902-54959,1,449.0,1,not_as_described
4178,627,50,19278,ORD-20230903-87721,1,749.0,1,delivery_issue
4179,636,15,40484,ORD-20230903-30375,1,284.05,1,not_as_described
4180,618,65,30364,ORD-20230903-55186,1,1599.0,1,not_as_described
4181,629,69,16271,ORD-20230903-30496,1,122.55,1,wrong_item
4182,640,68,10154,ORD-20230903-29909,1,109.0,1,changed_mind
4183,631,85,34309,ORD-20230903-82474,1,449.0,1,delivery_issue
4184,617,34,49999,ORD-20230903-11375,1,999.0,1,changed_mind
4185,626,95,40727,ORD-20230903-67994,1,149.0,1,changed_mind
4186,640,59,7204,ORD-20230903-19316,2,3598.0,1,defective_product
4187,637,92,1542,ORD-20230904-33817,1,1219.0,1,changed_mind
4188,621,30,44603,ORD-20230904-11941,1,1169.1,1,defective_product
4189,625,95,23172,ORD-20230904-98733,1,141.55,1,wrong_item
4190,623,25,3083,ORD-20230904-45127,1,199.0,1,wrong_item
4191,634,69,34807,ORD-20230904-83891,1,129.0,1,defective_product
4192,638,41,44345,ORD-20230904-99524,1,549.0,1,defective_product
4193,631,72,1969,ORD-20230905-55626,1,109.65,1,delivery_issue
4194,635,94,29084,ORD-20230905-14416,1,99.0,1,changed_mind
4195,638,50,5966,ORD-20230905-85201,1,749.0,1,compatibility_issue
4196,643,14,27349,ORD-20230905-64278,1,749.0,1,not_as_described
4197,630,14,7403,ORD-20230905-72488,1,749.0,1,changed_mind
4198,631,72,8112,ORD-20230905-57127,1,122.55,1,compatibility_issue
4199,620,16,48815,ORD-20230906-71951,1,404.1,1,not_as_described
4200,629,22,36814,ORD-20230906-60873,1,299.0,1,wrong_item
4201,639,27,27216,ORD-20230906-84292,1,149.0,1,not_as_described
4202,628,14,6348,ORD-20230906-37230,1,749.0,1,not_as_described
4203,629,61,21238,ORD-20230906-16408,1,999.0,1,defective_product
4204,622,12,48754,ORD-20230906-15532,1,899.0,1,changed_mind
4205,624,79,21589,ORD-20230906-99129,1,899.0,1,delivery_issue
4206,639,8,21967,ORD-20230906-22841,1,1709.05,1,not_as_described
4207,626,18,37101,ORD-20230906-95715,1,599.0,1,wrong_item
4208,639,78,35845,ORD-20230906-65625,1,1349.0,1,defective_product
4209,620,85,43055,ORD-20230907-88582,3,1347.0,1,wrong_item
4210,638,58,27237,ORD-20230907-97349,1,1529.1,1,changed_mind
4211,625,14,24527,ORD-20230907-41082,1,749.0,1,defective_product
4212,624,1,1027,ORD-20230907-99797,1,1299.0,1,delivery_issue
4213,634,91,39522,ORD-20230907-59341,1,819.0,1,compatibility_issue
4214,620,91,5061,ORD-20230907-15225,1,778.05,1,delivery_issue
4215,618,14,48190,ORD-20230907-19908,1,749.0,1,delivery_issue
4216,622,87,31307,ORD-20230907-27807,1,269.1,1,defective_product
4217,645,29,21817,ORD-20230907-31510,1,999.0,1,defective_product
4218,625,5,48873,ORD-20230907-86897,1,1499.0,1,changed_mind
4219,631,42,37888,ORD-20230908-95438,1,1199.0,1,defective_product
4220,635,67,46420,ORD-20230908-23023,1,949.05,1,compatibility_issue
4221,624,58,5253,ORD-20230908-18615,1,1699.0,1,changed_mind
4222,633,97,5700,ORD-20230908-10400,1,299.0,1,defective_product
4223,638,7,8049,ORD-20230908-70712,1,599.0,1,changed_mind
4224,634,8,41613,ORD-20230908-75344,1,1709.05,1,compatibility_issue
4225,622,97,20106,ORD-20230908-60954,1,299.0,1,delivery_issue
4226,644,65,26805,ORD-20230908-64057,1,1359.15,1,defective_product
4227,634,46,6588,ORD-20230908-45500,1,499.0,1,not_as_described
4228,637,90,32777,ORD-20230908-14702,1,764.1,1,wrong_item
4229,630,68,1858,ORD-20230908-74512,1,109.0,1,compatibility_issue
4230,625,77,43645,ORD-20230908-36749,1,874.65,1,defective_product
4231,633,18,16224,ORD-20230909-69459,1,569.05,1,changed_mind
4232,645,91,32712,ORD-20230909-30886,1,819.0,1,defective_product
4233,631,83,2336,ORD-20230909-50777,1,399.0,1,wrong_item
4234,642,70,627,ORD-20230909-24413,1,122.55,1,not_as_described
4235,640,20,359,ORD-20230909-99241,1,349.0,1,defective_product
4236,621,53,12246,ORD-20230909-50237,1,141.55,1,compatibility_issue
4237,633,87,41107,ORD-20230909-26231,1,299.0,1,not_as_described
4238,642,66,28260,ORD-20230909-34906,1,899.0,1,delivery_issue
4239,633,76,5169,ORD-20230909-48494,1,1196.1,1,not_as_described
4240,624,81,4671,ORD-20230910-99892,1,799.0,1,compatibility_issue
4241,629,76,31746,ORD-20230910-40180,1,1262.55,1,defective_product
4242,638,43,25346,ORD-20230910-56497,1,1499.0,1,compatibility_issue
4243,625,35,9174,ORD-20230910-18042,1,699.0,1,changed_mind
4244,627,51,13969,ORD-20230910-20510,2,1198.0,1,defective_product
4245,636,70,49964,ORD-20230910-30547,1,129.0,1,defective_product
4246,630,80,45605,ORD-20230910-96711,2,2198.0,1,not_as_described
4247,630,72,2590,ORD-20230910-37692,1,129.0,1,defective_product
4248,639,90,3515,ORD-20230911-67132,1,849.0,1,not_as_described
4249,639,24,19294,ORD-20230911-47685,1,279.0,1,not_as_described
4250,637,25,1183,ORD-20230911-43182,1,179.1,1,wrong_item
4251,648,36,11720,ORD-20230911-18386,1,539.1,1,not_as_described
4252,629,5,25154,ORD-20230912-98992,1,1499.0,1,defective_product
4253,644,61,4211,ORD-20230912-79696,1,999.0,1,defective_product
4254,627,25,45685,ORD-20230912-98799,1,169.15,1,not_as_described
4255,641,49,4791,ORD-20230912-92259,1,499.0,1,compatibility_issue
4256,641,39,4632,ORD-20230912-76011,1,1259.1,1,delivery_issue
4257,633,18,7042,ORD-20230912-74552,1,599.0,1,defective_product
4258,630,56,45045,ORD-20230912-33347,1,2199.0,1,defective_product
4259,626,85,38277,ORD-20230912-60374,1,449.0,1,wrong_item
4260,633,73,5158,ORD-20230912-63099,1,103.55,1,delivery_issue
4261,643,21,22179,ORD-20230912-87277,1,329.0,1,not_as_described
4262,630,82,22855,ORD-20230913-98564,1,849.0,1,delivery_issue
4263,633,38,7890,ORD-20230913-52309,1,594.15,1,delivery_issue
4264,649,26,1455,ORD-20230913-73044,1,179.0,1,delivery_issue
4265,632,40,24808,ORD-20230913-48031,1,749.0,1,defective_product
4266,648,23,21311,ORD-20230913-95406,1,179.0,1,delivery_issue
4267,647,19,21256,ORD-20230913-69769,3,1197.0,1,wrong_item
4268,625,73,8633,ORD-20230913-48769,2,218.0,1,changed_mind
4269,647,6,49437,ORD-20230914-25764,1,2199.0,1,delivery_issue
4270,631,77,2276,ORD-20230914-60276,1,1029.0,1,delivery_issue
4271,633,2,22763,ORD-20230914-42566,1,2499.0,1,compatibility_issue
4272,635,14,5319,ORD-20230915-88403,1,749.0,1,wrong_item
4273,626,61,35934,ORD-20230915-84668,1,899.1,1,not_as_described
4274,633,47,7325,ORD-20230915-16011,2,1138.1,1,compatibility_issue
4275,650,67,39251,ORD-20230915-80611,1,999.0,1,not_as_described
4276,630,82,1518,ORD-20230915-15483,2,1698.0,1,changed_mind
4277,637,73,28564,ORD-20230915-71514,1,103.55,1,not_as_described
4278,630,66,12434,ORD-20230915-68888,1,809.1,1,not_as_described
4279,637,73,49708,ORD-20230915-88625,1,103.55,1,delivery_issue
4280,654,69,20564,ORD-20230916-22008,1,129.0,1,compatibility_issue
4281,642,48,42100,ORD-20230916-25177,1,699.0,1,wrong_item
4282,653,21,11803,ORD-20230916-43348,1,329.0,1,delivery_issue
4283,642,22,47436,ORD-20230916-87845,1,299.0,1,changed_mind
4284,644,95,20125,ORD-20230916-68961,1,126.65,1,not_as_described
4285,639,75,35429,ORD-20230916-42297,1,314.1,1,defective_product
4286,628,71,19650,ORD-20230916-98184,1,79.0,1,delivery_issue
4287,630,2,21061,ORD-20230917-93305,1,2499.0,1,compatibility_issue
4288,646,10,18926,ORD-20230917-46758,1,2799.0,1,changed_mind
4289,638,72,40198,ORD-20230917-83775,1,129.0,1,defective_product
4290,631,37,36803,ORD-20230917-98365,1,799.0,1,delivery_issue
4291,640,66,42480,ORD-20230917-80401,1,899.0,1,compatibility_issue
4292,642,53,35228,ORD-20230917-13962,1,149.0,1,changed_mind
4293,641,39,2610,ORD-20230918-89860,1,1399.0,1,changed_mind
4294,649,84,43315,ORD-20230918-59050,1,899.0,1,changed_mind
4295,633,16,30628,ORD-20230918-78739,1,449.0,1,defective_product
4296,644,40,19645,ORD-20230919-56797,1,749.0,1,changed_mind
4297,651,67,30955,ORD-20230919-10651,1,999.0,1,delivery_issue
4298,633,85,14719,ORD-20230919-87623,1,449.0,1,wrong_item
4299,633,37,33706,ORD-20230919-85107,1,759.05,1,delivery_issue
4300,650,11,20531,ORD-20230920-50225,1,449.0,1,delivery_issue
4301,652,63,24402,ORD-20230920-91710,1,1599.0,1,changed_mind
4302,635,46,30383,ORD-20230920-23234,1,499.0,1,not_as_described
4303,637,18,47511,ORD-20230920-51554,1,599.0,1,delivery_issue
4304,651,6,13984,ORD-20230920-34609,1,2199.0,1,defective_product
4305,649,19,41705,ORD-20230920-59369,1,379.05,1,defective_product
4306,645,93,35299,ORD-20230920-29607,2,118.0,1,not_as_described
4307,644,19,22248,ORD-20230921-58534,1,399.0,1,delivery_issue
4308,652,91,28977,ORD-20230921-20642,1,819.0,1,changed_mind
4309,641,44,13938,ORD-20230921-13191,1,899.0,1,defective_product
4310,656,69,42983,ORD-20230921-86724,1,129.0,1,delivery_issue
4311,642,83,18373,ORD-20230921-67366,2,798.0,1,compatibility_issue
4312,645,47,4577,ORD-20230921-34223,1,599.0,1,not_as_described
4313,656,72,27511,ORD-20230921-26309,1,129.0,1,wrong_item
4314,636,58,26773,ORD-20230921-35958,1,1699.0,1,defective_product
4315,642,16,40625,ORD-20230921-96027,1,449.0,1,compatibility_issue
4316,653,8,17653,ORD-20230922-37349,1,1799.0,1,compatibility_issue
4317,645,73,24980,ORD-20230922-20874,1,109.0,1,defective_product
4318,647,34,5711,ORD-20230922-44882,1,999.0,1,compatibility_issue
4319,634,18,25989,ORD-20230923-72936,1,599.0,1,compatibility_issue
4320,647,21,14358,ORD-20230923-76477,1,312.55,1,defective_product
4321,641,74,47716,ORD-20230923-46634,1,299.0,1,changed_mind
4322,656,29,49951,ORD-20230923-55790,2,1998.0,1,compatibility_issue
4323,658,5,20536,ORD-20230923-40671,2,2698.2,1,defective_product
4324,658,93,31115,ORD-20230923-31406,1,59.0,1,defective_product
4325,659,6,30404,ORD-20230924-10675,1,2199.0,1,delivery_issue
4326,655,32,517,ORD-20230924-99694,1,809.1,1,changed_mind
4327,641,86,11789,ORD-20230924-41469,1,899.0,1,delivery_issue
4328,658,59,10462,ORD-20230924-51213,2,3598.0,1,delivery_issue
4329,662,52,21131,ORD-20230924-11657,1,331.55,1,defective_product
4330,645,71,28156,ORD-20230924-92206,1,79.0,1,changed_mind
4331,650,62,6213,ORD-20230924-31185,1,1234.05,1,defective_product
4332,659,72,22853,ORD-20230924-15089,1,129.0,1,not_as_described
4333,658,17,25974,ORD-20230924-82786,1,699.0,1,defective_product
4334,651,73,3224,ORD-20230924-47214,1,109.0,1,defective_product
4335,640,97,29030,ORD-20230925-43684,1,299.0,1,not_as_described
4336,649,14,28720,ORD-20230925-44531,1,749.0,1,defective_product
4337,638,69,1400,ORD-20230925-34635,1,129.0,1,changed_mind
4338,644,46,49800,ORD-20230926-66246,1,499.0,1,delivery_issue
4339,662,36,8006,ORD-20230926-10520,1,599.0,1,delivery_issue
4340,664,1,43643,ORD-20230926-46552,1,1299.0,1,changed_mind
4341,644,45,32397,ORD-20230926-37744,1,799.0,1,not_as_described
4342,638,94,613,ORD-20230926-98213,1,99.0,1,not_as_described
4343,652,16,10055,ORD-20230926-61006,2,898.0,1,defective_product
4344,642,90,25912,ORD-20230926-54674,1,849.0,1,defective_product
4345,648,11,47664,ORD-20230926-86346,1,449.0,1,not_as_described
4346,664,17,22770,ORD-20230926-63594,1,699.0,1,defective_product
4347,662,90,26942,ORD-20230927-78174,1,849.0,1,defective_product
4348,646,38,13104,ORD-20230927-70853,1,699.0,1,compatibility_issue
4349,639,19,19650,ORD-20230927-85617,1,399.0,1,defective_product
4350,642,61,16065,ORD-20230927-62357,1,949.05,1,defective_product
4351,646,95,44841,ORD-20230927-51889,2,268.2,1,defective_product
4352,647,22,34607,ORD-20230927-35158,1,299.0,1,wrong_item
4353,663,44,18606,ORD-20230927-90597,1,854.05,1,changed_mind
4354,645,26,21764,ORD-20230927-61444,1,170.05,1,defective_product
4355,650,21,21724,ORD-20230927-93205,1,329.0,1,wrong_item
4356,641,20,5155,ORD-20230927-88368,1,296.65,1,delivery_issue
4357,642,63,36886,ORD-20230927-94170,1,1599.0,1,changed_mind
4358,649,13,37534,ORD-20230928-74701,1,349.0,1,changed_mind
4359,655,11,7060,ORD-20230928-90206,1,426.55,1,not_as_described
4360,652,10,41061,ORD-20230928-81013,1,2799.0,1,defective_product
4361,646,4,43477,ORD-20230928-63333,1,349.0,1,not_as_described
4362,666,19,35635,ORD-20230928-88659,1,379.05,1,wrong_item
4363,644,38,25706,ORD-20230928-16169,1,699.0,1,not_as_described
4364,663,91,21409,ORD-20230929-27627,1,819.0,1,defective_product
4365,649,16,30937,ORD-20230929-66210,1,449.0,1,changed_mind
4366,664,22,26144,ORD-20230929-87228,1,299.0,1,compatibility_issue
4367,667,92,39002,ORD-20230929-63299,1,1219.0,1,defective_product
4368,663,61,27319,ORD-20230929-59776,1,999.0,1,changed_mind
4369,654,92,28121,ORD-20230929-27957,1,1219.0,1,not_as_described
4370,646,61,33336,ORD-20230930-43588,1,899.1,1,not_as_described
4371,665,79,1152,ORD-20230930-21222,2,1708.1,1,defective_product
4372,643,58,23311,ORD-20230930-81464,1,1614.05,1,defective_product
4373,655,90,34926,ORD-20230930-35289,1,849.0,1,not_as_described
4374,653,92,15041,ORD-20230930-77539,1,1219.0,1,changed_mind
4375,664,77,27859,ORD-20230930-14508,2,2058.0,1,changed_mind
4376,664,4,6968,ORD-20230930-27204,1,349.0,1,not_as_described
4377,658,73,37912,ORD-20230930-28765,1,109.0,1,changed_mind
4378,659,74,40752,ORD-20230930-63740,1,299.0,1,not_as_described
4379,648,30,10665,ORD-20231001-48181,1,1299.0,1,not_as_described
4380,655,86,15098,ORD-20231001-99879,1,899.0,1,defective_product
4381,648,80,42918,ORD-20231002-96830,1,1044.05,1,changed_mind
4382,646,18,19350,ORD-20231002-63571,1,599.0,1,changed_mind
4383,643,66,31317,ORD-20231002-83764,1,809.1,1,delivery_issue
4384,644,63,47212,ORD-20231002-77026,1,1599.0,1,changed_mind
4385,650,76,31066,ORD-20231002-56050,1,1329.0,1,defective_product
4386,657,97,14877,ORD-20231002-70106,1,299.0,1,defective_product
4387,660,89,6872,ORD-20231003-63878,1,249.0,1,defective_product
4388,659,26,635,ORD-20231003-19887,1,161.1,1,delivery_issue
4389,654,33,49373,ORD-20231003-94907,1,799.0,1,not_as_described
4390,653,32,6049,ORD-20231003-61632,1,899.0,1,changed_mind
4391,662,71,4284,ORD-20231003-51949,1,75.05,1,delivery_issue
4392,647,1,7148,ORD-20231003-13897,1,1299.0,1,delivery_issue
4393,649,76,24302,ORD-20231004-79846,1,1196.1,1,changed_mind
4394,661,79,9027,ORD-20231004-82945,1,899.0,1,defective_product
4395,659,27,24734,ORD-20231005-27404,1,134.1,1,delivery_issue
4396,653,8,39364,ORD-20231005-71112,1,1799.0,1,defective_product
4397,664,25,46852,ORD-20231005-79868,1,199.0,1,changed_mind
4398,670,34,49625,ORD-20231005-19911,1,949.05,1,compatibility_issue
4399,646,25,18991,ORD-20231005-92603,1,199.0,1,defective_product
4400,664,11,42382,ORD-20231005-37496,2,898.0,1,delivery_issue
4401,667,76,48160,ORD-20231005-86756,1,1329.0,1,defective_product
4402,654,52,6009,ORD-20231006-24097,1,314.1,1,compatibility_issue
4403,671,8,21116,ORD-20231006-55233,1,1799.0,1,defective_product
4404,648,17,16207,ORD-20231006-17948,1,664.05,1,defective_product
4405,657,35,10973,ORD-20231006-87146,1,699.0,1,compatibility_issue
4406,650,63,30180,ORD-20231007-72234,1,1599.0,1,wrong_item
4407,666,85,25156,ORD-20231007-38198,1,449.0,1,compatibility_issue
4408,665,13,13102,ORD-20231007-95553,1,349.0,1,delivery_issue
4409,666,34,28811,ORD-20231007-53579,1,999.0,1,compatibility_issue
4410,674,94,8417,ORD-20231007-51560,1,99.0,1,delivery_issue
4411,666,39,37691,ORD-20231007-50601,1,1399.0,1,delivery_issue
4412,658,69,9319,ORD-20231007-87438,1,129.0,1,changed_mind
4413,670,47,16234,ORD-20231008-96887,1,599.0,1,defective_product
4414,676,79,17165,ORD-20231008-20389,1,899.0,1,defective_product
4415,663,20,6444,ORD-20231008-80300,1,349.0,1,defective_product
4416,655,21,34687,ORD-20231008-50521,1,329.0,1,defective_product
4417,675,51,38449,ORD-20231008-56455,1,569.05,1,changed_mind
4418,671,2,39049,ORD-20231008-74042,1,2499.0,1,wrong_item
4419,653,1,24484,ORD-20231008-59074,1,1234.05,1,wrong_item
4420,656,49,9509,ORD-20231008-43324,1,474.05,1,not_as_described
4421,671,97,32344,ORD-20231008-44378,1,284.05,1,compatibility_issue
4422,653,93,19890,ORD-20231009-63585,1,53.1,1,defective_product
4423,668,66,34256,ORD-20231009-99226,1,809.1,1,not_as_described
4424,653,18,20554,ORD-20231009-40254,1,599.0,1,defective_product
4425,673,73,13155,ORD-20231010-70849,1,109.0,1,defective_product
4426,664,2,25226,ORD-20231010-55010,1,2499.0,1,defective_product
4427,653,68,39146,ORD-20231010-12211,2,218.0,1,changed_mind
4428,664,97,17539,ORD-20231010-46744,1,299.0,1,defective_product
4429,677,94,45540,ORD-20231011-74454,1,99.0,1,wrong_item
4430,658,96,48763,ORD-20231011-58115,1,199.0,1,delivery_issue
4431,654,72,25601,ORD-20231011-95177,1,129.0,1,not_as_described
4432,677,1,5613,ORD-20231011-83010,1,1299.0,1,compatibility_issue
4433,674,71,1212,ORD-20231011-45676,1,79.0,1,not_as_described
4434,653,17,25905,ORD-20231011-95248,1,699.0,1,changed_mind
4435,666,85,31765,ORD-20231011-78340,1,449.0,1,compatibility_issue
4436,676,93,34415,ORD-20231011-94032,2,118.0,1,delivery_issue
4437,667,19,14772,ORD-20231012-81073,1,359.1,1,wrong_item
4438,676,10,24182,ORD-20231012-77218,1,2799.0,1,changed_mind
4439,672,16,42551,ORD-20231012-29950,1,449.0,1,defective_product
4440,657,48,13959,ORD-20231012-85062,1,699.0,1,delivery_issue
4441,664,94,17633,ORD-20231012-96159,1,99.0,1,defective_product
4442,655,51,18799,ORD-20231012-59009,1,599.0,1,defective_product
4443,680,69,31421,ORD-20231012-13609,1,129.0,1,not_as_described
4444,676,15,1139,ORD-20231013-45094,1,299.0,1,defective_product
4445,665,29,49411,ORD-20231013-67274,1,999.0,1,delivery_issue
4446,670,92,17921,ORD-20231013-77871,1,1219.0,1,changed_mind
4447,671,12,47775,ORD-20231013-76123,1,764.15,1,defective_product
4448,672,56,15984,ORD-20231013-61468,1,2199.0,1,defective_product
4449,661,74,46077,ORD-20231013-68928,1,299.0,1,delivery_issue
4450,667,1,40107,ORD-20231014-41119,1,1299.0,1,wrong_item
4451,681,14,41511,ORD-20231014-65103,1,711.55,1,compatibility_issue
4452,676,94,2992,ORD-20231014-57458,1,99.0,1,changed_mind
4453,676,17,258,ORD-20231014-43537,1,699.0,1,wrong_item
4454,657,45,15352,ORD-20231014-22899,1,759.05,1,not_as_described
4455,669,12,42379,ORD-20231014-82886,1,854.05,1,defective_product
4456,667,8,28073,ORD-20231014-92860,1,1799.0,1,not_as_described
4457,671,28,40710,ORD-20231014-19991,1,249.0,1,delivery_issue
4458,660,18,8065,ORD-20231015-78836,1,599.0,1,wrong_item
4459,677,16,8035,ORD-20231015-73479,2,898.0,1,changed_mind
4460,681,79,34624,ORD-20231015-71291,1,899.0,1,changed_mind
4461,661,8,36825,ORD-20231015-51584,1,1799.0,1,not_as_described
4462,682,23,785,ORD-20231016-98139,1,170.05,1,wrong_item
4463,677,43,32641,ORD-20231016-18570,2,2848.1,1,delivery_issue
4464,662,74,23659,ORD-20231016-54374,1,284.05,1,compatibility_issue
4465,660,85,37249,ORD-20231016-52540,1,449.0,1,not_as_described
4466,676,63,36982,ORD-20231016-63365,1,1519.05,1,defective_product
4467,674,35,20519,ORD-20231016-84511,1,699.0,1,not_as_described
4468,678,31,4385,ORD-20231016-14124,1,1099.0,1,not_as_described
4469,661,16,3009,ORD-20231016-23972,1,449.0,1,defective_product
4470,678,6,11892,ORD-20231016-20724,1,2199.0,1,defective_product
4471,671,80,38402,ORD-20231016-94197,1,1099.0,1,wrong_item
4472,664,60,2573,ORD-20231017-98066,1,1139.05,1,not_as_described
4473,665,7,12670,ORD-20231017-80882,2,1198.0,1,defective_product
4474,685,25,46134,ORD-20231017-74823,1,199.0,1,defective_product
4475,672,11,33981,ORD-20231017-66608,1,449.0,1,changed_mind
4476,658,19,37485,ORD-20231017-25617,1,399.0,1,not_as_described
4477,661,47,4630,ORD-20231018-67525,1,599.0,1,changed_mind
4478,669,93,21968,ORD-20231018-41516,1,59.0,1,defective_product
4479,659,33,34935,ORD-20231018-60337,1,799.0,1,not_as_described
4480,684,93,15540,ORD-20231018-65534,1,56.05,1,defective_product
4481,661,19,165,ORD-20231018-26336,1,359.1,1,delivery_issue
4482,659,22,46982,ORD-20231018-29425,1,299.0,1,defective_product
4483,681,82,34761,ORD-20231019-68007,1,849.0,1,defective_product
4484,685,35,35402,ORD-20231019-18521,1,699.0,1,delivery_issue
4485,660,67,38734,ORD-20231019-82932,1,999.0,1,not_as_described
4486,662,59,43807,ORD-20231019-38689,1,1619.1,1,changed_mind
4487,686,29,2038,ORD-20231019-64560,2,1898.1,1,compatibility_issue
4488,687,66,16516,ORD-20231019-94557,1,899.0,1,delivery_issue
4489,682,74,23453,ORD-20231019-85817,1,299.0,1,changed_mind
4490,666,27,15945,ORD-20231019-71631,2,298.0,1,changed_mind
4491,670,63,21925,ORD-20231019-52877,1,1599.0,1,changed_mind
4492,684,79,1540,ORD-20231019-44408,1,899.0,1,not_as_described
4493,668,55,20730,ORD-20231019-65359,1,1499.0,1,defective_product
4494,663,17,25198,ORD-20231020-51065,2,1398.0,1,wrong_item
4495,665,74,6154,ORD-20231020-58222,1,284.05,1,not_as_described
4496,685,82,44559,ORD-20231020-19799,1,849.0,1,defective_product
4497,687,19,32177,ORD-20231020-50749,1,399.0,1,defective_product
4498,674,64,4074,ORD-20231020-36139,1,699.0,1,changed_mind
4499,673,71,31242,ORD-20231021-87103,1,79.0,1,not_as_described
4500,689,7,6382,ORD-20231021-99808,1,599.0,1,changed_mind
4501,671,79,16713,ORD-20231021-49274,1,854.05,1,not_as_described
4502,679,88,47787,ORD-20231022-12673,1,664.05,1,compatibility_issue
4503,665,72,1880,ORD-20231022-26946,1,129.0,1,not_as_described
4504,676,69,36583,ORD-20231022-54410,1,122.55,1,wrong_item
4505,685,76,47583,ORD-20231022-44601,1,1329.0,1,defective_product
4506,668,79,3868,ORD-20231022-27637,1,899.0,1,changed_mind
4507,673,69,25634,ORD-20231022-39466,1,129.0,1,changed_mind
4508,670,97,6133,ORD-20231022-40377,1,299.0,1,delivery_issue
4509,663,95,14203,ORD-20231022-69305,1,149.0,1,delivery_issue
4510,685,22,15655,ORD-20231023-24668,1,299.0,1,changed_mind
4511,686,5,30915,ORD-20231023-25059,1,1499.0,1,delivery_issue
4512,686,52,48158,ORD-20231023-68160,1,349.0,1,delivery_issue
4513,666,3,35183,ORD-20231023-47462,1,499.0,1,defective_product
4514,669,71,40057,ORD-20231023-20363,1,75.05,1,not_as_described
4515,686,25,839,ORD-20231023-82160,1,199.0,1,changed_mind
4516,689,87,40070,ORD-20231024-78623,1,284.05,1,defective_product
4517,685,7,41101,ORD-20231024-12697,1,599.0,1,changed_mind
4518,668,34,48368,ORD-20231024-52964,1,999.0,1,compatibility_issue
4519,690,7,42766,ORD-20231024-36035,2,1198.0,1,compatibility_issue
4520,687,2,32023,ORD-20231024-10844,2,4998.0,1,defective_product
4521,667,53,44785,ORD-20231024-50301,1,149.0,1,compatibility_issue
4522,685,93,17829,ORD-20231024-16804,1,56.05,1,defective_product
4523,673,92,5035,ORD-20231024-47412,1,1097.1,1,changed_mind
4524,680,72,18247,ORD-20231024-11217,1,129.0,1,compatibility_issue
4525,666,92,44406,ORD-20231024-98753,1,1219.0,1,delivery_issue
4526,665,75,48882,ORD-20231024-90224,1,349.0,1,changed_mind
4527,688,97,26002,ORD-20231024-39863,1,299.0,1,defective_product
4528,676,10,16994,ORD-20231024-47802,1,2799.0,1,delivery_issue
4529,687,66,26913,ORD-20231024-13386,1,899.0,1,delivery_issue
4530,692,19,10996,ORD-20231025-77562,1,399.0,1,not_as_described
4531,682,85,43723,ORD-20231025-14033,3,1347.0,1,wrong_item
4532,671,61,15665,ORD-20231025-35700,1,999.0,1,changed_mind
4533,689,16,48686,ORD-20231025-57425,1,449.0,1,changed_mind
4534,671,66,26769,ORD-20231025-65166,1,899.0,1,defective_product
4535,689,18,47643,ORD-20231025-30912,1,599.0,1,not_as_described
4536,671,51,8725,ORD-20231025-49007,1,599.0,1,wrong_item
4537,667,52,35657,ORD-20231025-59319,1,349.0,1,not_as_described
4538,674,17,32142,ORD-20231025-40834,1,664.05,1,defective_product
4539,684,73,37846,ORD-20231025-71176,1,109.0,1,compatibility_issue
4540,692,54,4864,ORD-20231025-83764,1,99.0,1,defective_product
4541,694,79,12436,ORD-20231026-53488,1,899.0,1,delivery_issue
4542,684,38,45045,ORD-20231026-19189,1,699.0,1,delivery_issue
4543,692,7,46672,ORD-20231026-74537,1,599.0,1,changed_mind
4544,680,19,35916,ORD-20231026-86185,1,399.0,1,not_as_described
4545,670,60,25823,ORD-20231026-75643,1,1199.0,1,defective_product
4546,684,17,35456,ORD-20231027-71890,1,699.0,1,not_as_described
4547,679,10,5208,ORD-20231027-76504,1,2379.15,1,changed_mind
4548,687,2,31890,ORD-20231027-31960,2,4998.0,1,defective_product
4549,694,63,213,ORD-20231027-98870,1,1599.0,1,delivery_issue
4550,671,92,9353,ORD-20231027-99450,1,1158.05,1,not_as_described
4551,672,35,3981,ORD-20231027-11826,1,699.0,1,delivery_issue
4552,673,79,36913,ORD-20231028-82085,1,899.0,1,delivery_issue
4553,679,34,9325,ORD-20231028-86946,1,999.0,1,defective_product
4554,676,72,15443,ORD-20231028-89320,1,122.55,1,not_as_described
4555,690,65,47544,ORD-20231028-85782,1,1599.0,1,defective_product
4556,691,90,37087,ORD-20231028-14306,1,849.0,1,not_as_described
4557,671,58,9810,ORD-20231028-53415,1,1614.05,1,delivery_issue
4558,672,40,36841,ORD-20231029-67722,1,749.0,1,changed_mind
4559,694,27,29162,ORD-20231029-92134,1,141.55,1,wrong_item
4560,683,39,6236,ORD-20231029-58802,1,1399.0,1,delivery_issue
4561,695,73,42629,ORD-20231029-67252,1,109.0,1,not_as_described
4562,674,86,42679,ORD-20231030-12938,1,899.0,1,changed_mind
4563,672,75,40545,ORD-20231030-60540,1,349.0,1,changed_mind
4564,682,67,24570,ORD-20231030-31157,1,949.05,1,delivery_issue
4565,681,94,8386,ORD-20231030-31235,2,198.0,1,compatibility_issue
4566,698,7,40514,ORD-20231031-19019,1,509.15,1,not_as_described
4567,685,79,11134,ORD-20231031-50370,1,899.0,1,wrong_item
4568,697,29,36079,ORD-20231031-34303,1,999.0,1,compatibility_issue
4569,697,42,11726,ORD-20231031-18680,1,1199.0,1,not_as_described
4570,685,49,24145,ORD-20231031-43404,1,449.1,1,not_as_described
4571,692,13,15357,ORD-20231031-77820,1,349.0,1,not_as_described
4572,680,94,45758,ORD-20231101-70962,1,99.0,1,not_as_described
4573,684,7,16414,ORD-20231101-75901,1,599.0,1,defective_product
4574,675,48,22129,ORD-20231101-26519,1,699.0,1,changed_mind
4575,678,35,44614,ORD-20231101-32543,1,699.0,1,not_as_described
4576,692,70,1380,ORD-20231101-78550,1,129.0,1,defective_product
4577,679,74,31845,ORD-20231101-93720,1,269.1,1,defective_product
4578,681,18,22102,ORD-20231101-10687,1,599.0,1,compatibility_issue
4579,681,71,30559,ORD-20231101-19081,1,79.0,1,defective_product
4580,698,95,19545,ORD-20231101-51530,1,149.0,1,defective_product
4581,677,24,30210,ORD-20231101-70132,1,279.0,1,not_as_described
4582,700,89,38221,ORD-20231101-54161,1,249.0,1,delivery_issue
4583,677,87,816,ORD-20231102-46812,1,299.0,1,changed_mind
4584,678,65,30541,ORD-20231102-61906,1,1599.0,1,not_as_described
4585,698,89,48551,ORD-20231102-37899,1,249.0,1,defective_product
4586,683,68,15994,ORD-20231102-73943,1,109.0,1,changed_mind
4587,690,97,14473,ORD-20231102-59040,1,299.0,1,defective_product
4588,700,69,17867,ORD-20231102-63673,1,129.0,1,wrong_item
4589,679,48,22692,ORD-20231102-10514,1,699.0,1,changed_mind
4590,684,78,43186,ORD-20231102-26748,1,1349.0,1,changed_mind
4591,677,8,47187,ORD-20231102-18175,1,1799.0,1,defective_product
4592,677,79,45733,ORD-20231102-86924,1,899.0,1,delivery_issue
4593,689,71,21333,ORD-20231102-71726,1,79.0,1,wrong_item
4594,682,11,48714,ORD-20231102-86259,1,449.0,1,changed_mind
4595,687,34,31515,ORD-20231102-61574,2,1998.0,1,defective_product
4596,686,94,14641,ORD-20231102-18439,3,297.0,1,defective_product
4597,678,19,40767,ORD-20231102-64836,1,399.0,1,not_as_described
4598,698,14,26521,ORD-20231103-46414,1,749.0,1,defective_product
4599,686,71,37402,ORD-20231103-23304,1,79.0,1,not_as_described
4600,692,26,49772,ORD-20231103-31707,1,179.0,1,changed_mind
4601,702,22,18645,ORD-20231103-18108,1,284.05,1,wrong_item
4602,680,4,46389,ORD-20231103-44259,1,349.0,1,changed_mind
4603,680,21,18490,ORD-20231103-38640,1,329.0,1,not_as_described
4604,685,5,46935,ORD-20231103-75604,1,1499.0,1,compatibility_issue
4605,688,13,46959,ORD-20231103-35396,1,349.0,1,defective_product
4606,684,5,18327,ORD-20231103-91893,1,1499.0,1,not_as_described
4607,684,35,27766,ORD-20231103-91671,1,699.0,1,compatibility_issue
4608,680,77,37491,ORD-20231103-40798,1,1029.0,1,defective_product
4609,694,63,25600,ORD-20231103-26179,1,1599.0,1,compatibility_issue
4610,699,71,11900,ORD-20231103-36201,1,79.0,1,defective_product
4611,675,91,15512,ORD-20231103-75987,1,819.0,1,not_as_described
4612,680,85,12687,ORD-20231104-60856,1,404.1,1,changed_mind
4613,684,63,13677,ORD-20231104-13216,1,1119.3,1,delivery_issue
4614,677,98,11692,ORD-20231104-49659,1,249.0,1,defective_product
4615,701,93,3954,ORD-20231104-64569,1,56.05,1,defective_product
4616,681,95,9017,ORD-20231104-71395,1,104.3,1,delivery_issue
4617,676,79,29886,ORD-20231104-45229,1,719.2,1,compatibility_issue
4618,676,1,40455,ORD-20231104-43474,1,1104.15,1,delivery_issue
4619,687,79,39083,ORD-20231104-80391,1,854.05,1,defective_product
4620,678,93,20177,ORD-20231104-13419,1,56.05,1,defective_product
4621,685,17,43878,ORD-20231104-42718,1,629.1,1,changed_mind
4622,694,38,4442,ORD-20231104-93905,2,1118.4,1,wrong_item
4623,693,29,34277,ORD-20231104-60420,1,849.15,1,delivery_issue
4624,702,13,7023,ORD-20231104-11516,1,296.65,1,delivery_issue
4625,695,29,12190,ORD-20231104-72612,1,949.05,1,not_as_described
4626,696,63,34771,ORD-20231104-84655,1,1519.05,1,defective_product
4627,677,67,3354,ORD-20231104-47064,1,899.1,1,defective_product
4628,681,72,38063,ORD-20231104-12535,1,90.3,1,delivery_issue
4629,701,76,42051,ORD-20231104-77583,2,2658.0,1,defective_product
4630,691,5,3035,ORD-20231104-62095,1,1349.1,1,changed_mind
4631,685,60,8128,ORD-20231105-75491,1,1019.15,1,compatibility_issue
4632,685,35,40075,ORD-20231105-44475,1,489.3,1,delivery_issue
4633,687,22,38270,ORD-20231105-66187,1,299.0,1,not_as_described
4634,689,52,21189,ORD-20231105-80262,1,331.55,1,changed_mind
4635,703,15,43256,ORD-20231105-31216,1,299.0,1,changed_mind
4636,703,77,12491,ORD-20231105-10325,2,2058.0,1,defective_product
4637,690,69,17992,ORD-20231105-33865,1,90.3,1,compatibility_issue
4638,701,69,23796,ORD-20231105-47292,2,258.0,1,compatibility_issue
4639,686,83,47809,ORD-20231105-90992,1,379.05,1,not_as_described
4640,696,32,41807,ORD-20231105-27242,1,899.0,1,defective_product
4641,703,61,22839,ORD-20231105-60756,1,949.05,1,changed_mind
4642,678,3,27545,ORD-20231105-99549,1,349.3,1,not_as_described
4643,702,39,15309,ORD-20231105-49501,1,1329.05,1,wrong_item
4644,681,74,5141,ORD-20231105-15525,1,299.0,1,defective_product
4645,686,58,28853,ORD-20231105-12390,1,1529.1,1,changed_mind
4646,690,62,25702,ORD-20231106-26898,1,1299.0,1,changed_mind
4647,683,66,37269,ORD-20231106-82050,1,809.1,1,defective_product
4648,692,94,17378,ORD-20231106-14990,2,178.2,1,wrong_item
4649,679,20,12470,ORD-20231106-88896,1,349.0,1,defective_product
4650,691,5,27821,ORD-20231106-13355,1,1499.0,1,compatibility_issue
4651,699,78,21451,ORD-20231106-65320,2,2428.2,1,changed_mind
4652,703,43,8091,ORD-20231106-18992,1,1274.15,1,compatibility_issue
4653,690,18,27785,ORD-20231106-44399,1,569.05,1,changed_mind
4654,694,74,12962,ORD-20231106-71052,1,299.0,1,delivery_issue
4655,684,7,24542,ORD-20231106-46515,1,539.1,1,changed_mind
4656,687,69,31885,ORD-20231106-90354,1,129.0,1,wrong_item
4657,680,2,2831,ORD-20231106-86681,1,2499.0,1,not_as_described
4658,678,26,20090,ORD-20231106-52181,1,179.0,1,wrong_item
4659,686,63,8326,ORD-20231106-11893,1,1599.0,1,not_as_described
4660,690,91,20528,ORD-20231106-14645,1,819.0,1,compatibility_issue
4661,689,48,33950,ORD-20231106-27820,1,699.0,1,delivery_issue
4662,687,66,34356,ORD-20231106-19175,1,899.0,1,changed_mind
4663,683,79,8733,ORD-20231106-30647,1,899.0,1,delivery_issue
4664,705,8,38780,ORD-20231106-78685,1,1799.0,1,not_as_described
4665,702,27,33751,ORD-20231106-94279,1,149.0,1,changed_mind
4666,698,47,40459,ORD-20231106-90413,1,599.0,1,delivery_issue
4667,700,90,22818,ORD-20231107-51311,1,849.0,1,changed_mind
4668,700,57,16298,ORD-20231107-13023,1,1799.1,1,defective_product
4669,686,97,8180,ORD-20231107-96391,1,299.0,1,defective_product
4670,683,95,4960,ORD-20231107-95994,1,149.0,1,not_as_described
4671,703,22,2721,ORD-20231107-17312,1,299.0,1,wrong_item
4672,685,69,37011,ORD-20231107-51056,1,129.0,1,changed_mind
4673,706,65,2519,ORD-20231107-42373,1,1599.0,1,changed_mind
4674,698,24,12368,ORD-20231107-89472,1,265.05,1,delivery_issue
4675,683,85,7461,ORD-20231107-51811,1,426.55,1,changed_mind
4676,692,18,15258,ORD-20231107-32815,1,599.0,1,not_as_described
4677,688,71,28842,ORD-20231107-17335,1,79.0,1,changed_mind
4678,684,66,46932,ORD-20231107-93842,1,764.15,1,defective_product
4679,706,85,48919,ORD-20231108-12216,1,449.0,1,delivery_issue
4680,692,70,29573,ORD-20231108-52639,2,258.0,1,delivery_issue
4681,686,94,35223,ORD-20231108-74873,1,99.0,1,not_as_described
4682,681,60,22491,ORD-20231108-45432,1,1139.05,1,delivery_issue
4683,698,70,25481,ORD-20231108-88397,1,129.0,1,compatibility_issue
4684,684,80,33068,ORD-20231108-10756,1,1044.05,1,wrong_item
4685,686,85,22179,ORD-20231108-75279,1,449.0,1,wrong_item
4686,682,8,22701,ORD-20231108-77672,1,1799.0,1,not_as_described
4687,685,95,48174,ORD-20231109-74803,1,149.0,1,not_as_described
4688,699,90,7772,ORD-20231109-78997,1,849.0,1,defective_product
4689,683,67,27745,ORD-20231109-21760,1,949.05,1,defective_product
4690,686,29,914,ORD-20231109-55933,1,999.0,1,delivery_issue
4691,695,84,18743,ORD-20231109-54548,1,899.0,1,compatibility_issue
4692,691,7,1251,ORD-20231109-27644,1,599.0,1,wrong_item
4693,697,67,45639,ORD-20231109-80420,1,999.0,1,wrong_item
4694,685,96,8636,ORD-20231110-40335,1,199.0,1,defective_product
4695,702,63,29978,ORD-20231110-18196,1,1599.0,1,delivery_issue
4696,692,18,49627,ORD-20231110-50214,1,599.0,1,changed_mind
4697,702,15,20658,ORD-20231110-56461,1,299.0,1,not_as_described
4698,683,7,46996,ORD-20231110-63066,1,569.05,1,changed_mind
4699,702,34,3826,ORD-20231110-85386,1,999.0,1,defective_product
4700,690,98,3307,ORD-20231110-33717,1,249.0,1,delivery_issue
4701,682,76,40180,ORD-20231110-13263,1,1196.1,1,not_as_described
4702,702,36,48684,ORD-20231110-65984,1,599.0,1,delivery_issue
4703,683,43,1456,ORD-20231110-73477,1,1499.0,1,defective_product
4704,702,21,35830,ORD-20231110-82912,2,625.1,1,changed_mind
4705,692,78,38531,ORD-20231110-68132,1,1349.0,1,delivery_issue
4706,702,45,24426,ORD-20231111-81269,1,799.0,1,defective_product
4707,692,80,6091,ORD-20231111-26893,1,989.1,1,changed_mind
4708,692,93,34922,ORD-20231111-66933,1,47.2,1,delivery_issue
4709,692,48,37523,ORD-20231111-35363,1,629.1,1,delivery_issue
4710,690,89,11730,ORD-20231111-88215,1,199.2,1,not_as_described
4711,701,65,2416,ORD-20231111-44094,1,1599.0,1,defective_product
4712,685,21,42679,ORD-20231111-53457,1,329.0,1,compatibility_issue
4713,697,25,38383,ORD-20231111-28552,1,179.1,1,not_as_described
4714,706,75,35885,ORD-20231111-50148,1,296.65,1,changed_mind
4715,683,48,20283,ORD-20231111-26027,1,559.2,1,defective_product
4716,690,29,27771,ORD-20231111-79963,2,1998.0,1,changed_mind
4717,698,48,45158,ORD-20231111-86073,1,629.1,1,defective_product
4718,706,14,24363,ORD-20231111-90840,2,1498.0,1,defective_product
4719,690,71,17878,ORD-20231111-64053,1,79.0,1,delivery_issue
4720,710,78,10242,ORD-20231111-38643,1,1349.0,1,defective_product
4721,693,1,21912,ORD-20231111-89809,1,1299.0,1,defective_product
4722,709,61,26120,ORD-20231112-63897,1,899.1,1,not_as_described
4723,697,3,765,ORD-20231112-24517,1,474.05,1,delivery_issue
4724,695,41,16697,ORD-20231112-99443,1,494.1,1,defective_product
4725,702,43,36754,ORD-20231112-96428,3,4272.15,1,wrong_item
4726,688,18,24311,ORD-20231112-37488,1,479.2,1,defective_product
4727,693,29,2799,ORD-20231112-98652,1,849.15,1,defective_product
4728,684,27,3248,ORD-20231112-37013,1,126.65,1,delivery_issue
4729,707,92,47210,ORD-20231113-81798,1,1219.0,1,wrong_item
4730,689,95,27241,ORD-20231113-31783,1,149.0,1,not_as_described
4731,700,95,22612,ORD-20231113-19597,1,134.1,1,delivery_issue
4732,686,93,22253,ORD-20231113-56282,1,59.0,1,not_as_described
4733,706,72,36717,ORD-20231113-22564,1,129.0,1,delivery_issue
4734,688,59,32650,ORD-20231113-58796,1,1799.0,1,delivery_issue
4735,711,65,49793,ORD-20231113-48276,1,1599.0,1,defective_product
4736,711,65,20286,ORD-20231113-58809,1,1599.0,1,wrong_item
4737,698,42,37938,ORD-20231113-71586,1,1199.0,1,defective_product
4738,694,89,44346,ORD-20231113-31526,1,249.0,1,not_as_described
4739,700,72,21857,ORD-20231113-12508,2,232.2,1,not_as_described
4740,687,2,12774,ORD-20231114-22529,1,2499.0,1,defective_product
4741,704,4,11696,ORD-20231114-50719,1,349.0,1,defective_product
4742,702,17,23748,ORD-20231114-69092,1,664.05,1,defective_product
4743,707,30,33589,ORD-20231114-51232,1,1299.0,1,not_as_described
4744,710,48,35277,ORD-20231114-80062,1,664.05,1,wrong_item
4745,698,95,15045,ORD-20231114-33643,1,141.55,1,delivery_issue
4746,711,73,26015,ORD-20231114-30601,1,103.55,1,compatibility_issue
4747,695,90,21940,ORD-20231114-71840,1,849.0,1,changed_mind
4748,702,76,3549,ORD-20231114-25585,1,1329.0,1,wrong_item
4749,703,64,44654,ORD-20231114-30418,1,699.0,1,not_as_described
4750,702,71,38437,ORD-20231114-96513,1,79.0,1,compatibility_issue
4751,711,23,19535,ORD-20231114-95548,1,170.05,1,delivery_issue
4752,698,35,7803,ORD-20231114-98744,1,629.1,1,wrong_item
4753,696,4,3354,ORD-20231115-50757,1,349.0,1,not_as_described
4754,700,94,9485,ORD-20231115-85506,1,99.0,1,delivery_issue
4755,714,85,34489,ORD-20231115-22490,1,426.55,1,defective_product
4756,711,85,31958,ORD-20231115-11571,1,449.0,1,not_as_described
4757,697,91,24551,ORD-20231115-38811,1,819.0,1,not_as_described
4758,700,66,2384,ORD-20231115-28587,1,899.0,1,defective_product
4759,690,95,16515,ORD-20231115-28446,1,149.0,1,not_as_described
4760,703,89,45806,ORD-20231115-39793,1,249.0,1,defective_product
4761,695,80,30016,ORD-20231116-94204,1,1099.0,1,defective_product
4762,694,95,14801,ORD-20231116-90391,1,149.0,1,wrong_item
4763,713,75,45111,ORD-20231116-58859,1,349.0,1,delivery_issue
4764,713,92,29807,ORD-20231116-60911,1,1219.0,1,defective_product
4765,694,71,18764,ORD-20231116-64952,1,79.0,1,wrong_item
4766,701,85,14350,ORD-20231116-66200,1,449.0,1,defective_product
4767,708,59,11946,ORD-20231116-42863,1,1799.0,1,defective_product
4768,689,75,49142,ORD-20231116-48230,2,663.1,1,wrong_item
4769,699,30,15878,ORD-20231116-59063,1,1299.0,1,not_as_described
4770,689,51,18445,ORD-20231116-20762,1,599.0,1,delivery_issue
4771,715,34,44048,ORD-20231116-43556,1,999.0,1,compatibility_issue
4772,690,11,46469,ORD-20231116-24489,1,381.65,1,delivery_issue
4773,702,24,17789,ORD-20231116-19380,1,265.05,1,delivery_issue
4774,696,51,32307,ORD-20231116-50305,1,569.05,1,defective_product
4775,705,40,20804,ORD-20231117-35893,1,749.0,1,delivery_issue
4776,699,79,13611,ORD-20231117-42439,1,899.0,1,delivery_issue
4777,706,25,19113,ORD-20231117-10980,1,199.0,1,not_as_described
4778,700,6,30491,ORD-20231117-62608,1,2199.0,1,changed_mind
4779,711,57,36443,ORD-20231117-56367,1,1999.0,1,changed_mind
4780,702,93,31223,ORD-20231117-25938,1,59.0,1,not_as_described
4781,694,15,37546,ORD-20231118-39927,1,269.1,1,not_as_described
4782,691,97,47390,ORD-20231118-98164,1,299.0,1,not_as_described
4783,717,92,18478,ORD-20231118-37740,1,1097.1,1,not_as_described
4784,694,95,35377,ORD-20231118-92192,1,126.65,1,wrong_item
4785,696,61,6915,ORD-20231118-25389,1,899.1,1,delivery_issue
4786,704,38,45242,ORD-20231118-77224,2,1118.4,1,defective_product
4787,702,86,41630,ORD-20231118-23038,1,719.2,1,wrong_item
4788,714,6,35242,ORD-20231118-81433,1,1979.1,1,compatibility_issue
4789,705,21,2984,ORD-20231118-48286,1,296.1,1,compatibility_issue
4790,695,6,37871,ORD-20231118-92164,1,1979.1,1,not_as_described
4791,708,92,6116,ORD-20231118-92432,1,1036.15,1,changed_mind
4792,695,61,42754,ORD-20231118-26339,1,899.1,1,compatibility_issue
4793,701,95,43131,ORD-20231118-15937,2,238.4,1,not_as_described
4794,694,94,47891,ORD-20231118-61906,1,99.0,1,not_as_described
4795,700,34,34259,ORD-20231119-40475,1,849.15,1,defective_product
4796,710,66,6067,ORD-20231119-58790,1,899.0,1,changed_mind
4797,709,95,4044,ORD-20231119-40478,1,149.0,1,changed_mind
4798,714,95,32009,ORD-20231119-58216,1,119.2,1,not_as_described
4799,705,17,20452,ORD-20231119-27247,1,594.15,1,delivery_issue
4800,706,86,13752,ORD-20231119-96301,2,1618.2,1,changed_mind
4801,710,76,7942,ORD-20231119-87160,1,930.3,1,compatibility_issue
4802,703,68,36016,ORD-20231119-14430,2,196.2,1,changed_mind
4803,717,20,17204,ORD-20231119-48365,1,349.0,1,delivery_issue
4804,692,11,33070,ORD-20231119-86690,2,898.0,1,defective_product
4805,710,21,540,ORD-20231119-64011,1,312.55,1,wrong_item
4806,703,68,39326,ORD-20231119-62945,1,87.2,1,defective_product
4807,692,20,29773,ORD-20231119-48860,1,314.1,1,not_as_described
4808,704,36,38028,ORD-20231119-54359,1,599.0,1,not_as_described
4809,716,20,3390,ORD-20231119-44216,1,244.3,1,not_as_described
4810,716,35,21323,ORD-20231119-18973,1,664.05,1,defective_product
4811,712,2,15815,ORD-20231119-94632,1,2249.1,1,changed_mind
4812,713,1,26693,ORD-20231119-67992,1,1234.05,1,compatibility_issue
4813,716,61,16097,ORD-20231120-23668,1,949.05,1,defective_product
4814,694,79,47214,ORD-20231120-77500,1,764.15,1,changed_mind
4815,692,32,44972,ORD-20231120-68879,2,1528.3,1,wrong_item
4816,713,95,35047,ORD-20231120-28460,1,134.1,1,delivery_issue
4817,714,69,20711,ORD-20231120-77728,1,90.3,1,delivery_issue
4818,709,58,8089,ORD-20231120-31324,1,1529.1,1,wrong_item
4819,711,55,11987,ORD-20231120-39467,1,1499.0,1,compatibility_issue
4820,696,54,17211,ORD-20231120-85032,1,94.05,1,compatibility_issue
4821,709,85,19081,ORD-20231120-10632,1,426.55,1,not_as_described
4822,705,76,29625,ORD-20231120-99234,1,1063.2,1,not_as_described
4823,693,74,21455,ORD-20231120-91735,1,269.1,1,changed_mind
4824,692,20,15080,ORD-20231120-68096,1,296.65,1,delivery_issue
4825,718,92,43008,ORD-20231120-12305,1,975.2,1,not_as_described
4826,717,14,8498,ORD-20231120-25080,1,674.1,1,wrong_item
4827,712,61,25248,ORD-20231120-36488,1,999.0,1,defective_product
4828,704,19,47215,ORD-20231121-39526,1,399.0,1,not_as_described
4829,695,85,3814,ORD-20231121-64021,1,449.0,1,changed_mind
4830,710,6,45027,ORD-20231121-54315,1,1979.1,1,changed_mind
4831,720,88,7833,ORD-20231121-48967,1,664.05,1,not_as_described
4832,719,39,5893,ORD-20231121-68485,1,979.3,1,wrong_item
4833,697,59,3706,ORD-20231121-64361,1,1799.0,1,defective_product
4834,694,11,43261,ORD-20231121-72208,1,449.0,1,defective_product
4835,716,66,27537,ORD-20231121-81775,1,809.1,1,defective_product
4836,715,66,34381,ORD-20231121-41860,1,899.0,1,delivery_issue
4837,719,72,37625,ORD-20231121-43421,1,116.1,1,delivery_issue
4838,698,80,38334,ORD-20231121-72491,1,989.1,1,changed_mind
4839,694,5,8141,ORD-20231121-51664,1,1274.15,1,not_as_described
4840,696,60,1332,ORD-20231121-41950,1,959.2,1,defective_product
4841,701,35,42370,ORD-20231121-75219,1,594.15,1,delivery_issue
4842,702,95,39288,ORD-20231121-83271,1,141.55,1,defective_product
4843,706,93,21181,ORD-20231121-34891,1,56.05,1,defective_product
4844,717,65,14397,ORD-20231122-45701,2,3198.0,1,defective_product
4845,699,8,49557,ORD-20231122-82671,1,1619.1,1,not_as_described
4846,707,24,41053,ORD-20231122-87012,1,279.0,1,defective_product
4847,699,94,3904,ORD-20231122-28197,1,69.3,1,changed_mind
4848,720,94,24726,ORD-20231122-68662,1,94.05,1,not_as_described
4849,704,79,6140,ORD-20231122-74316,1,899.0,1,defective_product
4850,710,95,9135,ORD-20231122-42845,2,298.0,1,changed_mind
4851,721,14,28743,ORD-20231122-98952,1,749.0,1,changed_mind
4852,696,96,4752,ORD-20231123-17320,1,199.0,1,not_as_described
4853,710,85,20521,ORD-20231123-43430,1,381.65,1,compatibility_issue
4854,707,59,24901,ORD-20231123-94046,1,1259.3,1,changed_mind
4855,695,14,39685,ORD-20231123-88307,2,1273.3,1,changed_mind
4856,698,60,35818,ORD-20231123-96470,1,1019.15,1,wrong_item
4857,711,55,37799,ORD-20231123-12868,1,1349.1,1,delivery_issue
4858,702,18,35748,ORD-20231123-45924,1,599.0,1,compatibility_issue
4859,696,25,11516,ORD-20231123-72680,1,199.0,1,defective_product
4860,715,90,11794,ORD-20231123-23268,1,849.0,1,not_as_described
4861,703,94,26473,ORD-20231123-94101,1,89.1,1,delivery_issue
4862,697,73,23190,ORD-20231123-35232,1,87.2,1,defective_product
4863,712,65,34385,ORD-20231123-81804,1,1439.1,1,changed_mind
4864,706,94,15927,ORD-20231123-38342,1,84.15,1,defective_product
4865,698,11,30310,ORD-20231123-77754,1,426.55,1,changed_mind
4866,722,90,30162,ORD-20231124-95634,1,849.0,1,not_as_described
4867,707,56,26796,ORD-20231124-54898,1,1979.1,1,not_as_described
4868,716,63,39589,ORD-20231124-52200,1,1279.2,1,wrong_item
4869,700,48,25011,ORD-20231124-28250,1,699.0,1,compatibility_issue
4870,712,35,28711,ORD-20231124-38590,1,664.05,1,not_as_described
4871,716,19,24053,ORD-20231124-90724,1,339.15,1,not_as_described
4872,714,25,23751,ORD-20231124-62052,1,189.05,1,wrong_item
4873,700,97,11854,ORD-20231124-74905,1,284.05,1,compatibility_issue
4874,700,11,48717,ORD-20231124-73431,1,359.2,1,not_as_described
4875,702,8,5587,ORD-20231124-11341,1,1709.05,1,defective_product
4876,706,82,6440,ORD-20231124-90304,1,806.55,1,compatibility_issue
4877,710,35,1114,ORD-20231124-62542,1,594.15,1,delivery_issue
4878,716,18,6314,ORD-20231124-45819,1,599.0,1,not_as_described
4879,722,76,32276,ORD-20231124-86866,1,1262.55,1,changed_mind
4880,704,72,5286,ORD-20231124-60785,1,116.1,1,defective_product
4881,711,94,32997,ORD-20231124-66752,1,84.15,1,delivery_issue
4882,703,63,26582,ORD-20231124-89598,1,1439.1,1,defective_product
4883,696,38,217,ORD-20231124-34201,1,629.1,1,defective_product
4884,713,16,2635,ORD-20231124-41984,1,381.65,1,defective_product
4885,701,62,15326,ORD-20231124-14259,1,1299.0,1,changed_mind
4886,714,34,18323,ORD-20231124-89655,1,699.3,1,defective_product
4887,711,80,24170,ORD-20231124-51239,1,1099.0,1,wrong_item
4888,719,16,16310,ORD-20231124-30296,2,853.1,1,defective_product
4889,721,92,14464,ORD-20231124-95674,2,2194.2,1,not_as_described
4890,706,2,27252,ORD-20231124-31713,1,1999.2,1,changed_mind
4891,722,98,12429,ORD-20231124-47755,1,249.0,1,changed_mind
4892,716,22,16724,ORD-20231124-68114,1,299.0,1,changed_mind
4893,705,20,37711,ORD-20231124-52868,1,296.65,1,defective_product
4894,700,36,30490,ORD-20231124-69154,1,599.0,1,defective_product
4895,716,38,21203,ORD-20231124-49797,1,664.05,1,not_as_described
4896,699,10,35228,ORD-20231124-63046,1,2239.2,1,delivery_issue
4897,718,67,28827,ORD-20231124-12255,1,949.05,1,defective_product
4898,700,82,13378,ORD-20231124-81628,1,806.55,1,compatibility_issue
4899,723,86,37801,ORD-20231124-17917,1,809.1,1,not_as_described
4900,722,6,5270,ORD-20231124-51955,1,1979.1,1,defective_product
4901,698,81,14944,ORD-20231125-64640,1,799.0,1,compatibility_issue
4902,711,4,13983,ORD-20231125-79354,1,279.2,1,not_as_described
4903,703,46,49713,ORD-20231125-53895,1,424.15,1,compatibility_issue
4904,723,52,24910,ORD-20231125-65297,1,349.0,1,not_as_described
4905,724,6,13874,ORD-20231125-46284,1,1979.1,1,changed_mind
4906,722,48,21943,ORD-20231125-85348,1,699.0,1,changed_mind
4907,701,1,29484,ORD-20231125-51549,1,1234.05,1,compatibility_issue
4908,706,59,10402,ORD-20231125-68276,1,1799.0,1,delivery_issue
4909,711,11,15349,ORD-20231125-64967,1,359.2,1,changed_mind
4910,712,5,16876,ORD-20231125-13292,1,1499.0,1,defective_product
4911,717,5,36237,ORD-20231125-69975,1,1499.0,1,not_as_described
4912,716,72,27780,ORD-20231125-60115,1,122.55,1,not_as_described
4913,707,85,26118,ORD-20231126-12232,1,404.1,1,changed_mind
4914,717,91,42053,ORD-20231126-28712,1,573.3,1,delivery_issue
4915,717,46,27738,ORD-20231126-55012,1,499.0,1,not_as_described
4916,711,76,38470,ORD-20231126-18273,1,1262.55,1,defective_product
4917,724,1,9118,ORD-20231126-52053,1,1299.0,1,compatibility_issue
4918,724,97,49847,ORD-20231126-99044,1,269.1,1,delivery_issue
4919,710,82,11576,ORD-20231126-10373,1,764.1,1,compatibility_issue
4920,712,76,5570,ORD-20231126-86550,1,1196.1,1,not_as_described
4921,704,71,893,ORD-20231126-23599,1,75.05,1,delivery_issue
4922,704,81,34788,ORD-20231127-90570,1,799.0,1,wrong_item
4923,705,75,35927,ORD-20231127-35557,1,349.0,1,wrong_item
4924,723,90,28409,ORD-20231127-78783,1,849.0,1,defective_product
4925,721,7,7683,ORD-20231127-52811,2,1198.0,1,compatibility_issue
4926,702,61,2361,ORD-20231127-21778,1,999.0,1,delivery_issue
4927,713,59,9333,ORD-20231127-13591,1,1799.0,1,delivery_issue
4928,700,76,38510,ORD-20231127-91902,1,1329.0,1,defective_product
4929,703,48,20494,ORD-20231127-53983,1,699.0,1,not_as_described
4930,705,93,29836,ORD-20231127-77345,1,59.0,1,defective_product
4931,722,94,2130,ORD-20231127-28955,1,99.0,1,defective_product
4932,702,44,3074,ORD-20231127-68261,1,899.0,1,wrong_item
4933,721,72,2193,ORD-20231127-93112,1,122.55,1,not_as_described
4934,704,79,30614,ORD-20231128-48903,1,854.05,1,not_as_described
4935,708,82,45686,ORD-20231128-53676,1,764.1,1,not_as_described
4936,715,8,14893,ORD-20231128-16687,1,1799.0,1,compatibility_issue
4937,711,40,27056,ORD-20231128-53823,1,749.0,1,not_as_described
4938,704,98,15404,ORD-20231128-17910,1,236.55,1,changed_mind
4939,711,19,1396,ORD-20231128-60646,1,399.0,1,wrong_item
4940,711,85,34885,ORD-20231128-91174,1,449.0,1,delivery_issue
4941,726,22,47912,ORD-20231128-48090,1,299.0,1,compatibility_issue
4942,708,18,43931,ORD-20231128-80416,1,599.0,1,compatibility_issue
4943,725,38,1408,ORD-20231128-40476,1,699.0,1,defective_product
4944,727,34,14392,ORD-20231128-80818,1,999.0,1,changed_mind
4945,703,4,28089,ORD-20231128-81033,2,698.0,1,not_as_described
4946,725,24,4985,ORD-20231129-62577,1,279.0,1,not_as_described
4947,710,77,11356,ORD-20231129-12847,1,1029.0,1,wrong_item
4948,727,59,48953,ORD-20231129-47889,1,1799.0,1,changed_mind
4949,727,38,23223,ORD-20231129-80965,1,629.1,1,compatibility_issue
4950,712,18,9593,ORD-20231129-28371,1,599.0,1,defective_product
4951,716,93,12183,ORD-20231129-54615,1,59.0,1,defective_product
4952,704,3,8739,ORD-20231129-10416,1,499.0,1,defective_product
4953,707,6,67,ORD-20231129-47848,1,2199.0,1,wrong_item
4954,728,85,25247,ORD-20231129-58225,1,449.0,1,delivery_issue
4955,703,94,4190,ORD-20231129-67699,1,99.0,1,changed_mind
4956,725,59,43839,ORD-20231129-58425,1,1619.1,1,wrong_item
4957,702,35,11065,ORD-20231130-70021,1,699.0,1,defective_product
4958,714,60,35550,ORD-20231130-16724,1,1139.05,1,changed_mind
4959,703,66,23016,ORD-20231130-95824,1,854.05,1,defective_product
4960,714,8,23483,ORD-20231130-27389,1,1799.0,1,not_as_described
4961,707,94,7629,ORD-20231130-82786,1,99.0,1,defective_product
4962,717,83,27991,ORD-20231130-24179,1,379.05,1,changed_mind
4963,715,2,32937,ORD-20231130-78175,2,4998.0,1,not_as_described
4964,722,72,34235,ORD-20231130-84882,1,129.0,1,delivery_issue
4965,713,26,36598,ORD-20231201-25772,1,125.3,1,defective_product
4966,704,24,3855,ORD-20231201-84323,1,279.0,1,not_as_described
4967,726,61,19627,ORD-20231201-56049,1,999.0,1,wrong_item
4968,703,17,43128,ORD-20231201-43261,1,664.05,1,changed_mind
4969,720,80,29654,ORD-20231201-41790,1,1099.0,1,defective_product
4970,708,67,28816,ORD-20231201-48363,1,949.05,1,not_as_described
4971,716,34,2631,ORD-20231201-85267,1,949.05,1,changed_mind
4972,706,48,4636,ORD-20231201-68656,1,594.15,1,changed_mind
4973,719,21,15239,ORD-20231201-60947,1,279.65,1,wrong_item
4974,711,45,26150,ORD-20231201-33653,1,639.2,1,defective_product
4975,708,21,9516,ORD-20231201-64728,1,279.65,1,defective_product
4976,727,69,22832,ORD-20231201-24104,1,103.2,1,changed_mind
4977,716,97,41206,ORD-20231201-45603,1,239.2,1,delivery_issue
4978,726,78,26637,ORD-20231202-31574,1,1214.1,1,not_as_described
4979,722,60,31758,ORD-20231202-98405,1,1079.1,1,defective_product
4980,711,14,30807,ORD-20231202-67139,1,749.0,1,not_as_described
4981,730,72,29385,ORD-20231202-34464,1,116.1,1,defective_product
4982,723,90,31519,ORD-20231202-14107,1,849.0,1,wrong_item
4983,726,62,15801,ORD-20231202-12137,1,1234.05,1,wrong_item
4984,726,32,23568,ORD-20231202-12596,1,899.0,1,defective_product
4985,731,69,27528,ORD-20231203-28441,1,109.65,1,compatibility_issue
4986,724,23,2222,ORD-20231203-96184,1,179.0,1,defective_product
4987,720,61,29964,ORD-20231203-48794,1,899.1,1,changed_mind
4988,717,1,14673,ORD-20231203-75469,2,2208.3,1,not_as_described
4989,721,81,26606,ORD-20231203-47373,1,559.3,1,not_as_described
4990,720,14,23189,ORD-20231203-59780,1,674.1,1,delivery_issue
4991,711,79,37519,ORD-20231203-13417,1,854.05,1,defective_product
4992,716,47,10337,ORD-20231203-71740,1,419.3,1,delivery_issue
4993,710,90,21206,ORD-20231203-84866,1,806.55,1,defective_product
4994,732,8,11609,ORD-20231203-78326,1,1529.15,1,not_as_described
4995,728,25,1726,ORD-20231203-77606,1,179.1,1,defective_product
4996,722,35,49742,ORD-20231203-39858,2,1258.2,1,delivery_issue
4997,727,38,27857,ORD-20231203-73918,1,594.15,1,wrong_item
4998,715,73,42695,ORD-20231203-38030,1,87.2,1,changed_mind
4999,719,83,46049,ORD-20231203-25059,1,379.05,1,not_as_described
5000,713,1,7553,ORD-20231203-78859,1,1234.05,1,delivery_issue
5001,720,21,16597,ORD-20231204-68942,1,296.1,1,delivery_issue
5002,724,9,20866,ORD-20231204-39115,1,1169.1,1,delivery_issue
5003,713,65,10350,ORD-20231204-43081,1,1359.15,1,defective_product
5004,706,16,48326,ORD-20231204-34065,1,381.65,1,changed_mind
5005,719,26,17943,ORD-20231204-12733,1,143.2,1,not_as_described
5006,715,8,42230,ORD-20231204-23226,1,1709.05,1,wrong_item
5007,728,73,11171,ORD-20231204-98702,1,76.3,1,defective_product
5008,722,90,31193,ORD-20231204-76775,1,849.0,1,defective_product
5009,716,4,44975,ORD-20231204-86788,1,279.2,1,compatibility_issue
5010,714,78,9631,ORD-20231204-23379,2,2563.1,1,wrong_item
5011,727,59,43689,ORD-20231204-46907,1,1439.2,1,defective_product
5012,713,85,30043,ORD-20231204-17761,1,449.0,1,changed_mind
5013,717,95,45563,ORD-20231204-94624,1,134.1,1,not_as_described
5014,706,85,33437,ORD-20231204-81903,1,449.0,1,changed_mind
5015,715,4,7195,ORD-20231204-29676,1,244.3,1,delivery_issue
5016,718,84,23383,ORD-20231205-36724,1,809.1,1,not_as_described
5017,729,29,25255,ORD-20231205-63637,1,999.0,1,wrong_item
5018,723,60,36931,ORD-20231205-36772,1,1079.1,1,delivery_issue
5019,712,24,3170,ORD-20231205-36618,1,265.05,1,changed_mind
5020,734,11,28943,ORD-20231205-16311,1,404.1,1,wrong_item
5021,726,78,38260,ORD-20231205-13578,1,1349.0,1,defective_product
5022,727,67,37537,ORD-20231205-36995,1,949.05,1,compatibility_issue
5023,710,85,23010,ORD-20231205-38680,1,381.65,1,compatibility_issue
5024,721,94,47973,ORD-20231205-46931,1,84.15,1,defective_product
5025,729,93,10935,ORD-20231205-58888,1,59.0,1,wrong_item
5026,710,8,15018,ORD-20231205-31184,1,1619.1,1,not_as_described
5027,714,94,3521,ORD-20231205-41251,1,99.0,1,defective_product
5028,734,92,24025,ORD-20231205-63865,1,1158.05,1,compatibility_issue
5029,722,84,5396,ORD-20231206-47556,1,719.2,1,wrong_item
5030,725,71,21654,ORD-20231206-46161,2,142.2,1,not_as_described
5031,719,61,8750,ORD-20231206-47052,1,849.15,1,defective_product
5032,715,34,8265,ORD-20231206-56056,1,999.0,1,not_as_described
5033,719,85,40081,ORD-20231206-98889,2,898.0,1,not_as_described
5034,731,81,24324,ORD-20231206-64045,1,639.2,1,compatibility_issue
5035,729,95,36299,ORD-20231206-70567,1,104.3,1,wrong_item
5036,717,21,14970,ORD-20231206-12983,1,279.65,1,defective_product
5037,727,36,29969,ORD-20231206-32121,1,569.05,1,defective_product
5038,723,2,39427,ORD-20231206-31005,1,2374.05,1,changed_mind
5039,723,70,17667,ORD-20231206-50372,1,122.55,1,changed_mind
5040,711,73,1289,ORD-20231206-70406,1,76.3,1,changed_mind
5041,715,58,41426,ORD-20231206-28534,1,1614.05,1,compatibility_issue
5042,726,24,1162,ORD-20231207-54504,1,279.0,1,not_as_described
5043,727,59,19233,ORD-20231207-24443,1,1799.0,1,not_as_described
5044,736,47,35013,ORD-20231207-32249,1,569.05,1,compatibility_issue
5045,720,2,45521,ORD-20231207-84907,1,2249.1,1,not_as_described
5046,709,13,17799,ORD-20231207-34353,1,314.1,1,changed_mind
5047,731,21,46370,ORD-20231207-93594,1,312.55,1,not_as_described
5048,725,18,12589,ORD-20231207-35796,1,539.1,1,changed_mind
5049,731,33,18631,ORD-20231207-65914,1,679.15,1,delivery_issue
5050,716,81,24892,ORD-20231207-71912,1,799.0,1,delivery_issue
5051,709,55,46167,ORD-20231207-59781,2,2398.4,1,changed_mind
5052,713,69,34880,ORD-20231207-38108,1,129.0,1,not_as_described
5053,726,94,25139,ORD-20231207-77683,1,84.15,1,changed_mind
5054,719,12,19465,ORD-20231207-26420,1,854.05,1,changed_mind
5055,726,10,47625,ORD-20231207-98770,2,3918.6,1,changed_mind
5056,723,2,27471,ORD-20231207-38047,2,4498.2,1,defective_product
5057,710,15,28986,ORD-20231208-85969,1,209.3,1,not_as_described
5058,737,98,48129,ORD-20231208-81177,1,249.0,1,compatibility_issue
5059,736,25,26938,ORD-20231208-29166,1,139.3,1,changed_mind
5060,710,40,23693,ORD-20231208-75215,1,674.1,1,defective_product
5061,724,5,25301,ORD-20231208-56471,1,1499.0,1,changed_mind
5062,718,5,38773,ORD-20231208-61747,1,1349.1,1,defective_product
5063,715,13,13241,ORD-20231208-48531,1,296.65,1,delivery_issue
5064,714,35,44268,ORD-20231208-23328,1,559.2,1,delivery_issue
5065,737,66,42159,ORD-20231208-27494,1,854.05,1,changed_mind
5066,734,60,13270,ORD-20231208-22612,1,1079.1,1,not_as_described
5067,712,79,38754,ORD-20231208-12564,3,2562.15,1,defective_product
5068,710,87,21053,ORD-20231208-68713,1,284.05,1,delivery_issue
5069,711,11,11606,ORD-20231208-75261,2,808.2,1,changed_mind
5070,734,81,9369,ORD-20231208-62203,1,799.0,1,delivery_issue
5071,737,38,33316,ORD-20231208-61101,1,594.15,1,wrong_item
5072,728,17,9991,ORD-20231208-99501,1,594.15,1,defective_product
5073,732,36,27273,ORD-20231208-25781,1,419.3,1,compatibility_issue
5074,732,19,11238,ORD-20231208-47093,1,399.0,1,defective_product
5075,724,65,20615,ORD-20231208-36357,1,1119.3,1,defective_product
5076,713,18,12405,ORD-20231208-82129,1,569.05,1,defective_product
5077,737,95,25856,ORD-20231208-45867,1,149.0,1,wrong_item
5078,732,44,45229,ORD-20231209-98798,1,809.1,1,wrong_item
5079,720,11,39018,ORD-20231209-37423,1,404.1,1,defective_product
5080,728,39,19168,ORD-20231209-60452,1,1399.0,1,changed_mind
5081,718,76,11441,ORD-20231209-10244,1,1262.55,1,changed_mind
5082,712,6,13958,ORD-20231209-32811,1,2199.0,1,not_as_described
5083,729,78,14739,ORD-20231209-77905,1,1214.1,1,delivery_issue
5084,726,67,19099,ORD-20231209-88446,1,999.0,1,wrong_item
5085,714,92,33641,ORD-20231209-70830,1,1036.15,1,defective_product
5086,728,86,9708,ORD-20231209-85116,1,899.0,1,not_as_described
5087,715,79,38855,ORD-20231209-54598,1,854.05,1,defective_product
5088,728,62,27609,ORD-20231209-56996,1,1299.0,1,compatibility_issue
5089,738,56,41394,ORD-20231210-20153,1,1869.15,1,not_as_described
5090,714,73,44992,ORD-20231210-56301,1,109.0,1,not_as_described
5091,724,41,43388,ORD-20231210-39939,1,466.65,1,compatibility_issue
5092,737,76,831,ORD-20231210-55322,2,2259.3,1,compatibility_issue
5093,717,69,45923,ORD-20231210-32575,1,90.3,1,defective_product
5094,739,65,7902,ORD-20231210-52005,2,3038.1,1,changed_mind
5095,720,27,382,ORD-20231210-63791,1,141.55,1,delivery_issue
5096,721,7,48645,ORD-20231210-23995,2,1018.3,1,changed_mind
5097,739,73,41496,ORD-20231210-57212,1,92.65,1,changed_mind
5098,720,62,11932,ORD-20231210-92073,1,1299.0,1,compatibility_issue
5099,736,18,3554,ORD-20231210-16499,1,599.0,1,wrong_item
5100,726,41,11878,ORD-20231210-94538,1,494.1,1,compatibility_issue
5101,724,1,23713,ORD-20231210-20027,1,1104.15,1,defective_product
5102,734,59,37004,ORD-20231210-12267,1,1529.15,1,delivery_issue
5103,729,71,36752,ORD-20231211-93751,1,55.3,1,compatibility_issue
5104,735,34,19837,ORD-20231211-78076,2,1798.2,1,changed_mind
5105,714,11,6503,ORD-20231211-23522,1,449.0,1,compatibility_issue
5106,737,93,10908,ORD-20231211-72231,1,59.0,1,defective_product
5107,726,64,6505,ORD-20231211-90596,1,629.1,1,compatibility_issue
5108,726,69,27729,ORD-20231211-83354,1,116.1,1,compatibility_issue
5109,740,65,49627,ORD-20231211-30809,2,2878.2,1,delivery_issue
5110,713,72,46832,ORD-20231211-74193,1,122.55,1,not_as_described
5111,719,46,20763,ORD-20231211-78522,1,449.1,1,not_as_described
5112,721,29,19012,ORD-20231212-19523,1,799.2,1,delivery_issue
5113,714,58,41098,ORD-20231212-19080,1,1529.1,1,delivery_issue
5114,730,36,31788,ORD-20231212-44142,1,539.1,1,not_as_described
5115,741,24,26856,ORD-20231212-66518,1,279.0,1,changed_mind
5116,725,19,2725,ORD-20231212-20017,1,359.1,1,not_as_described
5117,731,63,46695,ORD-20231212-16015,1,1519.05,1,not_as_described
5118,728,72,43599,ORD-20231212-42156,1,109.65,1,not_as_described
5119,737,19,32970,ORD-20231212-74408,1,399.0,1,defective_product
5120,716,61,39611,ORD-20231212-54602,2,1798.2,1,compatibility_issue
5121,737,11,18896,ORD-20231212-24351,1,381.65,1,defective_product
5122,730,45,46539,ORD-20231212-85339,1,799.0,1,defective_product
5123,726,27,6396,ORD-20231212-74462,1,149.0,1,changed_mind
5124,741,13,28099,ORD-20231212-97932,1,349.0,1,defective_product
5125,723,17,14908,ORD-20231212-21604,1,699.0,1,not_as_described
5126,738,95,31285,ORD-20231213-64366,1,134.1,1,changed_mind
5127,741,7,32750,ORD-20231213-40491,1,599.0,1,not_as_described
5128,730,17,45869,ORD-20231213-47806,1,699.0,1,defective_product
5129,732,91,24957,ORD-20231213-89778,1,696.15,1,defective_product
5130,723,41,25950,ORD-20231213-83646,1,549.0,1,defective_product
5131,724,22,45045,ORD-20231213-21770,1,299.0,1,wrong_item
5132,720,94,30433,ORD-20231213-98175,1,99.0,1,defective_product
5133,736,56,38986,ORD-20231213-40754,1,2199.0,1,wrong_item
5134,733,87,44506,ORD-20231213-53572,1,284.05,1,changed_mind
5135,733,93,1018,ORD-20231213-57891,1,53.1,1,defective_product
5136,725,29,21379,ORD-20231213-96415,1,999.0,1,delivery_issue
5137,735,19,47356,ORD-20231213-83382,1,339.15,1,defective_product
5138,728,50,41133,ORD-20231214-33326,1,599.2,1,defective_product
5139,736,63,18275,ORD-20231214-90276,1,1599.0,1,not_as_described
5140,743,85,2051,ORD-20231214-56497,1,381.65,1,defective_product
5141,734,75,12388,ORD-20231214-47494,1,314.1,1,defective_product
5142,721,5,46987,ORD-20231214-12969,1,1274.15,1,defective_product
5143,737,39,26558,ORD-20231214-86611,1,1259.1,1,changed_mind
5144,734,2,31434,ORD-20231214-64777,1,2374.05,1,not_as_described
5145,723,77,15007,ORD-20231214-22815,1,874.65,1,compatibility_issue
5146,743,5,47441,ORD-20231214-81592,1,1274.15,1,compatibility_issue
5147,742,56,22373,ORD-20231214-39654,1,2089.05,1,defective_product
5148,728,74,27645,ORD-20231214-31775,1,254.15,1,wrong_item
5149,741,13,7881,ORD-20231214-97185,1,314.1,1,changed_mind
5150,737,59,18751,ORD-20231214-28769,1,1259.3,1,not_as_described
5151,730,15,6367,ORD-20231214-84426,1,299.0,1,changed_mind
5152,717,32,39388,ORD-20231214-80443,3,2157.6,1,changed_mind
5153,742,66,8432,ORD-20231214-92083,1,764.15,1,changed_mind
5154,740,14,48327,ORD-20231214-75659,1,636.65,1,compatibility_issue
5155,725,38,485,ORD-20231215-62436,1,629.1,1,compatibility_issue
5156,740,87,47146,ORD-20231215-99501,1,209.3,1,changed_mind
5157,731,84,37766,ORD-20231215-18544,1,764.15,1,changed_mind
5158,730,88,7386,ORD-20231215-87827,1,664.05,1,changed_mind
5159,735,92,36796,ORD-20231215-73591,1,1219.0,1,delivery_issue
5160,739,25,43885,ORD-20231215-46170,1,159.2,1,defective_product
5161,729,77,33139,ORD-20231215-11842,1,1029.0,1,defective_product
5162,722,73,38822,ORD-20231215-82213,1,109.0,1,defective_product
5163,721,6,12437,ORD-20231215-16541,1,1869.15,1,defective_product
5164,726,17,31272,ORD-20231215-94578,1,629.1,1,delivery_issue
5165,727,26,43642,ORD-20231215-95640,1,161.1,1,not_as_described
5166,731,63,9143,ORD-20231215-22841,1,1439.1,1,defective_product
5167,731,36,49944,ORD-20231215-54492,1,599.0,1,not_as_described
5168,743,66,8137,ORD-20231215-90339,1,809.1,1,defective_product
5169,741,49,16601,ORD-20231215-55349,2,998.0,1,defective_product
5170,718,70,10893,ORD-20231215-72246,2,219.3,1,wrong_item
5171,740,91,18400,ORD-20231215-66830,1,737.1,1,delivery_issue
5172,744,63,33064,ORD-20231215-41176,1,1519.05,1,compatibility_issue
5173,731,92,31698,ORD-20231216-30655,1,1219.0,1,wrong_item
5174,718,93,34373,ORD-20231216-92952,1,53.1,1,not_as_described
5175,727,71,46549,ORD-20231216-70725,1,75.05,1,compatibility_issue
5176,736,19,27613,ORD-20231216-16043,1,399.0,1,compatibility_issue
5177,738,76,48464,ORD-20231216-57039,1,1196.1,1,delivery_issue
5178,718,67,7354,ORD-20231216-97991,1,949.05,1,defective_product
5179,742,66,39627,ORD-20231216-68363,1,809.1,1,delivery_issue
5180,721,26,40592,ORD-20231216-33961,1,161.1,1,not_as_described
5181,718,34,24444,ORD-20231216-89828,1,849.15,1,changed_mind
5182,736,12,20616,ORD-20231216-73151,1,854.05,1,not_as_described
5183,725,93,47611,ORD-20231216-42543,1,56.05,1,not_as_described
5184,725,1,7431,ORD-20231216-40487,2,2338.2,1,defective_product
5185,742,85,23539,ORD-20231216-92634,1,404.1,1,changed_mind
5186,719,8,28726,ORD-20231217-22683,1,1259.3,1,changed_mind
5187,742,73,47273,ORD-20231217-60610,1,76.3,1,compatibility_issue
5188,734,66,35592,ORD-20231217-17735,1,764.15,1,changed_mind
5189,739,21,39269,ORD-20231217-20583,1,312.55,1,not_as_described
5190,737,22,16722,ORD-20231217-81546,1,254.15,1,changed_mind
5191,730,14,29280,ORD-20231217-39460,1,674.1,1,defective_product
5192,735,57,13274,ORD-20231217-89293,1,1999.0,1,defective_product
5193,733,95,34799,ORD-20231217-52860,1,141.55,1,not_as_described
5194,728,9,15597,ORD-20231217-59787,1,1299.0,1,compatibility_issue
5195,721,35,41030,ORD-20231217-68290,1,664.05,1,delivery_issue
5196,720,6,22950,ORD-20231217-96666,1,1869.15,1,changed_mind
5197,727,57,28598,ORD-20231217-93090,1,1699.15,1,compatibility_issue
5198,746,14,43788,ORD-20231217-13548,1,674.1,1,not_as_described
5199,727,22,38637,ORD-20231217-18871,1,299.0,1,changed_mind
5200,720,74,42453,ORD-20231217-28305,1,269.1,1,delivery_issue
5201,730,85,10728,ORD-20231217-66345,2,808.2,1,wrong_item
5202,731,71,33402,ORD-20231217-40276,1,79.0,1,not_as_described
5203,743,26,31567,ORD-20231217-57682,1,179.0,1,not_as_described
5204,730,72,11964,ORD-20231217-75659,1,129.0,1,not_as_described
5205,743,66,14560,ORD-20231217-97718,2,1708.1,1,defective_product
5206,732,7,22248,ORD-20231218-52009,2,1018.3,1,not_as_described
5207,745,68,3754,ORD-20231218-56371,1,76.3,1,wrong_item
5208,743,27,44342,ORD-20231218-87136,1,134.1,1,changed_mind
5209,747,73,25051,ORD-20231218-77423,1,98.1,1,not_as_described
5210,721,73,21519,ORD-20231218-68849,1,92.65,1,not_as_described
5211,728,18,26427,ORD-20231218-20351,1,569.05,1,delivery_issue
5212,743,30,35084,ORD-20231218-23824,1,1169.1,1,wrong_item
5213,745,66,49203,ORD-20231218-12407,1,764.15,1,defective_product
5214,720,95,43353,ORD-20231218-36591,1,149.0,1,not_as_described
5215,741,77,198,ORD-20231218-64699,1,977.55,1,defective_product
5216,724,53,1248,ORD-20231218-44048,1,149.0,1,defective_product
5217,727,61,44599,ORD-20231218-65066,1,949.05,1,wrong_item
5218,723,64,15095,ORD-20231218-33655,1,699.0,1,compatibility_issue
5219,727,73,5162,ORD-20231218-30482,1,92.65,1,not_as_described
5220,747,54,647,ORD-20231218-86840,1,99.0,1,delivery_issue
5221,722,98,25094,ORD-20231218-30833,1,249.0,1,changed_mind
5222,729,84,41761,ORD-20231218-53304,1,719.2,1,defective_product
5223,729,9,22084,ORD-20231218-10797,1,1234.05,1,defective_product
5224,745,55,20735,ORD-20231218-15953,1,1424.05,1,delivery_issue
5225,742,90,12133,ORD-20231218-78000,1,721.65,1,defective_product
5226,735,34,16461,ORD-20231218-27530,1,799.2,1,defective_product
5227,738,37,3383,ORD-20231218-62989,1,719.1,1,compatibility_issue
5228,745,83,17176,ORD-20231218-46066,1,339.15,1,defective_product
5229,720,3,7587,ORD-20231218-34348,1,474.05,1,changed_mind
5230,743,17,9640,ORD-20231218-37667,1,664.05,1,changed_mind
5231,729,7,17216,ORD-20231218-61613,1,569.05,1,compatibility_issue
5232,724,8,43851,ORD-20231218-82595,1,1619.1,1,not_as_described
5233,729,97,24436,ORD-20231218-99069,2,598.0,1,wrong_item
5234,725,79,5808,ORD-20231219-35902,1,899.0,1,defective_product
5235,725,29,9044,ORD-20231219-56305,2,1698.3,1,defective_product
5236,737,79,226,ORD-20231219-97930,1,809.1,1,defective_product
5237,733,77,10461,ORD-20231219-39291,1,977.55,1,defective_product
5238,748,10,22909,ORD-20231219-74603,1,2799.0,1,changed_mind
5239,732,31,8181,ORD-20231219-27386,1,1099.0,1,changed_mind
5240,747,96,41259,ORD-20231219-71817,1,169.15,1,compatibility_issue
5241,722,14,37377,ORD-20231219-53295,1,749.0,1,not_as_described
5242,743,5,29987,ORD-20231219-18646,1,1349.1,1,wrong_item
5243,727,34,9048,ORD-20231219-40130,1,999.0,1,changed_mind
5244,745,35,28258,ORD-20231219-88494,1,699.0,1,defective_product
5245,743,93,46443,ORD-20231219-84453,1,56.05,1,wrong_item
5246,744,89,17783,ORD-20231219-85972,1,249.0,1,wrong_item
5247,747,74,15654,ORD-20231219-55210,1,284.05,1,not_as_described
5248,727,26,39147,ORD-20231219-52202,2,322.2,1,delivery_issue
5249,741,7,20285,ORD-20231219-49645,1,419.3,1,changed_mind
5250,723,66,19328,ORD-20231219-46349,1,854.05,1,not_as_described
5251,731,97,35304,ORD-20231219-86917,1,299.0,1,changed_mind
5252,730,71,46723,ORD-20231219-55853,1,71.1,1,defective_product
5253,731,92,36902,ORD-20231219-63598,1,1097.1,1,changed_mind
5254,736,78,16849,ORD-20231219-92175,1,1281.55,1,not_as_described
5255,744,22,49715,ORD-20231220-86840,1,299.0,1,compatibility_issue
5256,730,76,5500,ORD-20231220-52894,1,1129.65,1,not_as_described
5257,742,38,20571,ORD-20231220-81665,1,594.15,1,delivery_issue
5258,748,36,28939,ORD-20231220-89182,1,539.1,1,defective_product
5259,746,95,24191,ORD-20231220-65077,2,253.3,1,changed_mind
5260,741,77,20421,ORD-20231220-86946,1,1029.0,1,not_as_described
5261,742,94,14596,ORD-20231220-51631,1,94.05,1,not_as_described
5262,722,64,3356,ORD-20231220-64211,1,699.0,1,defective_product
5263,726,48,37491,ORD-20231220-63039,1,699.0,1,changed_mind
5264,725,27,37289,ORD-20231220-20497,1,104.3,1,delivery_issue
5265,747,79,29649,ORD-20231220-37367,1,809.1,1,not_as_described
5266,730,91,49395,ORD-20231220-61283,1,737.1,1,wrong_item
5267,735,47,37693,ORD-20231220-40241,1,539.1,1,changed_mind
5268,732,1,33430,ORD-20231220-31135,1,1169.1,1,defective_product
5269,744,94,21265,ORD-20231220-89967,1,99.0,1,delivery_issue
5270,724,2,48590,ORD-20231220-79501,1,1999.2,1,changed_mind
5271,722,73,22434,ORD-20231220-51081,2,218.0,1,changed_mind
5272,732,95,43869,ORD-20231220-80180,1,149.0,1,delivery_issue
5273,730,80,21657,ORD-20231220-60276,1,1099.0,1,compatibility_issue
5274,729,33,49213,ORD-20231220-37715,1,799.0,1,wrong_item
5275,750,93,39128,ORD-20231221-61024,1,53.1,1,changed_mind
5276,739,17,26018,ORD-20231221-59875,1,664.05,1,delivery_issue
5277,726,65,46000,ORD-20231221-41988,1,1439.1,1,delivery_issue
5278,733,79,9375,ORD-20231221-53372,2,1258.6,1,defective_product
5279,741,8,2838,ORD-20231221-37003,1,1439.2,1,defective_product
5280,734,48,9029,ORD-20231221-16090,1,559.2,1,defective_product
5281,750,81,10369,ORD-20231221-55626,1,799.0,1,changed_mind
5282,741,61,45848,ORD-20231221-53443,1,849.15,1,changed_mind
5283,738,92,22821,ORD-20231221-83510,1,1219.0,1,changed_mind
5284,736,33,33034,ORD-20231221-50005,1,559.3,1,delivery_issue
5285,725,91,12569,ORD-20231221-29820,1,778.05,1,wrong_item
5286,740,69,36895,ORD-20231221-79631,1,129.0,1,compatibility_issue
5287,741,82,43087,ORD-20231221-39172,1,764.1,1,not_as_described
5288,727,48,42739,ORD-20231221-79905,1,664.05,1,changed_mind
5289,747,24,6211,ORD-20231221-88825,1,237.15,1,defective_product
5290,746,91,42283,ORD-20231221-88705,1,573.3,1,delivery_issue
5291,733,61,3643,ORD-20231221-61861,2,1998.0,1,not_as_described
5292,731,54,38583,ORD-20231221-26400,1,89.1,1,not_as_described
5293,728,10,746,ORD-20231222-24030,1,2659.05,1,changed_mind
5294,726,38,29055,ORD-20231222-28843,1,594.15,1,defective_product
5295,751,5,4034,ORD-20231222-13065,1,1499.0,1,delivery_issue
5296,748,76,35513,ORD-20231222-14374,2,2658.0,1,wrong_item
5297,751,83,35036,ORD-20231222-54207,1,339.15,1,not_as_described
5298,727,42,48192,ORD-20231222-56066,1,959.2,1,compatibility_issue
5299,725,34,33856,ORD-20231222-30678,1,949.05,1,defective_product
5300,734,6,25863,ORD-20231222-72432,1,2089.05,1,delivery_issue
5301,746,1,38241,ORD-20231222-21526,1,1234.05,1,wrong_item
5302,739,47,45557,ORD-20231222-12794,2,1018.3,1,changed_mind
5303,747,18,5551,ORD-20231222-51522,1,539.1,1,changed_mind
5304,740,66,19061,ORD-20231222-70604,1,764.15,1,not_as_described
5305,741,1,13559,ORD-20231223-21558,1,1299.0,1,not_as_described
5306,735,98,7543,ORD-20231223-88140,1,249.0,1,defective_product
5307,730,61,29068,ORD-20231223-44358,1,999.0,1,delivery_issue
5308,741,92,31704,ORD-20231223-36355,1,1097.1,1,delivery_issue
5309,732,14,18069,ORD-20231223-10917,1,599.2,1,compatibility_issue
5310,742,74,42950,ORD-20231223-93434,1,299.0,1,defective_product
5311,730,67,13102,ORD-20231223-37442,1,999.0,1,changed_mind
5312,730,61,31858,ORD-20231223-34070,1,799.2,1,defective_product
5313,732,97,22636,ORD-20231223-43100,1,299.0,1,defective_product
5314,737,24,1615,ORD-20231223-85978,2,502.2,1,defective_product
5315,744,87,8903,ORD-20231223-77352,1,299.0,1,not_as_described
5316,725,94,32452,ORD-20231223-65511,1,79.2,1,changed_mind
5317,731,7,39492,ORD-20231223-95179,1,539.1,1,wrong_item
5318,752,29,27957,ORD-20231223-85629,1,949.05,1,changed_mind
5319,736,67,1969,ORD-20231223-57900,1,949.05,1,changed_mind
5320,735,72,12610,ORD-20231223-15792,1,109.65,1,delivery_issue
5321,751,45,36348,ORD-20231223-84759,1,799.0,1,changed_mind
5322,729,19,7479,ORD-20231223-80544,1,399.0,1,compatibility_issue
5323,750,72,35105,ORD-20231223-97160,1,122.55,1,wrong_item
5324,752,21,21349,ORD-20231223-93043,1,230.3,1,defective_product
5325,730,11,40056,ORD-20231223-69968,1,359.2,1,wrong_item
5326,737,61,31327,ORD-20231223-66945,1,949.05,1,defective_product
5327,731,91,40280,ORD-20231223-98161,1,737.1,1,changed_mind
5328,751,89,13477,ORD-20231223-55935,1,224.1,1,defective_product
5329,742,72,30055,ORD-20231223-44503,2,258.0,1,changed_mind
5330,739,90,32580,ORD-20231223-68695,1,764.1,1,delivery_issue
5331,750,19,41182,ORD-20231223-25524,3,957.6,1,compatibility_issue
5332,742,6,2652,ORD-20231223-81491,1,1979.1,1,not_as_described
5333,735,61,14570,ORD-20231223-50935,1,899.1,1,defective_product
5334,738,82,18278,ORD-20231223-76352,1,849.0,1,delivery_issue
5335,739,85,29664,ORD-20231223-64867,1,449.0,1,compatibility_issue
5336,737,51,47182,ORD-20231223-86563,1,569.05,1,wrong_item
5337,728,63,30407,ORD-20231223-20679,1,1519.05,1,wrong_item
5338,736,4,33626,ORD-20231224-86844,1,331.55,1,changed_mind
5339,746,19,17396,ORD-20231224-19059,1,399.0,1,delivery_issue
5340,741,74,158,ORD-20231224-44708,1,299.0,1,defective_product
5341,743,32,42192,ORD-20231224-69573,1,899.0,1,defective_product
5342,734,22,2356,ORD-20231224-17562,1,299.0,1,delivery_issue
5343,748,33,7402,ORD-20231224-12045,1,799.0,1,defective_product
5344,750,55,10371,ORD-20231224-96564,1,1199.2,1,defective_product
5345,737,10,21174,ORD-20231224-88728,1,2659.05,1,delivery_issue
5346,752,53,3532,ORD-20231224-99565,2,298.0,1,delivery_issue
5347,734,51,25635,ORD-20231224-98458,2,1198.0,1,wrong_item
5348,731,35,2612,ORD-20231224-79006,1,559.2,1,wrong_item
5349,749,91,27838,ORD-20231224-50935,1,655.2,1,delivery_issue
5350,739,87,14340,ORD-20231224-80121,1,239.2,1,delivery_issue
5351,734,26,24456,ORD-20231224-48257,1,161.1,1,delivery_issue
5352,751,62,46876,ORD-20231224-75663,2,2338.2,1,changed_mind
5353,737,58,32663,ORD-20231224-31328,1,1359.2,1,not_as_described
5354,729,66,37619,ORD-20231224-40305,1,764.15,1,defective_product
5355,732,75,37153,ORD-20231224-87656,1,279.2,1,wrong_item
5356,733,43,22883,ORD-20231224-86590,1,1499.0,1,changed_mind
5357,733,15,7269,ORD-20231224-78551,1,299.0,1,defective_product
5358,732,64,38354,ORD-20231224-18787,1,699.0,1,changed_mind
5359,736,84,46954,ORD-20231224-78843,1,764.15,1,not_as_described
5360,748,83,19943,ORD-20231224-25543,1,359.1,1,not_as_described
5361,731,6,9082,ORD-20231224-18161,1,2199.0,1,not_as_described
5362,737,73,46157,ORD-20231224-82339,2,174.4,1,not_as_described
5363,753,92,1898,ORD-20231224-16134,1,1219.0,1,delivery_issue
5364,746,41,3710,ORD-20231224-32217,1,439.2,1,not_as_described
5365,746,19,32708,ORD-20231224-67828,1,359.1,1,not_as_described
5366,747,14,315,ORD-20231224-86087,1,749.0,1,not_as_described
5367,751,76,24228,ORD-20231224-28309,1,1329.0,1,delivery_issue
5368,744,76,41240,ORD-20231224-87645,1,1063.2,1,wrong_item
5369,733,2,33643,ORD-20231224-66210,1,2374.05,1,not_as_described
5370,736,5,35916,ORD-20231225-78601,1,1274.15,1,wrong_item
5371,754,91,47936,ORD-20231225-51318,1,737.1,1,not_as_described
5372,746,47,34737,ORD-20231225-15714,1,599.0,1,delivery_issue
5373,728,55,36374,ORD-20231225-44918,1,1424.05,1,not_as_described
5374,746,71,15935,ORD-20231225-75441,1,79.0,1,not_as_described
5375,729,16,9390,ORD-20231225-28349,1,426.55,1,changed_mind
5376,735,1,21125,ORD-20231225-22259,1,1299.0,1,defective_product
5377,745,92,4783,ORD-20231225-51222,1,1097.1,1,defective_product
5378,750,85,28564,ORD-20231225-60833,1,426.55,1,wrong_item
5379,731,9,28101,ORD-20231225-88621,1,1169.1,1,defective_product
5380,735,71,3616,ORD-20231225-46398,1,67.15,1,delivery_issue
5381,729,93,35651,ORD-20231225-37548,1,53.1,1,changed_mind
5382,752,21,47729,ORD-20231225-49897,1,230.3,1,wrong_item
5383,740,77,7100,ORD-20231225-79906,2,2058.0,1,wrong_item
5384,727,94,36202,ORD-20231225-67425,1,84.15,1,compatibility_issue
5385,746,97,41628,ORD-20231225-37803,1,239.2,1,changed_mind
5386,753,95,46492,ORD-20231225-92561,1,126.65,1,defective_product
5387,733,94,13921,ORD-20231225-25294,1,99.0,1,changed_mind
5388,731,26,18676,ORD-20231225-17623,1,125.3,1,defective_product
5389,745,37,43806,ORD-20231225-16797,1,719.1,1,not_as_described
5390,749,94,8889,ORD-20231225-84285,1,79.2,1,not_as_described
5391,742,92,34835,ORD-20231225-25440,1,1097.1,1,delivery_issue
5392,739,1,10798,ORD-20231225-85172,1,1104.15,1,delivery_issue
5393,730,36,2655,ORD-20231225-34868,1,599.0,1,wrong_item
5394,744,83,28529,ORD-20231225-69632,1,399.0,1,defective_product
5395,753,96,33066,ORD-20231225-90160,1,189.05,1,delivery_issue
5396,749,12,28411,ORD-20231226-71642,1,899.0,1,wrong_item
5397,730,45,10540,ORD-20231226-97965,2,1438.2,1,changed_mind
5398,728,22,34789,ORD-20231226-60671,1,209.3,1,delivery_issue
5399,753,80,28329,ORD-20231226-41732,1,1044.05,1,defective_product
5400,744,25,17024,ORD-20231226-70867,1,159.2,1,delivery_issue
5401,730,49,17958,ORD-20231226-94922,1,399.2,1,not_as_described
5402,743,19,15109,ORD-20231226-86813,1,319.2,1,defective_product
5403,734,56,31855,ORD-20231226-75993,1,1979.1,1,defective_product
5404,747,11,47952,ORD-20231226-85250,1,426.55,1,changed_mind
5405,739,64,35370,ORD-20231226-19573,1,594.15,1,compatibility_issue
5406,738,69,34811,ORD-20231226-76552,1,129.0,1,defective_product
5407,746,56,47624,ORD-20231226-75591,1,1979.1,1,changed_mind
5408,736,1,28549,ORD-20231226-31620,1,1299.0,1,compatibility_issue
5409,729,72,15235,ORD-20231226-33494,1,90.3,1,defective_product
5410,734,54,8704,ORD-20231227-30176,1,94.05,1,not_as_described
5411,740,56,14210,ORD-20231227-68686,1,1979.1,1,not_as_described
5412,753,77,43914,ORD-20231227-82020,1,926.1,1,not_as_described
5413,741,41,6812,ORD-20231227-13843,2,1098.0,1,wrong_item
5414,743,90,22365,ORD-20231227-25604,1,849.0,1,wrong_item
5415,733,55,44964,ORD-20231227-64943,1,1349.1,1,changed_mind
5416,733,14,38261,ORD-20231227-43972,1,711.55,1,not_as_described
5417,750,25,32683,ORD-20231227-15262,1,189.05,1,defective_product
5418,742,74,23834,ORD-20231228-26724,1,254.15,1,compatibility_issue
5419,752,73,41074,ORD-20231228-52138,1,109.0,1,defective_product
5420,757,89,18845,ORD-20231228-86418,1,249.0,1,compatibility_issue
5421,748,7,32916,ORD-20231228-66469,1,599.0,1,wrong_item
5422,733,63,28811,ORD-20231228-16751,1,1439.1,1,defective_product
5423,751,1,7378,ORD-20231228-15133,1,1104.15,1,changed_mind
5424,748,65,44213,ORD-20231228-82605,1,1599.0,1,not_as_described
5425,752,85,17377,ORD-20231228-59776,1,381.65,1,not_as_described
5426,757,25,401,ORD-20231228-29252,1,179.1,1,not_as_described
5427,730,69,28606,ORD-20231228-94287,1,129.0,1,delivery_issue
5428,738,92,11634,ORD-20231228-40672,2,2316.1,1,delivery_issue
5429,756,58,7872,ORD-20231228-24845,1,1529.1,1,changed_mind
5430,737,5,49967,ORD-20231228-83961,1,1349.1,1,changed_mind
5431,741,6,38969,ORD-20231229-25691,1,1979.1,1,delivery_issue
5432,742,26,19403,ORD-20231229-53543,1,143.2,1,wrong_item
5433,747,76,46837,ORD-20231229-43747,1,1063.2,1,defective_product
5434,751,65,8550,ORD-20231229-56668,1,1359.15,1,compatibility_issue
5435,754,72,3432,ORD-20231229-62050,1,116.1,1,delivery_issue
5436,744,6,25947,ORD-20231229-82796,1,2199.0,1,compatibility_issue
5437,741,80,44052,ORD-20231229-50237,1,989.1,1,not_as_described
5438,743,5,47167,ORD-20231229-72624,1,1424.05,1,delivery_issue
5439,732,21,23927,ORD-20231229-26048,1,329.0,1,not_as_described
5440,755,11,24884,ORD-20231229-89498,1,359.2,1,not_as_described
5441,735,73,48652,ORD-20231229-37091,1,109.0,1,delivery_issue
5442,757,36,3718,ORD-20231229-12026,1,569.05,1,defective_product
5443,739,41,36170,ORD-20231229-57235,1,494.1,1,defective_product
5444,740,13,29812,ORD-20231230-21856,1,349.0,1,compatibility_issue
5445,750,87,23834,ORD-20231230-12317,1,299.0,1,not_as_described
5446,739,97,34846,ORD-20231230-86224,1,299.0,1,compatibility_issue
5447,737,5,14344,ORD-20231230-83334,1,1424.05,1,not_as_described
5448,737,93,49459,ORD-20231230-33370,1,59.0,1,wrong_item
5449,750,46,28653,ORD-20231230-46352,1,449.1,1,changed_mind
5450,751,69,20058,ORD-20231230-11585,1,129.0,1,delivery_issue
5451,748,14,45817,ORD-20231230-11325,1,711.55,1,defective_product
5452,747,40,1194,ORD-20231230-67085,1,749.0,1,defective_product
5453,739,34,45542,ORD-20231230-34587,1,849.15,1,defective_product
5454,758,71,2850,ORD-20231230-37736,1,71.1,1,not_as_described
5455,743,78,988,ORD-20231230-40544,1,1079.2,1,defective_product
5456,741,77,15598,ORD-20231230-27935,1,720.3,1,defective_product
5457,755,78,14044,ORD-20231230-44137,1,1146.65,1,defective_product
5458,756,5,10493,ORD-20231230-65076,1,1424.05,1,compatibility_issue
5459,747,62,15912,ORD-20231231-69647,1,1299.0,1,defective_product
5460,742,65,26025,ORD-20231231-74057,1,1359.15,1,not_as_described
5461,733,17,15739,ORD-20231231-22965,1,594.15,1,defective_product
5462,746,65,30237,ORD-20231231-93152,1,1519.05,1,defective_product
5463,743,68,25269,ORD-20231231-36861,1,109.0,1,wrong_item
5464,743,17,7398,ORD-20231231-16351,1,699.0,1,not_as_described
5465,759,76,5490,ORD-20231231-35432,1,1262.55,1,defective_product
5466,733,74,18537,ORD-20231231-77009,1,239.2,1,wrong_item
5467,753,79,10647,ORD-20231231-62881,1,899.0,1,changed_mind
5468,743,91,29844,ORD-20231231-42863,1,737.1,1,changed_mind
5469,733,2,30781,ORD-20231231-57247,1,2249.1,1,changed_mind
5470,733,75,21628,ORD-20231231-63018,1,314.1,1,delivery_issue
5471,749,74,894,ORD-20231231-95775,1,239.2,1,changed_mind
5472,737,18,3851,ORD-20231231-80050,1,419.3,1,changed_mind
5473,760,25,15008,ORD-20231231-58763,1,189.05,1,defective_product
5474,754,51,15906,ORD-20231231-77957,1,569.05,1,defective_product
5475,738,69,34536,ORD-20240101-42529,1,129.0,1,delivery_issue
5476,736,31,17658,ORD-20240101-53526,2,2198.0,1,not_as_described
5477,745,4,17477,ORD-20240101-56156,1,349.0,1,wrong_item
5478,737,55,37899,ORD-20240101-45564,1,1499.0,1,changed_mind
5479,753,65,12928,ORD-20240101-24307,1,1599.0,1,compatibility_issue
5480,754,46,48766,ORD-20240101-37657,1,499.0,1,delivery_issue
5481,736,88,18003,ORD-20240102-45800,1,699.0,1,defective_product
5482,755,31,22840,ORD-20240102-48487,1,989.1,1,defective_product
5483,741,47,25281,ORD-20240102-15658,1,569.05,1,not_as_described
5484,738,11,46868,ORD-20240102-87778,1,426.55,1,changed_mind
5485,762,34,2759,ORD-20240102-21543,1,899.1,1,wrong_item
5486,762,24,29751,ORD-20240102-86405,1,237.15,1,delivery_issue
5487,751,52,34474,ORD-20240102-62227,1,349.0,1,compatibility_issue
5488,746,72,11443,ORD-20240102-29985,1,129.0,1,changed_mind
5489,761,71,44758,ORD-20240102-93100,1,79.0,1,defective_product
5490,738,90,10250,ORD-20240102-45561,1,849.0,1,not_as_described
5491,761,79,14849,ORD-20240103-42928,1,899.0,1,delivery_issue
5492,760,90,5816,ORD-20240103-25029,1,849.0,1,defective_product
5493,762,92,6696,ORD-20240103-41570,1,1219.0,1,compatibility_issue
5494,738,29,48767,ORD-20240103-48701,1,999.0,1,changed_mind
5495,756,87,9902,ORD-20240103-80297,1,269.1,1,changed_mind
5496,739,31,45353,ORD-20240103-33430,1,1099.0,1,delivery_issue
5497,761,69,25640,ORD-20240103-28820,1,129.0,1,not_as_described
5498,744,57,31868,ORD-20240104-90767,1,1999.0,1,wrong_item
5499,762,74,46748,ORD-20240104-22595,2,568.1,1,not_as_described
5500,756,25,46894,ORD-20240104-34974,1,199.0,1,not_as_described
5501,759,7,8922,ORD-20240104-57146,1,599.0,1,delivery_issue
5502,756,13,28021,ORD-20240104-90984,1,349.0,1,defective_product
5503,743,6,19499,ORD-20240104-42413,1,2199.0,1,not_as_described
5504,744,73,18628,ORD-20240104-18478,1,109.0,1,not_as_described
5505,762,62,32964,ORD-20240104-61751,1,1299.0,1,defective_product
5506,763,8,41434,ORD-20240104-93974,1,1799.0,1,delivery_issue
5507,755,73,19696,ORD-20240105-41565,1,109.0,1,wrong_item
5508,747,18,13551,ORD-20240105-20581,1,569.05,1,compatibility_issue
5509,750,7,25446,ORD-20240105-14818,1,599.0,1,wrong_item
5510,757,67,48764,ORD-20240105-73578,1,999.0,1,not_as_described
5511,740,68,5710,ORD-20240105-57502,1,109.0,1,defective_product
5512,740,72,34760,ORD-20240105-52880,1,129.0,1,defective_product
5513,757,11,15004,ORD-20240105-85622,1,449.0,1,not_as_described
5514,746,55,43136,ORD-20240106-27046,1,1499.0,1,compatibility_issue
5515,760,4,33190,ORD-20240106-57537,2,698.0,1,wrong_item
5516,742,27,37138,ORD-20240106-41841,1,149.0,1,delivery_issue
5517,760,89,11753,ORD-20240106-74946,1,249.0,1,delivery_issue
5518,766,27,36975,ORD-20240106-50696,1,149.0,1,not_as_described
5519,766,55,22051,ORD-20240106-32619,1,1499.0,1,not_as_described
5520,744,72,18818,ORD-20240106-50949,1,129.0,1,changed_mind
5521,743,68,6176,ORD-20240106-32741,1,109.0,1,changed_mind
5522,761,23,12899,ORD-20240106-69521,1,179.0,1,not_as_described
5523,746,94,34083,ORD-20240106-15125,2,198.0,1,delivery_issue
5524,744,62,11333,ORD-20240107-81442,1,1299.0,1,delivery_issue
5525,753,65,45454,ORD-20240107-74670,1,1599.0,1,not_as_described
5526,757,93,16204,ORD-20240107-50970,1,59.0,1,wrong_item
5527,766,74,29527,ORD-20240107-48286,1,299.0,1,not_as_described
5528,757,5,32928,ORD-20240107-39480,1,1499.0,1,delivery_issue
5529,764,14,14886,ORD-20240107-95761,1,749.0,1,defective_product
5530,752,52,19528,ORD-20240107-95384,1,349.0,1,not_as_described
5531,756,81,23387,ORD-20240107-81253,2,1598.0,1,defective_product
5532,763,91,47620,ORD-20240107-64822,2,1638.0,1,defective_product
5533,747,65,24434,ORD-20240107-40857,1,1519.05,1,defective_product
5534,754,98,46877,ORD-20240108-12736,1,249.0,1,not_as_described
5535,751,23,42138,ORD-20240108-58711,1,179.0,1,defective_product
5536,755,26,26311,ORD-20240108-52019,1,170.05,1,defective_product
5537,747,86,36273,ORD-20240108-20682,1,899.0,1,defective_product
5538,741,66,36320,ORD-20240108-72372,1,899.0,1,delivery_issue
5539,765,67,20443,ORD-20240108-49199,1,999.0,1,wrong_item
5540,762,91,19692,ORD-20240108-46705,1,819.0,1,delivery_issue
5541,766,64,2552,ORD-20240108-80251,1,629.1,1,compatibility_issue
5542,767,19,14339,ORD-20240109-64262,1,379.05,1,not_as_described
5543,743,97,14266,ORD-20240109-44933,1,299.0,1,compatibility_issue
5544,765,61,17255,ORD-20240109-52745,1,949.05,1,wrong_item
5545,755,19,27678,ORD-20240109-14103,2,798.0,1,not_as_described
5546,749,77,9025,ORD-20240109-86786,1,1029.0,1,not_as_described
5547,764,58,31390,ORD-20240109-85911,1,1614.05,1,delivery_issue
5548,769,45,32144,ORD-20240109-47366,1,799.0,1,delivery_issue
5549,756,82,25813,ORD-20240109-82407,1,764.1,1,not_as_described
5550,749,89,42106,ORD-20240109-48420,1,249.0,1,defective_product
5551,744,25,29819,ORD-20240109-74984,1,199.0,1,wrong_item
5552,759,3,1320,ORD-20240109-50466,1,499.0,1,defective_product
5553,761,66,41507,ORD-20240109-99615,1,764.15,1,not_as_described
5554,762,77,4372,ORD-20240109-90359,1,977.55,1,defective_product
5555,767,74,21858,ORD-20240109-95442,1,299.0,1,wrong_item
5556,762,81,47090,ORD-20240109-45551,1,799.0,1,compatibility_issue
5557,767,72,32839,ORD-20240110-35945,1,122.55,1,changed_mind
5558,751,79,29582,ORD-20240110-65691,1,899.0,1,delivery_issue
5559,746,91,23489,ORD-20240110-13045,1,819.0,1,defective_product
5560,763,44,36936,ORD-20240110-82157,1,899.0,1,changed_mind
5561,758,39,38858,ORD-20240110-56528,1,1399.0,1,changed_mind
5562,753,86,44570,ORD-20240110-59098,1,809.1,1,defective_product
5563,744,61,18109,ORD-20240110-22973,1,999.0,1,wrong_item
5564,744,60,13475,ORD-20240110-30759,3,3417.15,1,not_as_described
5565,767,22,14272,ORD-20240110-78469,1,284.05,1,wrong_item
5566,745,66,19543,ORD-20240110-60385,1,899.0,1,wrong_item
5567,766,14,18065,ORD-20240110-84409,1,711.55,1,wrong_item
5568,764,62,22933,ORD-20240110-47690,1,1299.0,1,defective_product
5569,746,71,36391,ORD-20240110-89647,3,237.0,1,delivery_issue
5570,752,91,40728,ORD-20240110-71079,1,778.05,1,compatibility_issue
5571,762,1,43012,ORD-20240111-49408,1,1299.0,1,wrong_item
5572,751,12,46132,ORD-20240111-92219,1,899.0,1,wrong_item
5573,745,59,49773,ORD-20240111-99798,1,1799.0,1,compatibility_issue
5574,765,17,43967,ORD-20240111-24691,2,1398.0,1,defective_product
5575,760,76,16519,ORD-20240111-41229,1,1329.0,1,defective_product
5576,763,20,29472,ORD-20240111-82629,1,349.0,1,defective_product
5577,770,78,17844,ORD-20240111-81311,1,1349.0,1,not_as_described
5578,755,97,2121,ORD-20240111-81679,1,299.0,1,defective_product
5579,759,82,39203,ORD-20240111-81537,1,849.0,1,not_as_described
5580,765,31,570,ORD-20240111-30461,1,1044.05,1,delivery_issue
5581,760,86,37531,ORD-20240111-99031,2,1798.0,1,compatibility_issue
5582,745,74,31641,ORD-20240111-99486,1,299.0,1,wrong_item
5583,760,6,37902,ORD-20240111-28887,1,2199.0,1,compatibility_issue
5584,762,55,6622,ORD-20240111-89298,1,1499.0,1,defective_product
5585,752,38,21363,ORD-20240111-41366,1,699.0,1,defective_product
5586,756,83,3252,ORD-20240111-68837,1,399.0,1,wrong_item
5587,746,2,24248,ORD-20240112-72096,1,2499.0,1,wrong_item
5588,764,91,24187,ORD-20240112-39939,1,819.0,1,wrong_item
5589,759,65,22667,ORD-20240112-41704,1,1599.0,1,compatibility_issue
5590,772,3,16717,ORD-20240112-72655,1,499.0,1,wrong_item
5591,752,92,14313,ORD-20240112-67348,1,1219.0,1,delivery_issue
5592,748,18,48245,ORD-20240112-89380,1,599.0,1,defective_product
5593,753,72,8516,ORD-20240112-49979,1,122.55,1,defective_product
5594,766,33,992,ORD-20240112-38640,1,799.0,1,compatibility_issue
5595,768,94,15607,ORD-20240112-69676,1,89.1,1,defective_product
5596,755,4,10350,ORD-20240112-77028,1,349.0,1,defective_product
5597,773,69,48954,ORD-20240113-56767,1,129.0,1,defective_product
5598,760,81,15794,ORD-20240113-72719,1,799.0,1,not_as_described
5599,746,48,28392,ORD-20240113-35032,1,664.05,1,delivery_issue
5600,757,54,20663,ORD-20240113-16595,1,99.0,1,delivery_issue
5601,765,63,8245,ORD-20240113-50955,1,1519.05,1,delivery_issue
5602,760,6,14624,ORD-20240113-20354,2,4398.0,1,changed_mind
5603,769,91,32259,ORD-20240113-51397,2,1638.0,1,delivery_issue
5604,753,69,45648,ORD-20240113-96373,1,129.0,1,wrong_item
5605,759,85,30139,ORD-20240113-45176,2,898.0,1,defective_product
5606,762,4,4077,ORD-20240113-70899,1,349.0,1,not_as_described
5607,773,75,35839,ORD-20240113-95550,1,349.0,1,not_as_described
5608,759,46,4250,ORD-20240113-43494,1,499.0,1,defective_product
5609,773,19,27341,ORD-20240113-33720,1,399.0,1,changed_mind
5610,764,75,25624,ORD-20240113-94453,1,349.0,1,compatibility_issue
5611,750,20,31434,ORD-20240114-32498,1,331.55,1,changed_mind
5612,756,65,40281,ORD-20240114-10837,1,1599.0,1,not_as_described
5613,747,17,17342,ORD-20240114-67708,1,699.0,1,delivery_issue
5614,748,73,14666,ORD-20240114-25460,1,98.1,1,changed_mind
5615,770,21,39096,ORD-20240114-62144,2,592.2,1,compatibility_issue
5616,750,92,39645,ORD-20240114-67542,1,1219.0,1,delivery_issue
5617,762,89,5787,ORD-20240114-21222,1,236.55,1,defective_product
5618,747,51,7147,ORD-20240114-61889,1,599.0,1,changed_mind
5619,767,37,34618,ORD-20240114-64002,1,799.0,1,defective_product
5620,752,18,41757,ORD-20240114-94079,2,1198.0,1,changed_mind
5621,759,65,36130,ORD-20240114-89799,1,1359.15,1,delivery_issue
5622,765,85,39357,ORD-20240115-34484,1,449.0,1,defective_product
5623,769,70,37440,ORD-20240115-79793,1,129.0,1,defective_product
5624,769,75,42351,ORD-20240115-86300,1,331.55,1,compatibility_issue
5625,757,91,42709,ORD-20240115-23910,1,819.0,1,defective_product
5626,767,65,6885,ORD-20240115-10540,2,3198.0,1,changed_mind
5627,763,65,17046,ORD-20240115-18294,1,1599.0,1,defective_product
5628,763,41,25064,ORD-20240115-66854,1,549.0,1,not_as_described
5629,750,91,16382,ORD-20240115-52359,1,819.0,1,wrong_item
5630,775,92,30242,ORD-20240115-22425,1,1097.1,1,not_as_described
5631,775,22,17804,ORD-20240115-45682,1,299.0,1,wrong_item
5632,768,94,6480,ORD-20240116-83900,1,89.1,1,not_as_described
5633,759,56,45118,ORD-20240116-91390,1,2199.0,1,compatibility_issue
5634,762,85,13358,ORD-20240116-80575,1,449.0,1,defective_product
5635,767,37,24282,ORD-20240116-78677,2,1518.1,1,wrong_item
5636,775,31,27704,ORD-20240116-28720,1,1099.0,1,defective_product
5637,777,47,36416,ORD-20240117-27668,1,599.0,1,wrong_item
5638,777,35,25035,ORD-20240117-66717,1,699.0,1,wrong_item
5639,761,33,36514,ORD-20240117-17276,1,799.0,1,defective_product
5640,767,67,15627,ORD-20240117-19624,1,999.0,1,defective_product
5641,763,18,44339,ORD-20240117-11750,1,599.0,1,wrong_item
5642,776,97,46369,ORD-20240117-76696,1,299.0,1,defective_product
5643,777,95,29739,ORD-20240117-17327,1,149.0,1,compatibility_issue
5644,755,33,24888,ORD-20240117-53351,1,799.0,1,defective_product
5645,766,72,37911,ORD-20240118-39490,1,116.1,1,defective_product
5646,765,63,4717,ORD-20240118-38094,1,1519.05,1,not_as_described
5647,762,2,30800,ORD-20240118-67632,1,2499.0,1,defective_product
5648,756,86,16203,ORD-20240118-50787,1,899.0,1,changed_mind
5649,768,79,3988,ORD-20240118-87554,1,899.0,1,changed_mind
5650,771,76,39152,ORD-20240118-24550,1,1329.0,1,defective_product
5651,767,29,10615,ORD-20240119-80112,1,999.0,1,not_as_described
5652,757,85,45019,ORD-20240119-81016,1,426.55,1,changed_mind
5653,770,56,41651,ORD-20240119-21993,1,2199.0,1,changed_mind
5654,752,9,36335,ORD-20240119-75231,1,1299.0,1,changed_mind
5655,773,33,1743,ORD-20240119-81337,1,759.05,1,compatibility_issue
5656,757,52,26007,ORD-20240119-95457,1,349.0,1,not_as_described
5657,771,33,21040,ORD-20240120-41546,1,799.0,1,wrong_item
5658,775,41,14047,ORD-20240120-70313,1,521.55,1,defective_product
5659,767,95,22221,ORD-20240120-84900,1,149.0,1,wrong_item
5660,762,47,17417,ORD-20240120-55027,1,599.0,1,not_as_described
5661,757,60,1430,ORD-20240120-70903,1,1079.1,1,compatibility_issue
5662,760,84,351,ORD-20240120-33253,1,899.0,1,defective_product
5663,779,61,37021,ORD-20240120-22843,1,999.0,1,defective_product
5664,769,69,31644,ORD-20240120-26071,1,129.0,1,wrong_item
5665,765,21,14407,ORD-20240120-64297,1,329.0,1,changed_mind
5666,759,2,2715,ORD-20240120-12668,1,2499.0,1,compatibility_issue
5667,753,24,44858,ORD-20240120-68927,1,279.0,1,changed_mind
5668,777,95,12124,ORD-20240121-26517,1,149.0,1,not_as_described
5669,766,87,4046,ORD-20240121-25269,1,299.0,1,wrong_item
5670,764,7,12768,ORD-20240121-96667,1,599.0,1,not_as_described
5671,774,51,4252,ORD-20240121-24774,1,569.05,1,delivery_issue
5672,773,6,21616,ORD-20240122-73575,2,4398.0,1,defective_product
5673,765,66,44502,ORD-20240122-80757,1,764.15,1,defective_product
5674,778,95,33832,ORD-20240122-99347,1,149.0,1,defective_product
5675,775,74,9643,ORD-20240123-96067,1,299.0,1,not_as_described
5676,758,71,40703,ORD-20240123-87397,1,79.0,1,not_as_described
5677,763,37,5127,ORD-20240123-99496,1,799.0,1,defective_product
5678,760,65,25725,ORD-20240124-24384,1,1599.0,1,changed_mind
5679,781,6,4089,ORD-20240124-19077,1,2199.0,1,defective_product
5680,759,65,44305,ORD-20240124-66920,1,1599.0,1,delivery_issue
5681,782,8,16577,ORD-20240124-95040,1,1799.0,1,changed_mind
5682,773,19,40666,ORD-20240124-97600,1,399.0,1,compatibility_issue
5683,758,6,22356,ORD-20240124-89812,1,2199.0,1,not_as_described
5684,767,92,28425,ORD-20240124-20412,2,2438.0,1,defective_product
5685,782,69,11397,ORD-20240124-26827,1,129.0,1,changed_mind
5686,760,98,35020,ORD-20240124-58599,1,249.0,1,defective_product
5687,770,8,6372,ORD-20240124-18244,1,1619.1,1,changed_mind
5688,775,92,4355,ORD-20240124-44477,1,1219.0,1,delivery_issue
5689,769,33,36204,ORD-20240125-35243,1,799.0,1,changed_mind
5690,767,71,1351,ORD-20240125-24929,1,71.1,1,not_as_described
5691,782,94,3025,ORD-20240125-66567,1,94.05,1,changed_mind
5692,770,71,19906,ORD-20240125-31731,1,79.0,1,delivery_issue
5693,769,79,3835,ORD-20240125-25959,1,854.05,1,not_as_described
5694,766,10,49821,ORD-20240125-40053,1,2659.05,1,changed_mind
5695,778,47,11352,ORD-20240125-88728,1,599.0,1,changed_mind
5696,770,37,20032,ORD-20240126-72796,1,759.05,1,compatibility_issue
5697,768,52,38239,ORD-20240126-34305,1,349.0,1,wrong_item
5698,761,97,19376,ORD-20240126-80465,1,299.0,1,changed_mind
5699,786,15,7719,ORD-20240126-33194,1,299.0,1,compatibility_issue
5700,769,83,46681,ORD-20240126-14175,1,379.05,1,changed_mind
5701,768,40,40961,ORD-20240126-23416,2,1423.1,1,changed_mind
5702,778,36,14781,ORD-20240126-11068,1,599.0,1,changed_mind
5703,759,48,45039,ORD-20240126-49049,1,699.0,1,not_as_described
5704,775,21,44583,ORD-20240126-45738,1,329.0,1,changed_mind
5705,784,93,37996,ORD-20240126-51954,1,59.0,1,not_as_described
5706,768,23,42083,ORD-20240127-46176,1,170.05,1,defective_product
5707,772,10,3006,ORD-20240127-17832,1,2659.05,1,not_as_described
5708,763,79,39883,ORD-20240127-68816,1,899.0,1,delivery_issue
5709,777,63,18464,ORD-20240127-51774,1,1599.0,1,wrong_item
5710,778,86,8642,ORD-20240127-43762,2,1618.2,1,delivery_issue
5711,770,5,7615,ORD-20240127-59616,1,1499.0,1,changed_mind
5712,781,39,49588,ORD-20240127-71901,1,1399.0,1,wrong_item
5713,777,76,20212,ORD-20240127-43165,1,1329.0,1,changed_mind
5714,781,6,24501,ORD-20240127-54315,1,2199.0,1,not_as_described
5715,788,48,21041,ORD-20240128-72885,1,699.0,1,not_as_described
5716,780,20,11952,ORD-20240128-93092,2,698.0,1,defective_product
5717,785,56,1884,ORD-20240128-68819,1,1869.15,1,compatibility_issue
5718,784,85,2531,ORD-20240128-77962,1,449.0,1,compatibility_issue
5719,780,55,17374,ORD-20240128-79721,1,1424.05,1,delivery_issue
5720,774,65,38792,ORD-20240128-84858,1,1599.0,1,changed_mind
5721,786,67,40338,ORD-20240128-57858,1,999.0,1,not_as_described
5722,771,17,24578,ORD-20240128-51304,1,699.0,1,changed_mind
5723,779,11,9212,ORD-20240128-60366,1,449.0,1,wrong_item
5724,773,84,44273,ORD-20240129-74683,1,899.0,1,defective_product
5725,782,56,12160,ORD-20240129-74186,1,2199.0,1,wrong_item
5726,785,61,47929,ORD-20240129-80310,1,999.0,1,defective_product
5727,775,9,2536,ORD-20240129-17710,1,1299.0,1,delivery_issue
5728,789,97,45995,ORD-20240129-87605,1,299.0,1,not_as_described
5729,771,94,8312,ORD-20240130-32319,1,99.0,1,compatibility_issue
5730,776,80,42539,ORD-20240130-29508,1,1099.0,1,wrong_item
5731,766,25,34258,ORD-20240130-74750,1,199.0,1,defective_product
5732,764,45,34756,ORD-20240131-17845,1,799.0,1,defective_product
5733,773,19,43938,ORD-20240131-76769,1,399.0,1,defective_product
5734,779,24,20874,ORD-20240131-44399,1,279.0,1,defective_product
5735,790,15,34981,ORD-20240131-47681,1,299.0,1,defective_product
5736,764,24,36685,ORD-20240131-96498,1,251.1,1,delivery_issue
5737,776,23,8773,ORD-20240131-60915,1,170.05,1,compatibility_issue
5738,773,17,20904,ORD-20240131-30368,1,699.0,1,not_as_described
5739,773,10,16938,ORD-20240131-49699,1,2799.0,1,changed_mind
5740,786,7,42185,ORD-20240131-92220,1,599.0,1,wrong_item
5741,790,73,45290,ORD-20240201-83956,1,98.1,1,not_as_described
5742,790,97,29893,ORD-20240201-68477,1,299.0,1,not_as_described
5743,770,3,29455,ORD-20240201-31161,1,499.0,1,changed_mind
5744,792,95,36089,ORD-20240201-60902,1,149.0,1,delivery_issue
5745,787,20,32498,ORD-20240202-56238,1,331.55,1,not_as_described
5746,783,87,31307,ORD-20240202-80233,1,299.0,1,wrong_item
5747,770,48,2862,ORD-20240202-39728,1,629.1,1,delivery_issue
5748,782,96,3841,ORD-20240203-23810,1,199.0,1,changed_mind
5749,782,94,40183,ORD-20240203-67661,1,99.0,1,compatibility_issue
5750,787,71,29058,ORD-20240203-84652,1,79.0,1,defective_product
5751,782,33,9998,ORD-20240203-79891,1,719.1,1,delivery_issue
5752,787,80,31641,ORD-20240203-95490,1,1099.0,1,defective_product
5753,780,8,46682,ORD-20240204-71591,1,1799.0,1,not_as_described
5754,768,50,37640,ORD-20240204-32500,1,711.55,1,changed_mind
5755,790,26,3523,ORD-20240204-96590,1,179.0,1,changed_mind
5756,782,74,38855,ORD-20240204-81820,1,299.0,1,changed_mind
5757,771,59,38886,ORD-20240204-72640,1,1799.0,1,changed_mind
5758,774,25,20016,ORD-20240204-70444,2,378.1,1,not_as_described
5759,795,30,47383,ORD-20240204-90041,1,1299.0,1,defective_product
5760,769,17,3282,ORD-20240204-19319,1,699.0,1,defective_product
5761,786,75,32346,ORD-20240205-82565,1,349.0,1,delivery_issue
5762,790,79,18284,ORD-20240205-83558,1,899.0,1,not_as_described
5763,796,34,46257,ORD-20240205-90349,1,899.1,1,changed_mind
5764,781,65,18084,ORD-20240206-17721,1,1599.0,1,not_as_described
5765,785,17,4915,ORD-20240206-88698,1,699.0,1,delivery_issue
5766,794,65,46140,ORD-20240206-74850,1,1599.0,1,not_as_described
5767,781,26,28280,ORD-20240206-17134,1,161.1,1,wrong_item
5768,782,70,29012,ORD-20240207-98663,1,116.1,1,not_as_described
5769,791,92,5376,ORD-20240207-60209,1,1219.0,1,defective_product
5770,794,2,44575,ORD-20240208-69638,1,2499.0,1,defective_product
5771,784,85,35682,ORD-20240208-18789,1,449.0,1,defective_product
5772,792,48,20130,ORD-20240208-62312,1,699.0,1,defective_product
5773,779,69,33318,ORD-20240208-41096,1,129.0,1,changed_mind
5774,789,70,24974,ORD-20240208-72036,1,122.55,1,not_as_described
5775,780,74,8011,ORD-20240208-51418,1,284.05,1,wrong_item
5776,772,14,22134,ORD-20240208-43676,1,749.0,1,not_as_described
5777,793,2,27918,ORD-20240208-26532,1,2499.0,1,defective_product
5778,778,29,12583,ORD-20240208-67258,1,899.1,1,not_as_described
5779,780,88,30180,ORD-20240208-38295,1,699.0,1,delivery_issue
5780,792,65,34275,ORD-20240208-65765,2,3198.0,1,changed_mind
5781,795,9,12614,ORD-20240209-90360,1,1299.0,1,delivery_issue
5782,786,2,29825,ORD-20240209-72844,1,2499.0,1,delivery_issue
5783,773,14,6797,ORD-20240209-44919,1,749.0,1,not_as_described
5784,797,11,43661,ORD-20240209-17109,1,426.55,1,defective_product
5785,793,3,46190,ORD-20240209-18116,1,499.0,1,changed_mind
5786,783,94,7124,ORD-20240209-44148,1,99.0,1,not_as_described
5787,793,14,16961,ORD-20240209-89820,1,749.0,1,defective_product
5788,778,19,48330,ORD-20240209-21047,1,359.1,1,changed_mind
5789,791,98,40371,ORD-20240210-75312,1,224.1,1,changed_mind
5790,779,78,23894,ORD-20240210-91973,1,1146.65,1,defective_product
5791,799,88,45019,ORD-20240210-13341,3,1992.15,1,defective_product
5792,794,30,48391,ORD-20240210-27398,1,1299.0,1,defective_product
5793,797,7,31524,ORD-20240210-50796,1,599.0,1,changed_mind
5794,784,73,3897,ORD-20240211-99074,1,109.0,1,defective_product
5795,796,21,20937,ORD-20240211-59361,1,329.0,1,not_as_described
5796,796,58,36513,ORD-20240211-13534,1,1614.05,1,not_as_described
5797,776,70,21880,ORD-20240212-19430,2,258.0,1,delivery_issue
5798,778,69,49704,ORD-20240212-38473,1,129.0,1,not_as_described
5799,777,93,41636,ORD-20240212-29066,1,59.0,1,compatibility_issue
5800,798,65,31991,ORD-20240212-96831,1,1599.0,1,not_as_described
5801,793,8,14126,ORD-20240212-66044,1,1799.0,1,defective_product
5802,796,62,14937,ORD-20240212-66107,1,1299.0,1,defective_product
5803,790,19,48379,ORD-20240212-92510,1,399.0,1,defective_product
5804,803,72,17598,ORD-20240212-66480,1,129.0,1,changed_mind
5805,795,2,24315,ORD-20240212-75656,1,2499.0,1,not_as_described
5806,783,93,13943,ORD-20240212-29304,1,59.0,1,delivery_issue
5807,782,51,31509,ORD-20240212-22214,1,569.05,1,changed_mind
5808,785,46,38198,ORD-20240213-56715,1,499.0,1,not_as_described
5809,780,25,23026,ORD-20240213-35288,1,199.0,1,delivery_issue
5810,781,58,20062,ORD-20240213-73869,1,1699.0,1,changed_mind
5811,798,81,31525,ORD-20240213-70160,1,799.0,1,defective_product
5812,796,14,19172,ORD-20240213-52590,1,749.0,1,wrong_item
5813,782,13,1871,ORD-20240213-92744,1,349.0,1,not_as_described
5814,781,97,7229,ORD-20240213-59129,2,508.3,1,not_as_described
5815,782,18,12437,ORD-20240213-10086,1,599.0,1,delivery_issue
5816,798,34,43017,ORD-20240214-93148,1,999.0,1,wrong_item
5817,803,89,13966,ORD-20240214-10794,1,249.0,1,changed_mind
5818,788,94,42678,ORD-20240214-58922,1,99.0,1,compatibility_issue
5819,796,71,42718,ORD-20240214-95151,1,75.05,1,changed_mind
5820,796,71,696,ORD-20240214-95820,1,71.1,1,changed_mind
5821,788,19,16186,ORD-20240214-47969,1,399.0,1,changed_mind
5822,791,41,14238,ORD-20240214-45223,2,1098.0,1,delivery_issue
5823,805,51,1262,ORD-20240215-92049,1,599.0,1,defective_product
5824,803,63,38819,ORD-20240215-15858,1,1599.0,1,changed_mind
5825,792,85,10901,ORD-20240215-22216,1,426.55,1,not_as_described
5826,787,14,25198,ORD-20240215-60844,1,749.0,1,defective_product
5827,805,71,41136,ORD-20240216-51852,1,79.0,1,defective_product
5828,804,91,19703,ORD-20240216-23316,1,819.0,1,compatibility_issue
5829,797,54,18731,ORD-20240216-69631,1,99.0,1,defective_product
5830,790,90,47398,ORD-20240216-38823,1,806.55,1,defective_product
5831,799,14,4151,ORD-20240216-46424,1,749.0,1,not_as_described
5832,793,29,42333,ORD-20240216-90050,1,999.0,1,changed_mind
5833,800,85,8072,ORD-20240216-53432,1,449.0,1,not_as_described
5834,798,69,21431,ORD-20240216-42522,2,258.0,1,defective_product
5835,806,87,25770,ORD-20240217-28143,1,299.0,1,changed_mind
5836,797,59,12670,ORD-20240217-18559,1,1709.05,1,defective_product
5837,800,71,42630,ORD-20240217-52510,1,79.0,1,not_as_described
5838,804,12,4367,ORD-20240217-37039,2,1798.0,1,not_as_described
5839,795,14,16480,ORD-20240217-84106,2,1498.0,1,not_as_described
5840,788,11,28877,ORD-20240217-74148,1,404.1,1,changed_mind
5841,786,16,4871,ORD-20240217-94533,1,449.0,1,changed_mind
5842,802,8,3475,ORD-20240218-12434,1,1709.05,1,compatibility_issue
5843,785,1,30566,ORD-20240218-72710,2,2598.0,1,defective_product
5844,785,46,2048,ORD-20240218-38050,1,499.0,1,compatibility_issue
5845,801,6,12357,ORD-20240219-37613,1,2199.0,1,compatibility_issue
5846,801,18,40718,ORD-20240219-37247,1,539.1,1,wrong_item
5847,801,18,21775,ORD-20240219-37039,1,599.0,1,wrong_item
5848,809,61,6652,ORD-20240220-45237,1,999.0,1,wrong_item
5849,801,67,11975,ORD-20240220-60358,2,1898.1,1,defective_product
5850,798,97,47001,ORD-20240220-92531,1,299.0,1,not_as_described
5851,812,86,23846,ORD-20240221-85406,1,899.0,1,wrong_item
5852,786,18,28599,ORD-20240221-30747,1,599.0,1,delivery_issue
5853,787,87,30649,ORD-20240221-86781,1,299.0,1,compatibility_issue
5854,787,36,47177,ORD-20240221-71175,1,599.0,1,defective_product
5855,809,82,11081,ORD-20240222-60597,1,849.0,1,defective_product
5856,786,22,40577,ORD-20240222-90008,3,897.0,1,defective_product
5857,793,67,42108,ORD-20240222-46917,1,999.0,1,wrong_item
5858,800,19,10902,ORD-20240222-80703,1,379.05,1,defective_product
5859,789,1,3591,ORD-20240222-70281,1,1299.0,1,changed_mind
5860,800,24,26313,ORD-20240223-58922,1,265.05,1,not_as_described
5861,809,92,27967,ORD-20240223-46183,1,1219.0,1,defective_product
5862,813,66,42570,ORD-20240223-89396,1,899.0,1,changed_mind
5863,803,72,44868,ORD-20240223-83241,2,219.3,1,defective_product
5864,806,45,7908,ORD-20240224-69472,1,799.0,1,not_as_described
5865,800,10,35555,ORD-20240224-35363,1,2799.0,1,defective_product
5866,813,30,49323,ORD-20240224-89559,1,1299.0,1,defective_product
5867,811,79,31794,ORD-20240224-90759,2,1798.0,1,delivery_issue
5868,808,11,25456,ORD-20240224-57025,1,449.0,1,compatibility_issue
5869,804,97,15480,ORD-20240224-17619,2,598.0,1,defective_product
5870,794,22,23699,ORD-20240224-52305,1,299.0,1,changed_mind
5871,810,67,31577,ORD-20240224-18082,1,999.0,1,changed_mind
5872,788,21,32026,ORD-20240224-63117,1,329.0,1,changed_mind
5873,797,66,27313,ORD-20240224-98844,1,899.0,1,wrong_item
5874,802,14,28332,ORD-20240225-53243,1,749.0,1,defective_product
5875,808,87,34680,ORD-20240225-23449,1,299.0,1,delivery_issue
5876,795,15,44416,ORD-20240225-54668,2,598.0,1,changed_mind
5877,801,45,44415,ORD-20240225-75400,1,799.0,1,delivery_issue
5878,800,66,42124,ORD-20240225-26302,1,854.05,1,defective_product
5879,789,51,16684,ORD-20240225-87618,1,599.0,1,not_as_described
5880,809,66,8211,ORD-20240226-85491,3,2697.0,1,changed_mind
5881,809,72,41605,ORD-20240226-60033,1,129.0,1,delivery_issue
5882,807,11,49377,ORD-20240226-36975,1,404.1,1,changed_mind
5883,790,11,5414,ORD-20240226-88344,1,449.0,1,defective_product
5884,816,84,38292,ORD-20240227-46176,1,899.0,1,changed_mind
5885,792,95,5762,ORD-20240227-47866,1,149.0,1,compatibility_issue
5886,818,67,15790,ORD-20240227-88604,1,999.0,1,not_as_described
5887,814,35,12816,ORD-20240228-93706,1,699.0,1,defective_product
5888,805,66,21520,ORD-20240228-34591,1,899.0,1,delivery_issue
5889,795,74,37070,ORD-20240228-63286,1,299.0,1,defective_product
5890,808,19,21789,ORD-20240228-26825,1,399.0,1,not_as_described
5891,803,4,48528,ORD-20240228-87894,1,349.0,1,not_as_described
5892,804,16,13551,ORD-20240229-72351,1,449.0,1,defective_product
5893,804,35,49543,ORD-20240229-53467,1,629.1,1,compatibility_issue
5894,814,50,10248,ORD-20240301-30651,1,749.0,1,compatibility_issue
5895,814,52,35704,ORD-20240301-86742,1,349.0,1,changed_mind
5896,815,35,35735,ORD-20240301-13611,1,699.0,1,not_as_described
5897,794,70,30724,ORD-20240301-50879,1,129.0,1,not_as_described
5898,816,17,16536,ORD-20240301-97646,1,699.0,1,compatibility_issue
5899,818,29,42662,ORD-20240301-98357,1,899.1,1,not_as_described
5900,794,80,20596,ORD-20240301-64711,1,1099.0,1,compatibility_issue
5901,798,6,977,ORD-20240302-77726,1,2199.0,1,not_as_described
5902,795,8,29292,ORD-20240302-79735,1,1799.0,1,not_as_described
5903,818,5,25429,ORD-20240302-77432,1,1499.0,1,delivery_issue
5904,808,10,46937,ORD-20240302-91468,1,2799.0,1,defective_product
5905,822,76,12816,ORD-20240302-14175,1,1329.0,1,defective_product
5906,802,88,11427,ORD-20240303-76712,1,699.0,1,defective_product
5907,802,13,17104,ORD-20240303-61837,1,349.0,1,delivery_issue
5908,802,25,22200,ORD-20240303-14575,1,199.0,1,compatibility_issue
5909,803,57,39070,ORD-20240303-95491,1,1999.0,1,defective_product
5910,820,16,23931,ORD-20240304-69414,1,404.1,1,defective_product
5911,820,36,4017,ORD-20240304-89096,1,599.0,1,changed_mind
5912,822,85,30077,ORD-20240304-64170,1,449.0,1,changed_mind
5913,798,8,41401,ORD-20240304-19413,1,1709.05,1,defective_product
5914,810,95,44144,ORD-20240304-90997,1,141.55,1,delivery_issue
5915,804,71,6463,ORD-20240305-15158,1,79.0,1,changed_mind
5916,820,50,49070,ORD-20240305-93480,1,711.55,1,delivery_issue
5917,822,20,1205,ORD-20240305-73189,1,349.0,1,changed_mind
5918,813,81,8916,ORD-20240305-75623,1,799.0,1,wrong_item
5919,809,8,5771,ORD-20240305-70178,1,1799.0,1,defective_product
5920,798,71,6206,ORD-20240305-35907,1,79.0,1,not_as_described
5921,804,1,27461,ORD-20240305-49489,1,1234.05,1,compatibility_issue
5922,811,80,41902,ORD-20240305-91035,1,1099.0,1,not_as_described
5923,824,29,11152,ORD-20240305-73392,1,999.0,1,compatibility_issue
5924,800,92,24101,ORD-20240306-46253,1,1158.05,1,defective_product
5925,801,77,43330,ORD-20240306-53059,1,1029.0,1,defective_product
5926,807,39,15241,ORD-20240306-84970,1,1399.0,1,compatibility_issue
5927,816,85,47976,ORD-20240306-24923,1,449.0,1,compatibility_issue
5928,824,37,36473,ORD-20240306-36109,1,799.0,1,changed_mind
5929,815,71,49198,ORD-20240306-32931,1,79.0,1,defective_product
5930,803,65,34676,ORD-20240307-60401,2,3198.0,1,not_as_described
5931,815,51,16854,ORD-20240307-73965,1,599.0,1,defective_product
5932,804,16,13904,ORD-20240307-91646,1,449.0,1,defective_product
5933,823,96,24416,ORD-20240307-63596,1,199.0,1,delivery_issue
5934,800,45,3431,ORD-20240307-89557,1,799.0,1,defective_product
5935,811,20,21000,ORD-20240307-37226,1,349.0,1,wrong_item
5936,807,20,45621,ORD-20240307-47864,1,349.0,1,wrong_item
5937,804,85,8871,ORD-20240307-32598,1,426.55,1,defective_product
5938,823,34,36840,ORD-20240308-54267,1,999.0,1,changed_mind
5939,817,95,45845,ORD-20240308-32204,1,149.0,1,compatibility_issue
5940,812,60,4558,ORD-20240308-12732,1,1019.15,1,defective_product
5941,820,65,7218,ORD-20240308-54553,1,1599.0,1,delivery_issue
5942,817,65,1035,ORD-20240308-71761,1,1599.0,1,wrong_item
5943,824,59,36280,ORD-20240308-39972,1,1619.1,1,defective_product
5944,828,51,25796,ORD-20240309-36486,1,599.0,1,not_as_described
5945,808,56,20624,ORD-20240309-71736,1,2199.0,1,delivery_issue
5946,811,8,44292,ORD-20240309-73863,1,1799.0,1,wrong_item
5947,815,72,46832,ORD-20240309-11058,1,129.0,1,defective_product
5948,821,17,44166,ORD-20240309-22181,2,1398.0,1,delivery_issue
5949,803,73,31815,ORD-20240309-32819,1,109.0,1,changed_mind
5950,826,56,8398,ORD-20240309-60914,1,2199.0,1,not_as_described
5951,815,66,39439,ORD-20240309-32337,1,899.0,1,delivery_issue
5952,826,65,23273,ORD-20240310-77729,1,1599.0,1,changed_mind
5953,814,45,23723,ORD-20240310-45721,1,759.05,1,delivery_issue
5954,829,8,16522,ORD-20240310-15123,1,1799.0,1,not_as_described
5955,811,97,15887,ORD-20240310-90128,1,299.0,1,compatibility_issue
5956,829,85,35605,ORD-20240310-83092,1,449.0,1,changed_mind
5957,808,91,41926,ORD-20240310-40588,1,819.0,1,not_as_described
5958,825,87,15146,ORD-20240311-50221,1,299.0,1,changed_mind
5959,811,82,48924,ORD-20240311-22888,1,806.55,1,wrong_item
5960,830,66,38802,ORD-20240311-44677,1,899.0,1,defective_product
5961,828,3,25800,ORD-20240311-97079,1,474.05,1,wrong_item
5962,829,2,22651,ORD-20240311-89552,1,2499.0,1,changed_mind
5963,808,40,23835,ORD-20240311-16067,1,749.0,1,changed_mind
5964,825,36,38960,ORD-20240311-76523,1,599.0,1,delivery_issue
5965,829,30,44838,ORD-20240311-59301,1,1169.1,1,changed_mind
5966,810,61,16055,ORD-20240311-40101,1,899.1,1,defective_product
5967,826,62,1694,ORD-20240311-23599,1,1169.1,1,changed_mind
5968,824,61,890,ORD-20240312-77900,1,999.0,1,delivery_issue
5969,814,58,30135,ORD-20240312-36897,1,1699.0,1,not_as_described
5970,812,27,4470,ORD-20240312-73429,1,149.0,1,delivery_issue
5971,810,60,9061,ORD-20240312-36456,1,1199.0,1,changed_mind
5972,827,94,7550,ORD-20240312-35654,1,99.0,1,delivery_issue
5973,829,6,48591,ORD-20240312-73010,2,4398.0,1,delivery_issue
5974,824,58,9066,ORD-20240313-70385,1,1699.0,1,changed_mind
5975,831,6,29898,ORD-20240313-30352,1,2199.0,1,defective_product
5976,807,85,10232,ORD-20240314-78069,1,449.0,1,not_as_described
5977,825,82,6206,ORD-20240314-69906,1,806.55,1,wrong_item
5978,815,23,6940,ORD-20240314-40242,1,179.0,1,delivery_issue
5979,833,80,17385,ORD-20240314-41229,1,1099.0,1,changed_mind
5980,823,29,26077,ORD-20240315-78334,1,999.0,1,delivery_issue
5981,826,18,32961,ORD-20240315-77626,1,599.0,1,defective_product
5982,818,61,32716,ORD-20240315-16521,1,999.0,1,compatibility_issue
5983,810,72,11354,ORD-20240315-94336,2,258.0,1,wrong_item
5984,822,85,9634,ORD-20240315-58850,1,449.0,1,changed_mind
5985,819,69,7045,ORD-20240315-10178,1,129.0,1,delivery_issue
5986,813,46,32323,ORD-20240315-16384,1,499.0,1,changed_mind
5987,818,11,21451,ORD-20240315-44312,1,449.0,1,compatibility_issue
5988,815,1,39807,ORD-20240315-24175,1,1299.0,1,defective_product
5989,818,95,39998,ORD-20240316-89482,1,149.0,1,not_as_described
5990,810,46,35589,ORD-20240316-66625,1,474.05,1,defective_product
5991,814,25,2056,ORD-20240316-69648,1,199.0,1,defective_product
5992,826,98,11601,ORD-20240316-89109,1,249.0,1,delivery_issue
5993,834,25,36808,ORD-20240316-79939,1,199.0,1,defective_product
5994,826,93,25970,ORD-20240317-65040,1,56.05,1,not_as_described
5995,813,31,2787,ORD-20240317-23192,1,1044.05,1,defective_product
5996,823,96,15567,ORD-20240317-77918,1,199.0,1,defective_product
5997,820,79,6920,ORD-20240317-22786,1,899.0,1,not_as_described
5998,837,74,593,ORD-20240317-71591,1,299.0,1,compatibility_issue
5999,812,66,24637,ORD-20240317-76959,1,809.1,1,defective_product
6000,816,74,41472,ORD-20240317-85088,1,284.05,1,wrong_item
6001,819,36,7741,ORD-20240318-77797,1,599.0,1,defective_product
6002,827,79,37226,ORD-20240318-95098,1,899.0,1,compatibility_issue
6003,833,69,6816,ORD-20240318-61861,2,258.0,1,wrong_item
6004,814,91,25438,ORD-20240318-83028,1,819.0,1,delivery_issue
6005,819,64,4833,ORD-20240318-42767,1,699.0,1,compatibility_issue
6006,828,71,17833,ORD-20240318-16010,1,79.0,1,not_as_described
6007,828,81,36895,ORD-20240319-54493,1,799.0,1,defective_product
6008,840,95,47264,ORD-20240320-24802,1,141.55,1,changed_mind
6009,835,69,36076,ORD-20240320-80076,1,122.55,1,defective_product
6010,814,18,41889,ORD-20240320-91945,2,1198.0,1,not_as_described
6011,826,87,47786,ORD-20240321-20679,1,299.0,1,delivery_issue
6012,839,76,41501,ORD-20240321-15899,1,1329.0,1,wrong_item
6013,828,18,13735,ORD-20240321-89549,1,599.0,1,delivery_issue
6014,825,2,21051,ORD-20240321-39761,1,2499.0,1,delivery_issue
6015,832,79,6997,ORD-20240322-75087,1,899.0,1,changed_mind
6016,828,91,35480,ORD-20240322-95582,1,819.0,1,compatibility_issue
6017,828,58,31305,ORD-20240322-97360,1,1699.0,1,not_as_described
6018,823,40,16408,ORD-20240322-23252,1,749.0,1,delivery_issue
6019,817,79,28770,ORD-20240322-52923,1,899.0,1,changed_mind
6020,820,46,30080,ORD-20240322-53420,1,499.0,1,not_as_described
6021,833,24,7200,ORD-20240322-32595,1,265.05,1,defective_product
6022,827,7,3074,ORD-20240322-86704,1,599.0,1,wrong_item
6023,834,14,8522,ORD-20240323-77651,2,1498.0,1,delivery_issue
6024,816,60,13148,ORD-20240323-15523,1,1139.05,1,defective_product
6025,827,71,25753,ORD-20240323-93681,1,79.0,1,delivery_issue
6026,840,67,2426,ORD-20240323-22455,1,999.0,1,compatibility_issue
6027,828,25,28179,ORD-20240323-84117,1,189.05,1,not_as_described
6028,839,68,38645,ORD-20240323-13901,1,109.0,1,not_as_described
6029,828,76,17728,ORD-20240323-13616,1,1329.0,1,delivery_issue
6030,843,79,8661,ORD-20240324-90610,1,899.0,1,changed_mind
6031,827,95,32850,ORD-20240324-36462,1,149.0,1,defective_product
6032,819,85,48768,ORD-20240324-96890,1,449.0,1,wrong_item
6033,844,28,20765,ORD-20240325-30505,1,249.0,1,defective_product
6034,831,86,11385,ORD-20240326-34497,1,899.0,1,compatibility_issue
6035,820,71,35421,ORD-20240326-47255,1,79.0,1,wrong_item
6036,846,77,45970,ORD-20240326-90176,1,1029.0,1,defective_product
6037,838,94,25743,ORD-20240326-88478,1,94.05,1,changed_mind
6038,832,2,29861,ORD-20240326-23261,1,2499.0,1,defective_product
6039,830,2,596,ORD-20240326-99159,2,4998.0,1,defective_product
6040,827,35,14224,ORD-20240326-38729,1,699.0,1,defective_product
6041,821,29,38612,ORD-20240326-20624,3,2997.0,1,delivery_issue
6042,840,76,28101,ORD-20240326-32175,1,1329.0,1,wrong_item
6043,827,76,49923,ORD-20240326-96679,1,1329.0,1,delivery_issue
6044,829,10,925,ORD-20240327-66057,1,2799.0,1,changed_mind
6045,831,26,32375,ORD-20240327-35017,1,179.0,1,not_as_described
6046,823,95,26479,ORD-20240327-53657,1,149.0,1,wrong_item
6047,833,8,9287,ORD-20240327-96580,1,1799.0,1,changed_mind
6048,831,90,46720,ORD-20240327-10345,1,849.0,1,changed_mind
6049,834,59,35479,ORD-20240327-83324,1,1799.0,1,not_as_described
6050,847,88,9114,ORD-20240327-70259,1,699.0,1,not_as_described
6051,848,71,4010,ORD-20240328-20622,1,79.0,1,wrong_item
6052,827,18,11509,ORD-20240328-49588,1,599.0,1,defective_product
6053,833,38,23666,ORD-20240328-48495,1,699.0,1,delivery_issue
6054,841,10,9806,ORD-20240328-65210,1,2519.1,1,wrong_item
6055,841,19,26716,ORD-20240329-60345,1,399.0,1,delivery_issue
6056,823,93,35232,ORD-20240329-86687,1,59.0,1,not_as_described
6057,840,59,27647,ORD-20240329-10229,1,1709.05,1,delivery_issue
6058,845,95,8508,ORD-20240329-98355,1,149.0,1,not_as_described
6059,841,30,28387,ORD-20240329-89190,1,1299.0,1,wrong_item
6060,841,95,17819,ORD-20240329-95510,1,149.0,1,delivery_issue
6061,840,81,25234,ORD-20240329-75582,1,799.0,1,delivery_issue
6062,830,79,5566,ORD-20240330-46648,1,854.05,1,wrong_item
6063,829,66,16840,ORD-20240330-35064,1,899.0,1,not_as_described
6064,841,78,7963,ORD-20240330-82988,1,1281.55,1,wrong_item
6065,844,14,46134,ORD-20240330-92674,1,749.0,1,not_as_described
6066,828,95,1609,ORD-20240330-50919,1,149.0,1,not_as_described
6067,846,15,3975,ORD-20240330-15980,1,299.0,1,not_as_described
6068,849,65,49294,ORD-20240330-95735,2,3198.0,1,delivery_issue
6069,824,76,44507,ORD-20240330-76397,1,1262.55,1,defective_product
6070,838,21,4004,ORD-20240331-75311,1,329.0,1,compatibility_issue
6071,831,65,8205,ORD-20240331-67446,1,1599.0,1,changed_mind
6072,848,45,5081,ORD-20240331-85603,1,679.15,1,defective_product
6073,828,66,6337,ORD-20240401-45554,1,854.05,1,wrong_item
6074,826,87,9445,ORD-20240401-62626,1,269.1,1,delivery_issue
6075,831,18,3648,ORD-20240401-65687,1,599.0,1,delivery_issue
6076,838,85,13161,ORD-20240402-93098,1,426.55,1,changed_mind
6077,836,66,18238,ORD-20240402-30778,1,899.0,1,not_as_described
6078,836,60,152,ORD-20240403-55606,1,1199.0,1,changed_mind
6079,844,11,41234,ORD-20240403-55440,1,449.0,1,defective_product
6080,854,93,13467,ORD-20240403-78515,2,118.0,1,defective_product
6081,836,94,9909,ORD-20240403-25870,1,99.0,1,not_as_described
6082,844,86,38310,ORD-20240403-33456,1,899.0,1,defective_product
6083,846,89,3523,ORD-20240403-39626,1,249.0,1,delivery_issue
6084,830,7,9332,ORD-20240403-78269,1,539.1,1,defective_product
6085,831,14,10333,ORD-20240404-58807,1,749.0,1,compatibility_issue
6086,832,56,20979,ORD-20240404-72375,1,2199.0,1,defective_product
6087,836,44,31035,ORD-20240404-77834,1,899.0,1,defective_product
6088,841,65,46534,ORD-20240404-80203,1,1599.0,1,changed_mind
6089,850,89,42122,ORD-20240404-92958,1,249.0,1,compatibility_issue
6090,841,14,48710,ORD-20240404-44949,1,749.0,1,defective_product
6091,829,61,47766,ORD-20240404-10903,1,999.0,1,defective_product
6092,833,35,11090,ORD-20240405-27864,1,699.0,1,changed_mind
6093,841,69,31195,ORD-20240405-34033,1,129.0,1,wrong_item
6094,852,39,49078,ORD-20240405-89198,1,1399.0,1,wrong_item
6095,847,38,26737,ORD-20240405-70780,1,699.0,1,compatibility_issue
6096,830,8,13885,ORD-20240405-15216,1,1799.0,1,defective_product
6097,848,78,3239,ORD-20240405-68182,1,1349.0,1,defective_product
6098,844,36,36422,ORD-20240405-45406,1,599.0,1,defective_product
6099,844,60,36515,ORD-20240405-51263,1,1199.0,1,compatibility_issue
6100,833,21,44796,ORD-20240405-48054,1,329.0,1,defective_product
6101,831,64,35307,ORD-20240405-99485,1,699.0,1,wrong_item
6102,845,39,36150,ORD-20240405-13394,1,1399.0,1,changed_mind
6103,832,18,24299,ORD-20240406-67705,1,599.0,1,not_as_described
6104,845,67,13933,ORD-20240406-88159,1,999.0,1,defective_product
6105,831,72,39463,ORD-20240407-34883,1,129.0,1,defective_product
6106,841,94,26668,ORD-20240407-23805,1,99.0,1,not_as_described
6107,842,69,6589,ORD-20240407-65223,1,122.55,1,defective_product
6108,849,65,827,ORD-20240407-56388,1,1599.0,1,defective_product
6109,841,13,7909,ORD-20240407-52023,1,349.0,1,delivery_issue
6110,831,1,35574,ORD-20240407-66410,1,1299.0,1,delivery_issue
6111,838,62,48196,ORD-20240407-56842,2,2598.0,1,changed_mind
6112,859,94,3848,ORD-20240408-86098,1,89.1,1,not_as_described
6113,842,5,27732,ORD-20240408-60448,2,2998.0,1,changed_mind
6114,834,85,15278,ORD-20240408-76949,1,449.0,1,compatibility_issue
6115,853,96,23110,ORD-20240408-99243,1,199.0,1,not_as_described
6116,859,78,6180,ORD-20240408-97284,1,1281.55,1,changed_mind
6117,848,79,1133,ORD-20240408-21541,2,1798.0,1,defective_product
6118,841,45,35508,ORD-20240408-17938,1,799.0,1,defective_product
6119,835,57,21104,ORD-20240408-44236,1,1999.0,1,changed_mind
6120,857,81,3306,ORD-20240409-79965,1,679.15,1,changed_mind
6121,860,85,36994,ORD-20240409-63180,1,449.0,1,not_as_described
6122,852,29,34781,ORD-20240409-59164,1,999.0,1,changed_mind
6123,836,10,15944,ORD-20240409-43204,1,2659.05,1,defective_product
6124,855,26,9825,ORD-20240409-24746,1,170.05,1,defective_product
6125,837,49,27336,ORD-20240409-95854,1,449.1,1,not_as_described
6126,859,91,2145,ORD-20240409-38443,1,819.0,1,wrong_item
6127,858,98,38246,ORD-20240410-43236,1,249.0,1,changed_mind
6128,841,97,29961,ORD-20240410-65141,2,568.1,1,changed_mind
6129,858,79,24728,ORD-20240410-43584,2,1708.1,1,not_as_described
6130,853,81,25483,ORD-20240410-14887,1,799.0,1,delivery_issue
6131,853,37,45780,ORD-20240410-52056,1,759.05,1,not_as_described
6132,848,32,18928,ORD-20240410-90723,1,899.0,1,changed_mind
6133,860,67,26173,ORD-20240410-49856,1,849.15,1,changed_mind
6134,858,63,20833,ORD-20240410-25625,1,1599.0,1,compatibility_issue
6135,848,14,35083,ORD-20240411-18619,1,749.0,1,defective_product
6136,842,79,44322,ORD-20240411-26957,1,899.0,1,delivery_issue
6137,853,92,23741,ORD-20240411-65936,1,1219.0,1,not_as_described
6138,848,70,41337,ORD-20240411-30410,1,129.0,1,defective_product
6139,841,77,10757,ORD-20240411-91735,1,1029.0,1,delivery_issue
6140,835,91,1043,ORD-20240411-22061,1,819.0,1,not_as_described
6141,858,20,28722,ORD-20240411-28056,1,349.0,1,changed_mind
6142,837,79,16073,ORD-20240412-95118,1,809.1,1,changed_mind
6143,844,58,19337,ORD-20240412-82475,1,1699.0,1,changed_mind
6144,860,76,37545,ORD-20240412-23889,1,1329.0,1,defective_product
6145,852,39,16464,ORD-20240412-39037,1,1399.0,1,not_as_described
6146,847,14,34246,ORD-20240413-40628,1,749.0,1,wrong_item
6147,863,82,15227,ORD-20240413-64979,1,849.0,1,not_as_described
6148,846,86,35542,ORD-20240413-16614,1,854.05,1,not_as_described
6149,860,13,40666,ORD-20240413-16062,1,349.0,1,changed_mind
6150,848,7,21561,ORD-20240413-80301,1,509.15,1,changed_mind
6151,844,72,22519,ORD-20240413-41879,1,129.0,1,defective_product
6152,851,3,13411,ORD-20240413-80361,1,499.0,1,defective_product
6153,848,85,29076,ORD-20240414-64127,1,449.0,1,changed_mind
6154,854,25,28291,ORD-20240414-63397,1,199.0,1,defective_product
6155,853,13,29262,ORD-20240414-54569,1,349.0,1,compatibility_issue
6156,862,1,42256,ORD-20240414-24148,1,1234.05,1,delivery_issue
6157,856,28,28987,ORD-20240414-61173,1,249.0,1,wrong_item
6158,845,74,9527,ORD-20240414-12977,1,284.05,1,wrong_item
6159,846,98,10548,ORD-20240414-75938,1,224.1,1,changed_mind
6160,848,65,37320,ORD-20240414-56355,1,1599.0,1,compatibility_issue
6161,851,80,5264,ORD-20240414-27478,1,1099.0,1,not_as_described
6162,839,10,31564,ORD-20240414-44344,1,2799.0,1,delivery_issue
6163,848,19,12406,ORD-20240414-96707,1,399.0,1,defective_product
6164,864,93,22998,ORD-20240414-67595,1,59.0,1,defective_product
6165,848,8,6926,ORD-20240414-38942,1,1799.0,1,changed_mind
6166,850,41,36213,ORD-20240415-39139,1,521.55,1,not_as_described
6167,843,93,26919,ORD-20240415-93866,1,59.0,1,not_as_described
6168,860,67,30764,ORD-20240415-23771,1,999.0,1,changed_mind
6169,855,72,19573,ORD-20240415-22377,1,129.0,1,changed_mind
6170,862,67,14337,ORD-20240415-94165,1,849.15,1,not_as_described
6171,852,31,7189,ORD-20240416-70598,1,1099.0,1,not_as_described
6172,844,42,3472,ORD-20240416-70757,1,1079.1,1,wrong_item
6173,867,73,19939,ORD-20240416-47610,1,109.0,1,delivery_issue
6174,859,73,2661,ORD-20240416-60632,1,109.0,1,changed_mind
6175,859,40,42560,ORD-20240417-79996,1,749.0,1,wrong_item
6176,857,12,25369,ORD-20240417-74150,1,899.0,1,changed_mind
6177,847,90,9225,ORD-20240417-80895,1,849.0,1,wrong_item
6178,858,76,45504,ORD-20240417-15080,1,1262.55,1,delivery_issue
6179,867,2,3153,ORD-20240417-96241,1,2499.0,1,not_as_described
6180,864,96,27940,ORD-20240417-51746,1,199.0,1,changed_mind
6181,865,26,22749,ORD-20240417-90341,1,179.0,1,defective_product
6182,857,10,10733,ORD-20240417-51409,1,2799.0,1,not_as_described
6183,850,67,14348,ORD-20240418-24618,1,999.0,1,wrong_item
6184,863,19,10473,ORD-20240418-41255,1,399.0,1,delivery_issue
6185,850,94,30283,ORD-20240418-37827,1,99.0,1,defective_product
6186,844,69,42880,ORD-20240418-15893,1,122.55,1,delivery_issue
6187,861,81,32877,ORD-20240418-32461,1,799.0,1,changed_mind
6188,850,71,37650,ORD-20240418-46465,1,79.0,1,delivery_issue
6189,842,8,14879,ORD-20240418-60675,1,1799.0,1,defective_product
6190,855,59,47381,ORD-20240418-37417,1,1799.0,1,changed_mind
6191,855,74,29078,ORD-20240418-19118,1,299.0,1,changed_mind
6192,870,69,13140,ORD-20240419-37053,1,129.0,1,not_as_described
6193,863,94,32400,ORD-20240419-22210,1,99.0,1,not_as_described
6194,867,97,7732,ORD-20240419-33031,1,269.1,1,changed_mind
6195,864,90,19574,ORD-20240419-82217,1,849.0,1,changed_mind
6196,847,46,37723,ORD-20240419-53392,1,499.0,1,defective_product
6197,859,55,20855,ORD-20240419-63547,1,1499.0,1,wrong_item
6198,866,70,9836,ORD-20240419-71551,1,129.0,1,not_as_described
6199,845,11,13067,ORD-20240419-12351,1,449.0,1,delivery_issue
6200,869,85,11096,ORD-20240420-12292,1,449.0,1,wrong_item
6201,857,19,27725,ORD-20240420-31307,1,399.0,1,changed_mind
6202,868,7,38880,ORD-20240420-22017,1,599.0,1,delivery_issue
6203,858,53,17216,ORD-20240420-11284,1,149.0,1,delivery_issue
6204,867,90,12702,ORD-20240420-92982,1,849.0,1,not_as_described
6205,852,50,14310,ORD-20240420-47619,1,749.0,1,defective_product
6206,851,45,9471,ORD-20240421-95287,1,799.0,1,changed_mind
6207,845,94,46421,ORD-20240421-56069,1,99.0,1,defective_product
6208,870,51,25917,ORD-20240421-38843,1,599.0,1,not_as_described
6209,858,14,3218,ORD-20240421-87744,1,749.0,1,defective_product
6210,858,14,4167,ORD-20240421-95425,1,749.0,1,delivery_issue
6211,864,93,16884,ORD-20240422-37679,1,59.0,1,defective_product
6212,849,61,21462,ORD-20240422-68436,1,999.0,1,defective_product
6213,857,95,21831,ORD-20240422-14750,1,149.0,1,changed_mind
6214,850,3,38790,ORD-20240422-36635,1,499.0,1,wrong_item
6215,871,29,35913,ORD-20240422-68526,1,999.0,1,changed_mind
6216,871,10,35411,ORD-20240423-59381,1,2799.0,1,changed_mind
6217,848,30,23836,ORD-20240423-97308,1,1299.0,1,delivery_issue
6218,857,8,25549,ORD-20240423-98082,1,1799.0,1,defective_product
6219,871,32,12433,ORD-20240423-16414,1,899.0,1,wrong_item
6220,871,73,43713,ORD-20240423-82249,1,103.55,1,compatibility_issue
6221,869,24,14474,ORD-20240423-90113,1,279.0,1,not_as_described
6222,863,1,7562,ORD-20240424-59125,1,1104.15,1,defective_product
6223,872,71,32152,ORD-20240424-20080,1,79.0,1,changed_mind
6224,863,79,23480,ORD-20240424-26214,1,899.0,1,delivery_issue
6225,866,73,25484,ORD-20240424-45088,1,103.55,1,wrong_item
6226,849,82,19248,ORD-20240424-35865,1,849.0,1,delivery_issue
6227,853,1,26580,ORD-20240424-29636,1,1299.0,1,defective_product
6228,872,94,46226,ORD-20240425-60959,1,99.0,1,compatibility_issue
6229,861,16,22825,ORD-20240425-49267,1,426.55,1,defective_product
6230,854,69,32247,ORD-20240425-59041,1,129.0,1,defective_product
6231,870,93,31054,ORD-20240425-38866,1,59.0,1,wrong_item
6232,866,70,2839,ORD-20240426-34334,1,129.0,1,compatibility_issue
6233,868,73,34495,ORD-20240426-59054,1,109.0,1,delivery_issue
6234,857,64,45306,ORD-20240426-87590,1,699.0,1,wrong_item
6235,858,1,42792,ORD-20240426-66371,1,1299.0,1,defective_product
6236,852,73,3407,ORD-20240426-37573,1,109.0,1,compatibility_issue
6237,874,9,22767,ORD-20240426-81036,2,2598.0,1,delivery_issue
6238,859,95,8656,ORD-20240427-89095,1,149.0,1,defective_product
6239,870,97,11624,ORD-20240427-39499,1,299.0,1,compatibility_issue
6240,859,85,38885,ORD-20240428-96044,1,449.0,1,compatibility_issue
6241,876,86,40569,ORD-20240428-34431,1,899.0,1,delivery_issue
6242,877,55,39104,ORD-20240428-48766,1,1499.0,1,not_as_described
6243,862,85,21925,ORD-20240428-27904,2,853.1,1,not_as_described
6244,858,61,11273,ORD-20240428-15050,1,999.0,1,wrong_item
6245,856,91,23102,ORD-20240428-67269,1,737.1,1,not_as_described
6246,865,76,44700,ORD-20240428-71595,1,1329.0,1,changed_mind
6247,859,21,12649,ORD-20240428-75177,1,329.0,1,not_as_described
6248,874,11,41564,ORD-20240428-86963,1,449.0,1,changed_mind
6249,871,5,17870,ORD-20240428-72327,1,1349.1,1,changed_mind
6250,854,93,24335,ORD-20240429-99420,1,59.0,1,not_as_described
6251,863,65,14088,ORD-20240429-17280,1,1599.0,1,not_as_described
6252,855,79,45911,ORD-20240429-86580,2,1798.0,1,changed_mind
6253,862,63,8310,ORD-20240429-52004,1,1599.0,1,defective_product
6254,863,95,27854,ORD-20240430-99578,1,149.0,1,delivery_issue
6255,871,76,47158,ORD-20240430-87224,1,1329.0,1,changed_mind
6256,869,14,20268,ORD-20240430-17514,1,749.0,1,not_as_described
6257,874,66,31920,ORD-20240430-58298,2,1708.1,1,changed_mind
6258,861,70,4955,ORD-20240430-61772,1,129.0,1,not_as_described
6259,871,53,27001,ORD-20240430-24680,2,298.0,1,wrong_item
6260,867,19,12444,ORD-20240430-18807,1,399.0,1,compatibility_issue
6261,861,38,14567,ORD-20240430-98853,1,699.0,1,changed_mind
6262,859,10,24842,ORD-20240430-80941,2,5598.0,1,not_as_described
6263,867,41,9738,ORD-20240430-82317,1,549.0,1,defective_product
6264,870,88,14771,ORD-20240501-44491,1,699.0,1,changed_mind
6265,882,65,37452,ORD-20240501-74427,1,1599.0,1,delivery_issue
6266,874,2,21361,ORD-20240501-38435,1,2499.0,1,defective_product
6267,863,79,46702,ORD-20240501-89243,2,1798.0,1,wrong_item
6268,874,19,1652,ORD-20240501-81346,1,399.0,1,delivery_issue
6269,859,86,25108,ORD-20240501-10538,1,899.0,1,defective_product
6270,862,21,19232,ORD-20240501-94078,1,329.0,1,changed_mind
6271,866,74,37488,ORD-20240502-61516,1,284.05,1,not_as_described
6272,862,36,5906,ORD-20240502-74773,1,599.0,1,delivery_issue
6273,869,18,44446,ORD-20240502-81310,1,599.0,1,not_as_described
6274,871,16,32250,ORD-20240502-61170,1,449.0,1,defective_product
6275,878,5,24842,ORD-20240503-75829,1,1499.0,1,wrong_item
6276,863,68,14370,ORD-20240503-87597,1,109.0,1,changed_mind
6277,870,24,37170,ORD-20240503-71120,1,279.0,1,not_as_described
6278,871,82,22273,ORD-20240503-95863,1,849.0,1,delivery_issue
6279,860,5,14625,ORD-20240503-70600,2,2848.1,1,not_as_described
6280,879,92,1410,ORD-20240503-26000,1,1219.0,1,defective_product
6281,866,85,21179,ORD-20240503-26044,1,449.0,1,wrong_item
6282,881,59,35956,ORD-20240503-26461,1,1799.0,1,compatibility_issue
6283,881,25,31807,ORD-20240504-60452,1,199.0,1,not_as_described
6284,876,82,32333,ORD-20240504-48763,1,764.1,1,defective_product
6285,867,18,29572,ORD-20240504-15537,1,569.05,1,changed_mind
6286,877,88,43333,ORD-20240504-93890,1,699.0,1,delivery_issue
6287,867,63,31945,ORD-20240504-33815,1,1599.0,1,not_as_described
6288,862,98,33413,ORD-20240504-40143,1,249.0,1,defective_product
6289,870,91,1424,ORD-20240504-97736,1,819.0,1,wrong_item
6290,869,97,12654,ORD-20240505-45677,1,299.0,1,defective_product
6291,863,12,22731,ORD-20240505-26158,1,899.0,1,not_as_described
6292,862,85,25884,ORD-20240505-22300,2,898.0,1,wrong_item
6293,862,16,26523,ORD-20240505-24136,1,449.0,1,compatibility_issue
6294,877,92,4005,ORD-20240505-50806,2,2438.0,1,changed_mind
6295,877,66,44878,ORD-20240505-79558,1,899.0,1,changed_mind
6296,877,60,18538,ORD-20240506-32985,1,1199.0,1,delivery_issue
6297,882,82,2151,ORD-20240506-82777,1,849.0,1,defective_product
6298,864,17,5058,ORD-20240506-15277,1,699.0,1,defective_product
6299,867,61,22523,ORD-20240506-62820,1,999.0,1,changed_mind
6300,865,66,47995,ORD-20240506-83667,1,899.0,1,delivery_issue
6301,879,26,38597,ORD-20240506-22464,1,179.0,1,changed_mind
6302,878,79,10465,ORD-20240506-92485,2,1798.0,1,changed_mind
6303,884,5,32536,ORD-20240506-71678,1,1349.1,1,changed_mind
6304,875,80,8258,ORD-20240506-53869,1,1044.05,1,defective_product
6305,861,73,22308,ORD-20240506-67730,1,109.0,1,defective_product
6306,878,65,9253,ORD-20240507-34107,1,1599.0,1,defective_product
6307,872,95,6545,ORD-20240507-46651,1,149.0,1,defective_product
6308,874,71,16163,ORD-20240507-65091,1,71.1,1,defective_product
6309,887,97,22264,ORD-20240507-96789,1,299.0,1,delivery_issue
6310,867,63,8469,ORD-20240508-50537,1,1599.0,1,not_as_described
6311,874,60,12195,ORD-20240508-72394,1,1199.0,1,defective_product
6312,864,26,8756,ORD-20240508-13296,1,152.15,1,changed_mind
6313,889,71,47416,ORD-20240508-51207,1,79.0,1,delivery_issue
6314,877,65,42986,ORD-20240509-15872,1,1599.0,1,changed_mind
6315,871,58,37244,ORD-20240509-65341,1,1699.0,1,not_as_described
6316,879,2,48937,ORD-20240509-10643,1,2499.0,1,defective_product
6317,871,82,49444,ORD-20240509-77007,1,849.0,1,not_as_described
6318,865,2,34006,ORD-20240509-45416,1,2374.05,1,not_as_described
6319,885,2,12533,ORD-20240510-80068,1,2499.0,1,defective_product
6320,881,64,5472,ORD-20240510-15679,1,699.0,1,not_as_described
6321,876,95,8539,ORD-20240510-16148,1,149.0,1,defective_product
6322,866,91,25356,ORD-20240510-29783,1,819.0,1,compatibility_issue
6323,865,94,9301,ORD-20240510-84001,1,99.0,1,not_as_described
6324,875,27,37976,ORD-20240510-36658,1,149.0,1,compatibility_issue
6325,892,35,33234,ORD-20240511-30957,1,699.0,1,changed_mind
6326,879,66,5440,ORD-20240511-82867,1,899.0,1,not_as_described
6327,884,65,12246,ORD-20240511-96578,1,1599.0,1,not_as_described
6328,866,73,4996,ORD-20240511-94091,1,103.55,1,not_as_described
6329,890,25,20809,ORD-20240511-73769,1,199.0,1,changed_mind
6330,872,91,21156,ORD-20240511-71678,1,819.0,1,not_as_described
6331,872,11,30976,ORD-20240511-64862,1,426.55,1,defective_product
6332,871,91,6640,ORD-20240511-49612,1,819.0,1,changed_mind
6333,890,2,32196,ORD-20240511-97011,1,2499.0,1,defective_product
6334,886,71,46353,ORD-20240511-64313,1,79.0,1,defective_product
6335,879,23,34100,ORD-20240511-29246,1,179.0,1,changed_mind
6336,869,81,28030,ORD-20240511-62791,1,799.0,1,defective_product
6337,880,83,41497,ORD-20240511-81499,1,399.0,1,wrong_item
6338,867,10,41510,ORD-20240512-13911,1,2799.0,1,not_as_described
6339,893,73,33554,ORD-20240512-34065,1,109.0,1,changed_mind
6340,883,91,42606,ORD-20240512-62963,1,778.05,1,defective_product
6341,869,15,26113,ORD-20240512-48851,1,299.0,1,compatibility_issue
6342,868,17,142,ORD-20240512-81316,1,594.15,1,compatibility_issue
6343,892,70,28090,ORD-20240512-89154,1,109.65,1,changed_mind
6344,877,36,2225,ORD-20240512-16322,1,599.0,1,delivery_issue
6345,872,96,20411,ORD-20240513-29277,1,199.0,1,changed_mind
6346,882,38,21757,ORD-20240513-26594,1,699.0,1,delivery_issue
6347,884,76,31180,ORD-20240513-38222,1,1329.0,1,changed_mind
6348,894,20,42358,ORD-20240514-14790,1,349.0,1,changed_mind
6349,874,85,2656,ORD-20240514-35836,1,449.0,1,not_as_described
6350,881,8,16133,ORD-20240514-90891,1,1799.0,1,defective_product
6351,888,3,38480,ORD-20240514-49134,2,998.0,1,wrong_item
6352,894,36,23496,ORD-20240515-14262,1,599.0,1,wrong_item
6353,883,12,39659,ORD-20240515-65765,1,899.0,1,not_as_described
6354,891,85,23175,ORD-20240515-33434,1,449.0,1,not_as_described
6355,873,98,35589,ORD-20240516-32476,1,249.0,1,not_as_described
6356,895,72,5277,ORD-20240516-82488,2,232.2,1,not_as_described
6357,880,23,40302,ORD-20240517-81830,1,179.0,1,defective_product
6358,898,63,36821,ORD-20240517-43418,1,1599.0,1,delivery_issue
6359,872,28,19206,ORD-20240517-60307,1,249.0,1,not_as_described
6360,894,85,48260,ORD-20240517-34275,1,449.0,1,delivery_issue
6361,890,3,42774,ORD-20240517-10326,1,499.0,1,changed_mind
6362,887,97,12667,ORD-20240517-90089,1,299.0,1,not_as_described
6363,887,12,9336,ORD-20240517-20074,1,899.0,1,compatibility_issue
6364,886,62,49002,ORD-20240517-23461,1,1299.0,1,delivery_issue
6365,875,18,42735,ORD-20240517-27344,1,599.0,1,changed_mind
6366,871,21,2511,ORD-20240517-81646,1,329.0,1,defective_product
6367,876,21,25468,ORD-20240518-17119,1,329.0,1,defective_product
6368,883,21,36137,ORD-20240518-26104,1,329.0,1,delivery_issue
6369,892,8,43786,ORD-20240518-86688,1,1799.0,1,defective_product
6370,895,76,27656,ORD-20240518-75625,1,1329.0,1,delivery_issue
6371,872,17,43746,ORD-20240518-49395,1,699.0,1,defective_product
6372,891,88,22067,ORD-20240518-40206,1,699.0,1,not_as_described
6373,885,95,3744,ORD-20240519-44480,1,149.0,1,changed_mind
6374,889,32,9280,ORD-20240519-14037,1,854.05,1,wrong_item
6375,891,83,23606,ORD-20240519-86767,1,399.0,1,compatibility_issue
6376,875,74,46534,ORD-20240519-54856,2,598.0,1,compatibility_issue
6377,875,97,28272,ORD-20240519-25583,1,284.05,1,defective_product
6378,873,71,48621,ORD-20240519-92663,1,79.0,1,changed_mind
6379,883,60,34198,ORD-20240520-95066,1,1199.0,1,changed_mind
6380,896,7,6631,ORD-20240520-97748,1,599.0,1,delivery_issue
6381,898,77,33300,ORD-20240520-81143,1,1029.0,1,compatibility_issue
6382,897,34,44850,ORD-20240520-86156,1,999.0,1,wrong_item
6383,886,85,971,ORD-20240521-25192,1,449.0,1,not_as_described
6384,889,8,24192,ORD-20240521-10802,1,1799.0,1,not_as_described
6385,899,55,49305,ORD-20240521-29534,1,1499.0,1,defective_product
6386,881,69,15836,ORD-20240521-83760,1,122.55,1,wrong_item
6387,894,38,36588,ORD-20240521-83962,1,699.0,1,not_as_described
6388,902,79,6205,ORD-20240521-22330,1,899.0,1,delivery_issue
6389,897,46,16951,ORD-20240521-97787,1,499.0,1,defective_product
6390,901,72,46122,ORD-20240522-45806,1,129.0,1,delivery_issue
6391,880,74,31612,ORD-20240522-49773,1,299.0,1,not_as_described
6392,879,26,34850,ORD-20240522-18074,1,179.0,1,changed_mind
6393,892,97,29115,ORD-20240522-29202,1,284.05,1,defective_product
6394,893,34,13514,ORD-20240522-31193,1,949.05,1,compatibility_issue
6395,877,1,14958,ORD-20240522-18357,1,1234.05,1,defective_product
6396,890,96,261,ORD-20240522-18336,1,199.0,1,changed_mind
6397,881,19,43729,ORD-20240522-11362,1,399.0,1,defective_product
6398,887,48,43067,ORD-20240522-36306,1,699.0,1,defective_product
6399,893,60,41329,ORD-20240522-56222,1,1139.05,1,changed_mind
6400,892,80,45912,ORD-20240523-20241,1,1099.0,1,defective_product
6401,888,30,17398,ORD-20240523-26999,2,2598.0,1,not_as_described
6402,902,74,48331,ORD-20240523-68458,1,299.0,1,changed_mind
6403,879,80,1125,ORD-20240524-30851,1,1099.0,1,not_as_described
6404,897,56,48829,ORD-20240524-37128,1,2199.0,1,not_as_described
6405,891,93,11476,ORD-20240524-70322,1,59.0,1,compatibility_issue
6406,900,77,20396,ORD-20240524-28959,1,1029.0,1,defective_product
6407,900,63,37063,ORD-20240525-41946,1,1599.0,1,defective_product
6408,890,18,18854,ORD-20240525-50634,1,599.0,1,changed_mind
6409,903,62,45706,ORD-20240525-41741,1,1299.0,1,not_as_described
6410,886,65,9315,ORD-20240525-91663,1,1599.0,1,changed_mind
6411,892,66,5014,ORD-20240525-32394,1,899.0,1,wrong_item
6412,894,37,3070,ORD-20240525-77379,1,799.0,1,wrong_item
6413,899,5,28914,ORD-20240525-39024,1,1499.0,1,not_as_described
6414,888,6,32706,ORD-20240525-80764,1,1979.1,1,not_as_described
6415,906,97,24794,ORD-20240526-25746,2,598.0,1,compatibility_issue
6416,903,76,1215,ORD-20240526-61822,1,1329.0,1,compatibility_issue
6417,882,6,27931,ORD-20240526-29344,1,2089.05,1,compatibility_issue
6418,894,65,44880,ORD-20240526-98557,1,1439.1,1,wrong_item
6419,887,86,5576,ORD-20240527-97414,1,899.0,1,compatibility_issue
6420,890,20,11059,ORD-20240527-41358,1,349.0,1,not_as_described
6421,907,24,1644,ORD-20240527-37886,1,251.1,1,defective_product
6422,906,90,21974,ORD-20240527-75522,1,849.0,1,not_as_described
6423,906,78,20342,ORD-20240527-34366,1,1349.0,1,defective_product
6424,896,36,32451,ORD-20240527-13299,1,599.0,1,changed_mind
6425,881,21,9397,ORD-20240527-18241,1,329.0,1,defective_product
6426,908,53,7840,ORD-20240527-77800,1,149.0,1,not_as_described
6427,889,97,47702,ORD-20240527-41448,1,299.0,1,changed_mind
6428,900,9,8820,ORD-20240527-66821,1,1234.05,1,not_as_described
6429,906,43,2597,ORD-20240527-42837,1,1499.0,1,wrong_item
6430,890,72,29379,ORD-20240527-73325,2,258.0,1,changed_mind
6431,883,18,45794,ORD-20240527-42880,1,599.0,1,defective_product
6432,902,58,25387,ORD-20240528-27478,1,1699.0,1,changed_mind
6433,885,26,10274,ORD-20240528-20872,1,179.0,1,not_as_described
6434,892,81,1750,ORD-20240528-12214,1,799.0,1,wrong_item
6435,891,32,49360,ORD-20240528-39552,1,899.0,1,changed_mind
6436,899,71,8186,ORD-20240528-38982,1,79.0,1,not_as_described
6437,895,1,22990,ORD-20240528-23514,1,1299.0,1,compatibility_issue
6438,885,94,5965,ORD-20240528-69611,3,297.0,1,delivery_issue
6439,904,66,45883,ORD-20240528-94621,1,899.0,1,delivery_issue
6440,887,92,37273,ORD-20240529-71049,1,1219.0,1,defective_product
6441,895,82,21973,ORD-20240529-51221,1,849.0,1,defective_product
6442,903,46,27129,ORD-20240529-60396,1,499.0,1,compatibility_issue
6443,901,54,12308,ORD-20240529-10041,1,94.05,1,delivery_issue
6444,910,26,32663,ORD-20240530-15787,1,152.15,1,not_as_described
6445,891,63,19603,ORD-20240530-20473,1,1599.0,1,wrong_item
6446,908,94,29473,ORD-20240530-19196,1,94.05,1,delivery_issue
6447,884,67,44814,ORD-20240530-65897,1,999.0,1,wrong_item
6448,911,5,39291,ORD-20240530-10370,1,1499.0,1,delivery_issue
6449,901,71,5764,ORD-20240530-77834,1,75.05,1,not_as_described
6450,904,42,25786,ORD-20240530-81983,1,1199.0,1,not_as_described
6451,889,1,36893,ORD-20240531-31365,1,1169.1,1,changed_mind
6452,901,12,15777,ORD-20240531-75010,1,899.0,1,defective_product
6453,903,84,42752,ORD-20240531-16572,1,899.0,1,defective_product
6454,908,93,28225,ORD-20240531-60893,1,59.0,1,defective_product
6455,902,59,34381,ORD-20240531-52197,1,1799.0,1,changed_mind
6456,906,59,24888,ORD-20240531-98852,1,1799.0,1,changed_mind
6457,897,52,45625,ORD-20240601-88691,1,349.0,1,defective_product
6458,912,17,19659,ORD-20240601-49717,1,699.0,1,delivery_issue
6459,908,69,36257,ORD-20240601-58709,1,129.0,1,changed_mind
6460,911,37,12597,ORD-20240601-98743,1,799.0,1,compatibility_issue
6461,904,91,5745,ORD-20240601-28391,1,819.0,1,changed_mind
6462,890,11,46524,ORD-20240601-13681,1,381.65,1,changed_mind
6463,914,92,13266,ORD-20240602-46613,1,1219.0,1,changed_mind
6464,913,58,32694,ORD-20240602-14486,1,1614.05,1,changed_mind
6465,889,23,20715,ORD-20240602-64099,1,179.0,1,compatibility_issue
6466,900,56,3288,ORD-20240602-30706,1,2199.0,1,changed_mind
6467,914,97,42081,ORD-20240602-84802,1,299.0,1,defective_product
6468,896,86,23835,ORD-20240602-23507,1,899.0,1,not_as_described
6469,894,44,32434,ORD-20240602-75943,1,809.1,1,compatibility_issue
6470,897,37,45198,ORD-20240603-51948,1,799.0,1,changed_mind
6471,896,95,38390,ORD-20240603-87479,1,149.0,1,delivery_issue
6472,892,1,47713,ORD-20240603-93275,1,1104.15,1,compatibility_issue
6473,909,80,2130,ORD-20240603-17687,2,1978.2,1,delivery_issue
6474,908,90,34989,ORD-20240603-26250,1,849.0,1,compatibility_issue
6475,913,65,16352,ORD-20240603-29631,1,1599.0,1,compatibility_issue
6476,891,93,23847,ORD-20240604-94549,1,59.0,1,defective_product
6477,895,10,14263,ORD-20240604-98787,1,2519.1,1,compatibility_issue
6478,910,15,40368,ORD-20240604-51469,1,284.05,1,not_as_described
6479,912,20,34406,ORD-20240604-66849,1,331.55,1,wrong_item
6480,915,64,43595,ORD-20240604-28885,1,699.0,1,changed_mind
6481,914,58,27649,ORD-20240604-61950,1,1699.0,1,delivery_issue
6482,900,46,23257,ORD-20240604-22504,1,499.0,1,delivery_issue
6483,894,26,30374,ORD-20240605-17603,1,179.0,1,changed_mind
6484,894,74,3671,ORD-20240605-78887,1,299.0,1,not_as_described
6485,905,74,34888,ORD-20240605-79575,1,299.0,1,compatibility_issue
6486,901,56,4846,ORD-20240605-37739,2,4398.0,1,delivery_issue
6487,913,24,15552,ORD-20240605-87880,1,279.0,1,not_as_described
6488,912,16,14174,ORD-20240605-75017,1,449.0,1,defective_product
6489,902,10,27727,ORD-20240605-72269,1,2799.0,1,changed_mind
6490,907,61,1747,ORD-20240605-70074,1,949.05,1,defective_product
6491,897,79,8205,ORD-20240605-62180,1,899.0,1,defective_product
6492,893,97,30093,ORD-20240605-61667,1,299.0,1,wrong_item
6493,906,76,4815,ORD-20240605-59396,1,1196.1,1,wrong_item
6494,899,20,31240,ORD-20240606-54223,1,331.55,1,defective_product
6495,894,6,24313,ORD-20240606-16537,1,2199.0,1,defective_product
6496,897,73,26766,ORD-20240606-34002,2,218.0,1,compatibility_issue
6497,893,20,11658,ORD-20240606-80708,1,349.0,1,changed_mind
6498,914,93,37475,ORD-20240606-29440,1,59.0,1,not_as_described
6499,894,94,35824,ORD-20240607-78910,1,99.0,1,changed_mind
6500,897,95,38558,ORD-20240607-42564,2,298.0,1,changed_mind
6501,896,53,39955,ORD-20240607-60617,1,149.0,1,wrong_item
6502,918,8,15183,ORD-20240607-18625,1,1799.0,1,compatibility_issue
6503,899,18,45692,ORD-20240608-34839,1,599.0,1,delivery_issue
6504,908,64,17024,ORD-20240608-42245,1,699.0,1,not_as_described
6505,898,13,19797,ORD-20240608-37408,1,349.0,1,delivery_issue
6506,894,93,45831,ORD-20240608-46593,1,59.0,1,changed_mind
6507,909,18,5319,ORD-20240609-57678,1,599.0,1,defective_product
6508,897,91,27584,ORD-20240609-91179,1,819.0,1,compatibility_issue
6509,920,61,37058,ORD-20240609-69569,1,899.1,1,changed_mind
6510,913,47,11224,ORD-20240609-50146,1,599.0,1,defective_product
6511,915,25,48556,ORD-20240609-79270,1,199.0,1,changed_mind
6512,914,72,5352,ORD-20240609-22431,1,122.55,1,defective_product
6513,894,69,9114,ORD-20240609-44786,1,129.0,1,defective_product
6514,916,92,4991,ORD-20240609-35030,1,1219.0,1,not_as_described
6515,902,72,41488,ORD-20240610-77163,1,129.0,1,wrong_item
6516,916,83,40397,ORD-20240610-30673,1,399.0,1,compatibility_issue
6517,917,51,35750,ORD-20240610-35462,1,599.0,1,delivery_issue
6518,910,20,1793,ORD-20240610-35005,2,628.2,1,delivery_issue
6519,901,73,8834,ORD-20240610-46944,2,207.1,1,delivery_issue
6520,901,11,7110,ORD-20240610-78466,1,449.0,1,not_as_described
6521,920,83,6928,ORD-20240610-52253,1,379.05,1,changed_mind
6522,900,35,43103,ORD-20240611-45022,1,699.0,1,delivery_issue
6523,912,58,33225,ORD-20240611-96310,1,1699.0,1,defective_product
6524,899,85,44917,ORD-20240611-47387,1,449.0,1,defective_product
6525,909,84,32938,ORD-20240611-13638,1,899.0,1,compatibility_issue
6526,908,65,13437,ORD-20240611-63742,1,1599.0,1,changed_mind
6527,896,74,6322,ORD-20240611-55282,1,299.0,1,defective_product
6528,908,12,32525,ORD-20240612-84331,1,899.0,1,wrong_item
6529,915,85,40589,ORD-20240612-63771,1,449.0,1,changed_mind
6530,924,6,5261,ORD-20240612-24434,1,2199.0,1,delivery_issue
6531,923,16,15685,ORD-20240612-12090,1,381.65,1,defective_product
6532,924,34,39752,ORD-20240612-84765,1,999.0,1,delivery_issue
6533,909,76,24307,ORD-20240612-13916,1,1329.0,1,not_as_described
6534,902,18,43749,ORD-20240612-14777,1,599.0,1,compatibility_issue
6535,899,91,12226,ORD-20240612-48320,1,819.0,1,not_as_described
6536,904,17,22928,ORD-20240612-99086,1,699.0,1,not_as_described
6537,925,79,10680,ORD-20240613-13849,1,899.0,1,delivery_issue
6538,917,58,3689,ORD-20240613-68615,1,1699.0,1,wrong_item
6539,905,82,10346,ORD-20240613-66840,1,849.0,1,defective_product
6540,911,27,23239,ORD-20240613-29566,1,149.0,1,delivery_issue
6541,898,76,17222,ORD-20240613-33721,1,1196.1,1,changed_mind
6542,908,34,17604,ORD-20240614-23118,1,949.05,1,not_as_described
6543,910,95,10984,ORD-20240615-56522,1,134.1,1,changed_mind
6544,916,23,21153,ORD-20240615-64810,1,179.0,1,compatibility_issue
6545,916,95,39675,ORD-20240615-63008,1,141.55,1,changed_mind
6546,915,65,37512,ORD-20240615-51205,1,1599.0,1,changed_mind
6547,900,66,37914,ORD-20240615-45352,1,809.1,1,delivery_issue
6548,921,93,42760,ORD-20240615-14900,1,59.0,1,defective_product
6549,907,39,40781,ORD-20240615-61160,1,1399.0,1,delivery_issue
6550,914,73,4383,ORD-20240615-91836,1,103.55,1,not_as_described
6551,915,66,18724,ORD-20240616-32005,1,899.0,1,not_as_described
6552,922,35,1447,ORD-20240616-58311,1,664.05,1,compatibility_issue
6553,922,54,32840,ORD-20240616-18424,1,99.0,1,delivery_issue
6554,917,5,7170,ORD-20240616-17624,1,1349.1,1,delivery_issue
6555,913,34,6954,ORD-20240616-58251,1,999.0,1,changed_mind
6556,922,19,8405,ORD-20240616-36821,1,379.05,1,defective_product
6557,902,9,41377,ORD-20240616-92439,1,1299.0,1,changed_mind
6558,913,79,22965,ORD-20240616-38632,1,899.0,1,not_as_described
6559,921,64,40359,ORD-20240617-68816,1,699.0,1,delivery_issue
6560,903,80,49105,ORD-20240617-37792,1,1044.05,1,changed_mind
6561,926,29,45455,ORD-20240617-82138,1,899.1,1,changed_mind
6562,904,62,26343,ORD-20240617-25185,1,1299.0,1,wrong_item
6563,911,26,49219,ORD-20240617-88787,1,179.0,1,delivery_issue
6564,918,29,48862,ORD-20240617-43984,1,949.05,1,delivery_issue
6565,919,92,23815,ORD-20240617-26077,1,1219.0,1,not_as_described
6566,929,1,20542,ORD-20240617-69712,1,1299.0,1,defective_product
6567,925,88,33976,ORD-20240617-42766,1,699.0,1,defective_product
6568,909,8,4739,ORD-20240618-75212,1,1799.0,1,delivery_issue
6569,919,10,39915,ORD-20240618-63238,1,2799.0,1,not_as_described
6570,926,44,6917,ORD-20240618-48507,1,854.05,1,defective_product
6571,912,29,37518,ORD-20240618-44200,1,949.05,1,delivery_issue
6572,915,6,38324,ORD-20240618-72031,1,2199.0,1,defective_product
6573,925,6,28710,ORD-20240619-32371,1,2199.0,1,defective_product
6574,909,8,5473,ORD-20240619-38685,1,1799.0,1,defective_product
6575,918,46,2299,ORD-20240619-73589,1,499.0,1,defective_product
6576,909,92,8223,ORD-20240619-11991,1,1219.0,1,delivery_issue
6577,928,6,10052,ORD-20240619-15946,1,1979.1,1,wrong_item
6578,924,7,37207,ORD-20240619-92353,1,599.0,1,changed_mind
6579,916,69,15152,ORD-20240619-17983,1,129.0,1,wrong_item
6580,904,94,11720,ORD-20240619-27637,1,99.0,1,not_as_described
6581,925,13,33503,ORD-20240619-90610,1,349.0,1,changed_mind
6582,909,45,42682,ORD-20240620-61283,1,799.0,1,defective_product
6583,919,95,34556,ORD-20240620-27768,2,298.0,1,wrong_item
6584,916,51,12583,ORD-20240620-30223,1,599.0,1,changed_mind
6585,930,5,45890,ORD-20240620-91179,2,2998.0,1,defective_product
6586,929,73,24724,ORD-20240620-53037,1,109.0,1,changed_mind
6587,907,14,1842,ORD-20240620-31815,1,674.1,1,defective_product
6588,905,1,33652,ORD-20240620-85130,2,2598.0,1,not_as_described
6589,925,21,20333,ORD-20240620-43734,1,329.0,1,defective_product
6590,909,37,14788,ORD-20240621-82997,1,799.0,1,defective_product
6591,910,96,47809,ORD-20240621-31356,1,189.05,1,changed_mind
6592,931,14,41291,ORD-20240621-54246,1,749.0,1,not_as_described
6593,932,89,22979,ORD-20240621-81134,1,249.0,1,changed_mind
6594,916,85,48516,ORD-20240621-47043,1,449.0,1,defective_product
6595,912,91,17947,ORD-20240621-64189,1,819.0,1,not_as_described
6596,930,51,2333,ORD-20240621-76520,2,1138.1,1,defective_product
6597,926,39,34525,ORD-20240621-91312,1,1399.0,1,not_as_described
6598,907,45,33523,ORD-20240621-66165,1,799.0,1,defective_product
6599,906,9,30985,ORD-20240621-13654,1,1299.0,1,defective_product
6600,908,92,3177,ORD-20240621-24369,1,1097.1,1,defective_product
6601,913,88,44655,ORD-20240621-72907,1,699.0,1,defective_product
6602,918,28,15405,ORD-20240622-10853,1,249.0,1,delivery_issue
6603,910,72,4494,ORD-20240622-40217,1,129.0,1,changed_mind
6604,911,36,43030,ORD-20240622-10084,1,599.0,1,changed_mind
6605,932,59,45488,ORD-20240622-77505,1,1799.0,1,changed_mind
6606,914,85,47013,ORD-20240622-55492,1,449.0,1,not_as_described
6607,932,21,42641,ORD-20240622-73042,1,329.0,1,defective_product
6608,921,69,31637,ORD-20240623-91087,1,129.0,1,wrong_item
6609,911,76,28643,ORD-20240623-13711,1,1329.0,1,delivery_issue
6610,922,2,14140,ORD-20240623-99068,1,2499.0,1,not_as_described
6611,933,38,19074,ORD-20240623-82348,1,699.0,1,defective_product
6612,917,7,25988,ORD-20240623-13143,1,599.0,1,compatibility_issue
6613,934,19,7940,ORD-20240623-61847,1,379.05,1,wrong_item
6614,929,57,46400,ORD-20240624-42371,1,1999.0,1,wrong_item
6615,917,7,7283,ORD-20240624-91459,1,599.0,1,changed_mind
6616,918,22,11432,ORD-20240624-68823,1,284.05,1,not_as_described
6617,932,68,43992,ORD-20240624-28257,1,109.0,1,changed_mind
6618,928,19,37168,ORD-20240624-56348,1,399.0,1,changed_mind
6619,922,61,47982,ORD-20240624-72129,1,949.05,1,not_as_described
6620,928,38,32744,ORD-20240624-93478,1,699.0,1,delivery_issue
6621,929,40,13416,ORD-20240624-64531,1,749.0,1,wrong_item
6622,913,18,2839,ORD-20240625-85625,1,599.0,1,changed_mind
6623,913,82,34043,ORD-20240625-96658,1,849.0,1,not_as_described
6624,934,76,41318,ORD-20240625-34412,1,1262.55,1,defective_product
6625,937,80,33369,ORD-20240626-67714,1,1099.0,1,defective_product
6626,911,86,44100,ORD-20240626-45531,1,899.0,1,defective_product
6627,935,37,25596,ORD-20240626-46152,1,799.0,1,changed_mind
6628,914,26,44468,ORD-20240627-15909,1,179.0,1,delivery_issue
6629,923,61,31765,ORD-20240627-25468,1,999.0,1,defective_product
6630,936,89,32485,ORD-20240627-54356,1,249.0,1,defective_product
6631,928,74,13454,ORD-20240627-14165,1,284.05,1,defective_product
6632,940,74,10520,ORD-20240628-37524,1,299.0,1,delivery_issue
6633,927,22,32734,ORD-20240628-28969,1,299.0,1,delivery_issue
6634,926,19,49609,ORD-20240628-40340,1,399.0,1,changed_mind
6635,913,35,44535,ORD-20240628-23944,1,699.0,1,not_as_described
6636,918,10,40667,ORD-20240628-25329,1,2799.0,1,defective_product
6637,938,90,9204,ORD-20240628-13924,1,849.0,1,defective_product
6638,921,60,25827,ORD-20240629-40304,1,1199.0,1,defective_product
6639,923,36,17235,ORD-20240629-29519,1,599.0,1,defective_product
6640,935,72,48144,ORD-20240629-97734,2,258.0,1,defective_product
6641,931,63,47375,ORD-20240629-22003,1,1359.15,1,not_as_described
6642,939,61,14505,ORD-20240629-32522,1,999.0,1,delivery_issue
6643,925,14,34536,ORD-20240630-44859,1,749.0,1,compatibility_issue
6644,940,73,40377,ORD-20240630-93703,1,109.0,1,wrong_item
6645,921,71,37416,ORD-20240630-51226,1,67.15,1,delivery_issue
6646,915,18,49992,ORD-20240630-87669,1,599.0,1,defective_product
6647,941,48,44314,ORD-20240630-27800,1,629.1,1,defective_product
6648,921,67,34917,ORD-20240701-97669,1,999.0,1,compatibility_issue
6649,940,29,24058,ORD-20240701-79141,1,999.0,1,defective_product
6650,921,67,41737,ORD-20240701-98397,1,999.0,1,wrong_item
6651,927,37,44039,ORD-20240701-78806,1,799.0,1,defective_product
6652,932,83,10438,ORD-20240701-56990,1,399.0,1,not_as_described
6653,930,34,12042,ORD-20240701-28138,1,999.0,1,not_as_described
6654,925,33,33381,ORD-20240701-43933,1,799.0,1,compatibility_issue
6655,922,73,31357,ORD-20240701-74050,1,109.0,1,defective_product
6656,935,4,15286,ORD-20240701-84033,2,698.0,1,changed_mind
6657,922,16,31981,ORD-20240701-50216,1,449.0,1,wrong_item
6658,942,95,40664,ORD-20240702-65445,1,149.0,1,wrong_item
6659,925,71,9250,ORD-20240702-71454,1,79.0,1,defective_product
6660,937,86,10514,ORD-20240702-25420,1,899.0,1,changed_mind
6661,937,87,29825,ORD-20240702-84578,1,299.0,1,wrong_item
6662,928,26,48064,ORD-20240702-19654,1,179.0,1,compatibility_issue
6663,929,7,23320,ORD-20240702-89276,1,599.0,1,not_as_described
6664,933,8,40989,ORD-20240702-76883,1,1799.0,1,changed_mind
6665,927,7,40462,ORD-20240702-40344,1,599.0,1,defective_product
6666,920,85,6602,ORD-20240702-87564,1,449.0,1,wrong_item
6667,918,21,25452,ORD-20240702-62317,1,329.0,1,wrong_item
6668,932,63,13299,ORD-20240702-83653,1,1599.0,1,compatibility_issue
6669,924,1,26099,ORD-20240702-22229,1,1299.0,1,defective_product
6670,944,58,15892,ORD-20240702-29118,1,1699.0,1,wrong_item
6671,939,72,21099,ORD-20240702-12732,1,129.0,1,changed_mind
6672,945,77,35775,ORD-20240703-42625,1,1029.0,1,defective_product
6673,936,85,6366,ORD-20240703-15003,1,449.0,1,not_as_described
6674,926,95,33224,ORD-20240703-18130,1,149.0,1,delivery_issue
6675,940,10,22059,ORD-20240703-67003,1,2659.05,1,delivery_issue
6676,933,60,25520,ORD-20240703-50083,1,1199.0,1,defective_product
6677,945,47,49818,ORD-20240703-52022,1,599.0,1,delivery_issue
6678,933,61,19057,ORD-20240703-29068,3,2997.0,1,changed_mind
6679,927,4,29729,ORD-20240703-37138,1,349.0,1,changed_mind
6680,935,89,12726,ORD-20240703-63808,1,249.0,1,defective_product
6681,934,14,47853,ORD-20240704-10767,1,749.0,1,not_as_described
6682,923,61,24826,ORD-20240704-59503,1,999.0,1,defective_product
6683,940,6,21698,ORD-20240704-57895,1,2199.0,1,changed_mind
6684,931,65,15907,ORD-20240704-31164,1,1599.0,1,changed_mind
6685,921,51,6552,ORD-20240704-55560,1,599.0,1,defective_product
6686,927,1,48600,ORD-20240704-14144,1,1299.0,1,delivery_issue
6687,944,68,23912,ORD-20240704-27702,1,109.0,1,defective_product
6688,942,94,3335,ORD-20240704-61024,2,198.0,1,delivery_issue
6689,942,59,36917,ORD-20240705-22796,1,1799.0,1,compatibility_issue
6690,941,59,30831,ORD-20240705-70865,1,1799.0,1,defective_product
6691,923,13,42555,ORD-20240705-73210,1,349.0,1,defective_product
6692,945,76,15394,ORD-20240705-27889,1,1329.0,1,wrong_item
6693,923,73,34999,ORD-20240705-84093,1,103.55,1,changed_mind
6694,945,83,36626,ORD-20240705-88354,1,399.0,1,wrong_item
6695,931,61,47761,ORD-20240705-57209,1,999.0,1,defective_product
6696,928,94,13735,ORD-20240705-44477,1,99.0,1,changed_mind
6697,933,29,38735,ORD-20240706-39753,1,999.0,1,defective_product
6698,924,2,24995,ORD-20240706-46110,1,2499.0,1,delivery_issue
6699,925,70,46849,ORD-20240706-53475,1,129.0,1,delivery_issue
6700,940,65,46781,ORD-20240706-91320,1,1599.0,1,defective_product
6701,944,88,16058,ORD-20240706-58980,1,699.0,1,compatibility_issue
6702,948,77,6654,ORD-20240706-94385,1,1029.0,1,changed_mind
6703,946,8,29975,ORD-20240706-78144,1,1799.0,1,not_as_described
6704,929,82,44659,ORD-20240706-39421,1,849.0,1,defective_product
6705,933,66,46065,ORD-20240706-37253,1,809.1,1,wrong_item
6706,943,95,17600,ORD-20240706-58792,1,149.0,1,delivery_issue
6707,936,65,45328,ORD-20240706-71876,1,1599.0,1,compatibility_issue
6708,944,69,12693,ORD-20240706-87970,1,129.0,1,not_as_described
6709,931,1,34128,ORD-20240706-75128,1,1299.0,1,defective_product
6710,927,10,17810,ORD-20240706-53339,1,2799.0,1,changed_mind
6711,938,10,34921,ORD-20240706-99269,1,2799.0,1,changed_mind
6712,925,12,13278,ORD-20240707-77484,1,809.1,1,compatibility_issue
6713,938,95,49349,ORD-20240707-18553,1,149.0,1,defective_product
6714,928,12,29282,ORD-20240707-48613,2,1708.1,1,defective_product
6715,939,73,46387,ORD-20240707-65068,1,98.1,1,delivery_issue
6716,931,14,9371,ORD-20240707-40233,1,749.0,1,changed_mind
6717,938,69,26069,ORD-20240707-50943,1,116.1,1,defective_product
6718,926,71,41692,ORD-20240707-61040,1,79.0,1,defective_product
6719,931,11,10682,ORD-20240707-82472,1,449.0,1,changed_mind
6720,930,38,22550,ORD-20240707-45238,1,664.05,1,not_as_described
6721,937,63,39303,ORD-20240708-16483,1,1519.05,1,delivery_issue
6722,949,18,27255,ORD-20240708-68177,1,599.0,1,defective_product
6723,947,97,39530,ORD-20240708-25316,1,299.0,1,compatibility_issue
6724,926,48,13648,ORD-20240708-32286,1,699.0,1,not_as_described
6725,923,63,48610,ORD-20240708-58043,1,1519.05,1,not_as_described
6726,941,41,35320,ORD-20240709-85133,1,549.0,1,wrong_item
6727,945,55,41021,ORD-20240709-66511,1,1499.0,1,defective_product
6728,937,76,25260,ORD-20240709-41828,2,2525.1,1,not_as_described
6729,947,10,36295,ORD-20240709-94038,1,2799.0,1,not_as_described
6730,946,67,6325,ORD-20240709-56075,1,999.0,1,delivery_issue
6731,934,14,10476,ORD-20240709-95215,1,749.0,1,compatibility_issue
6732,940,97,42132,ORD-20240710-81909,1,299.0,1,changed_mind
6733,943,70,48983,ORD-20240710-10123,1,129.0,1,delivery_issue
6734,927,72,2908,ORD-20240710-87850,1,129.0,1,not_as_described
6735,942,89,33524,ORD-20240710-91605,1,249.0,1,not_as_described
6736,938,79,33695,ORD-20240710-73795,1,899.0,1,wrong_item
6737,935,65,29085,ORD-20240710-57812,2,3198.0,1,delivery_issue
6738,949,17,46242,ORD-20240710-22494,1,664.05,1,defective_product
6739,946,59,38507,ORD-20240710-95099,1,1619.1,1,wrong_item
6740,949,85,41139,ORD-20240711-16145,1,426.55,1,compatibility_issue
6741,932,18,33777,ORD-20240711-65399,1,599.0,1,changed_mind
6742,940,69,38834,ORD-20240711-71230,2,258.0,1,changed_mind
6743,949,94,19566,ORD-20240711-30703,1,99.0,1,delivery_issue
6744,947,84,16493,ORD-20240711-81628,1,899.0,1,wrong_item
6745,929,23,19513,ORD-20240711-99584,1,179.0,1,defective_product
6746,935,8,18152,ORD-20240711-97862,1,1529.15,1,not_as_described
6747,927,25,40678,ORD-20240712-26321,1,199.0,1,delivery_issue
6748,928,8,12491,ORD-20240712-54032,1,1709.05,1,defective_product
6749,951,94,35912,ORD-20240712-80374,1,94.05,1,defective_product
6750,941,37,22361,ORD-20240712-20352,2,1518.1,1,not_as_described
6751,951,20,42003,ORD-20240712-63249,1,349.0,1,changed_mind
6752,933,13,39754,ORD-20240712-71685,1,349.0,1,defective_product
6753,933,66,16096,ORD-20240712-66906,1,899.0,1,not_as_described
6754,948,46,39911,ORD-20240712-35629,1,499.0,1,defective_product
6755,931,29,42700,ORD-20240713-58390,1,949.05,1,changed_mind
6756,943,97,16587,ORD-20240713-21891,1,299.0,1,delivery_issue
6757,940,71,29756,ORD-20240713-43252,1,79.0,1,changed_mind
6758,938,90,22255,ORD-20240713-90516,1,849.0,1,changed_mind
6759,942,12,7380,ORD-20240713-90755,1,899.0,1,changed_mind
6760,948,7,47608,ORD-20240713-61222,2,1198.0,1,wrong_item
6761,928,77,44774,ORD-20240713-58769,1,1029.0,1,not_as_described
6762,938,91,5845,ORD-20240714-39824,1,819.0,1,delivery_issue
6763,944,85,26833,ORD-20240714-24857,1,449.0,1,not_as_described
6764,934,17,16363,ORD-20240714-45480,2,1398.0,1,compatibility_issue
6765,945,88,11318,ORD-20240714-25259,1,699.0,1,defective_product
6766,948,97,45218,ORD-20240715-69488,1,299.0,1,not_as_described
6767,935,71,11893,ORD-20240715-29156,3,237.0,1,changed_mind
6768,942,92,16229,ORD-20240715-89304,1,1097.1,1,not_as_described
6769,941,32,18464,ORD-20240715-18608,1,854.05,1,not_as_described
6770,932,63,6756,ORD-20240715-37836,1,1599.0,1,compatibility_issue
6771,952,28,47133,ORD-20240715-42596,1,249.0,1,wrong_item
6772,931,76,22736,ORD-20240715-17320,1,1329.0,1,changed_mind
6773,952,79,35422,ORD-20240715-60852,1,899.0,1,wrong_item
6774,930,19,47297,ORD-20240715-67945,1,399.0,1,wrong_item
6775,956,13,3631,ORD-20240715-44833,1,314.1,1,delivery_issue
6776,939,97,34456,ORD-20240715-91786,2,568.1,1,changed_mind
6777,951,95,18749,ORD-20240715-35214,1,149.0,1,not_as_described
6778,951,20,6786,ORD-20240715-82771,1,349.0,1,defective_product
6779,942,65,43391,ORD-20240716-79405,1,1599.0,1,defective_product
6780,948,80,37122,ORD-20240717-62706,1,1044.05,1,wrong_item
6781,939,13,6679,ORD-20240717-69093,1,296.65,1,not_as_described
6782,960,45,2560,ORD-20240718-78422,1,799.0,1,compatibility_issue
6783,937,45,46957,ORD-20240718-48223,1,759.05,1,wrong_item
6784,944,72,22532,ORD-20240718-43749,1,129.0,1,wrong_item
6785,936,88,28220,ORD-20240718-52165,1,699.0,1,wrong_item
6786,956,61,24385,ORD-20240718-75063,1,999.0,1,wrong_item
6787,943,79,46977,ORD-20240718-43531,1,854.05,1,wrong_item
6788,949,59,37859,ORD-20240718-59627,1,1799.0,1,delivery_issue
6789,948,16,26173,ORD-20240719-21536,1,449.0,1,defective_product
6790,937,59,1210,ORD-20240719-99353,1,1799.0,1,changed_mind
6791,943,63,30101,ORD-20240719-24027,1,1519.05,1,defective_product
6792,954,15,26674,ORD-20240719-15594,1,299.0,1,changed_mind
6793,949,92,26615,ORD-20240719-10651,1,1219.0,1,not_as_described
6794,954,80,27775,ORD-20240719-26938,1,1099.0,1,wrong_item
6795,942,71,10603,ORD-20240720-12007,2,150.1,1,not_as_described
6796,953,80,20145,ORD-20240720-79243,1,934.15,1,wrong_item
6797,950,93,570,ORD-20240720-67719,1,59.0,1,changed_mind
6798,947,59,3620,ORD-20240720-25921,1,1799.0,1,changed_mind
6799,961,91,43321,ORD-20240720-59009,1,819.0,1,compatibility_issue
6800,946,67,32445,ORD-20240721-76872,1,999.0,1,wrong_item
6801,959,30,21913,ORD-20240721-62840,1,1299.0,1,compatibility_issue
6802,937,93,4400,ORD-20240722-88470,1,59.0,1,not_as_described
6803,945,3,29418,ORD-20240722-50908,1,499.0,1,changed_mind
6804,962,14,49007,ORD-20240722-94461,1,749.0,1,not_as_described
6805,954,77,33554,ORD-20240722-23429,1,1029.0,1,changed_mind
6806,940,48,46177,ORD-20240722-41373,1,699.0,1,defective_product
6807,953,8,8483,ORD-20240722-76350,1,1619.1,1,wrong_item
6808,939,33,331,ORD-20240723-40815,1,799.0,1,changed_mind
6809,941,97,33330,ORD-20240723-59245,2,538.2,1,changed_mind
6810,959,61,48783,ORD-20240723-10399,1,949.05,1,not_as_described
6811,964,37,45145,ORD-20240723-83637,1,799.0,1,defective_product
6812,963,97,41231,ORD-20240724-94992,1,299.0,1,delivery_issue
6813,958,95,28300,ORD-20240724-60541,1,149.0,1,changed_mind
6814,944,85,33749,ORD-20240724-26834,1,449.0,1,changed_mind
6815,957,9,1404,ORD-20240724-24979,2,2598.0,1,defective_product
6816,952,17,35464,ORD-20240724-81153,1,699.0,1,delivery_issue
6817,958,84,10717,ORD-20240725-68604,1,899.0,1,defective_product
6818,959,1,39443,ORD-20240725-24956,1,1299.0,1,changed_mind
6819,960,3,30173,ORD-20240725-14317,1,499.0,1,defective_product
6820,959,14,39976,ORD-20240725-89504,1,749.0,1,compatibility_issue
6821,950,79,6560,ORD-20240726-59631,1,899.0,1,compatibility_issue
6822,951,63,10475,ORD-20240726-83665,1,1599.0,1,delivery_issue
6823,955,26,1999,ORD-20240726-60036,1,179.0,1,defective_product
6824,949,38,14834,ORD-20240726-45995,3,2097.0,1,changed_mind
6825,956,6,39177,ORD-20240726-39165,1,2089.05,1,wrong_item
6826,942,25,21276,ORD-20240726-24624,1,199.0,1,defective_product
6827,944,78,7244,ORD-20240727-86343,1,1349.0,1,defective_product
6828,952,72,46457,ORD-20240727-88020,1,116.1,1,changed_mind
6829,949,66,26695,ORD-20240727-32910,1,899.0,1,wrong_item
6830,953,61,22710,ORD-20240727-77869,1,999.0,1,delivery_issue
6831,958,72,41255,ORD-20240727-69330,1,122.55,1,wrong_item
6832,954,29,43709,ORD-20240727-69563,1,999.0,1,delivery_issue
6833,966,95,49815,ORD-20240727-36563,2,298.0,1,delivery_issue
6834,953,85,37937,ORD-20240728-10874,1,449.0,1,wrong_item
6835,968,51,4220,ORD-20240728-90605,1,599.0,1,wrong_item
6836,952,16,49007,ORD-20240728-51901,1,449.0,1,compatibility_issue
6837,968,10,49027,ORD-20240728-51059,1,2799.0,1,defective_product
6838,944,52,49030,ORD-20240728-69585,1,349.0,1,defective_product
6839,950,1,13548,ORD-20240728-51493,1,1234.05,1,defective_product
6840,951,4,3762,ORD-20240728-32285,1,349.0,1,compatibility_issue
6841,951,74,42209,ORD-20240728-20454,1,299.0,1,not_as_described
6842,956,34,8477,ORD-20240729-95674,1,999.0,1,delivery_issue
6843,948,58,14872,ORD-20240729-63056,1,1699.0,1,changed_mind
6844,970,74,11854,ORD-20240729-88534,1,299.0,1,compatibility_issue
6845,968,92,4904,ORD-20240729-65797,1,1097.1,1,defective_product
6846,965,65,41424,ORD-20240730-13468,1,1599.0,1,delivery_issue
6847,951,23,1563,ORD-20240730-27091,1,179.0,1,delivery_issue
6848,949,92,6186,ORD-20240730-15389,1,1219.0,1,changed_mind
6849,958,59,23602,ORD-20240730-54829,1,1799.0,1,changed_mind
6850,963,71,49023,ORD-20240730-96928,2,150.1,1,delivery_issue
6851,957,61,4666,ORD-20240731-70462,1,899.1,1,delivery_issue
6852,950,49,16262,ORD-20240731-78938,1,499.0,1,changed_mind
6853,956,79,42756,ORD-20240731-27410,1,899.0,1,changed_mind
6854,967,82,23985,ORD-20240731-86758,1,849.0,1,not_as_described
6855,952,94,2304,ORD-20240731-41724,2,198.0,1,defective_product
6856,961,17,38325,ORD-20240801-99572,1,699.0,1,delivery_issue
6857,950,85,5006,ORD-20240801-89488,1,404.1,1,not_as_described
6858,952,94,40426,ORD-20240801-82939,1,99.0,1,defective_product
6859,963,93,31468,ORD-20240801-55518,1,59.0,1,wrong_item
6860,949,26,30298,ORD-20240801-39637,1,170.05,1,delivery_issue
6861,960,13,668,ORD-20240802-66479,1,331.55,1,changed_mind
6862,976,10,38990,ORD-20240803-35604,1,2799.0,1,delivery_issue
6863,966,47,36765,ORD-20240803-73916,1,539.1,1,changed_mind
6864,964,12,27994,ORD-20240803-24731,1,899.0,1,changed_mind
6865,950,19,33101,ORD-20240803-23479,2,718.2,1,wrong_item
6866,956,38,28406,ORD-20240804-97130,3,2097.0,1,compatibility_issue
6867,977,67,33270,ORD-20240804-37245,1,999.0,1,compatibility_issue
6868,967,77,47222,ORD-20240804-66234,1,1029.0,1,defective_product
6869,956,64,22142,ORD-20240804-30924,1,629.1,1,changed_mind
6870,965,21,10894,ORD-20240804-60602,1,329.0,1,not_as_described
6871,973,47,15383,ORD-20240804-25500,1,599.0,1,defective_product
6872,975,26,46269,ORD-20240805-84562,1,179.0,1,not_as_described
6873,966,92,33359,ORD-20240805-14804,1,1219.0,1,not_as_described
6874,962,25,39155,ORD-20240805-76495,1,189.05,1,delivery_issue
6875,960,25,32691,ORD-20240806-62065,1,189.05,1,changed_mind
6876,969,60,1977,ORD-20240806-16071,1,1199.0,1,delivery_issue
6877,974,81,49300,ORD-20240806-96851,1,799.0,1,wrong_item
6878,969,19,12605,ORD-20240806-55484,2,798.0,1,wrong_item
6879,956,4,13379,ORD-20240807-34930,1,349.0,1,delivery_issue
6880,962,93,14611,ORD-20240807-16978,1,59.0,1,delivery_issue
6881,955,24,14853,ORD-20240807-20424,1,279.0,1,not_as_described
6882,960,35,48732,ORD-20240807-29068,1,594.15,1,delivery_issue
6883,962,12,23309,ORD-20240807-78274,1,899.0,1,defective_product
6884,967,32,19708,ORD-20240807-43604,1,854.05,1,wrong_item
6885,961,76,7401,ORD-20240808-80557,1,1329.0,1,not_as_described
6886,975,21,22450,ORD-20240808-88471,1,329.0,1,compatibility_issue
6887,956,94,39577,ORD-20240808-66361,1,99.0,1,defective_product
6888,979,27,49841,ORD-20240808-80730,2,298.0,1,wrong_item
6889,960,3,47993,ORD-20240808-29137,1,499.0,1,not_as_described
6890,980,43,12541,ORD-20240808-20339,1,1499.0,1,changed_mind
6891,981,17,18537,ORD-20240809-86073,1,699.0,1,not_as_described
6892,956,73,40893,ORD-20240809-33410,2,218.0,1,compatibility_issue
6893,977,63,40614,ORD-20240809-82383,1,1519.05,1,changed_mind
6894,975,79,37839,ORD-20240809-49722,1,899.0,1,not_as_described
6895,962,58,43948,ORD-20240809-67295,1,1699.0,1,defective_product
6896,962,73,572,ORD-20240809-23145,1,98.1,1,compatibility_issue
6897,977,69,34322,ORD-20240809-56758,1,122.55,1,defective_product
6898,956,77,29371,ORD-20240809-21585,1,977.55,1,defective_product
6899,961,65,19747,ORD-20240809-99765,1,1599.0,1,defective_product
6900,963,85,37368,ORD-20240810-21411,1,449.0,1,wrong_item
6901,983,85,1201,ORD-20240810-18635,1,404.1,1,compatibility_issue
6902,969,76,46092,ORD-20240810-83236,2,2658.0,1,delivery_issue
6903,979,36,30917,ORD-20240810-69656,1,569.05,1,changed_mind
6904,977,59,237,ORD-20240810-46138,1,1799.0,1,compatibility_issue
6905,981,92,9313,ORD-20240810-87798,1,1219.0,1,wrong_item
6906,972,85,16466,ORD-20240810-79096,1,449.0,1,wrong_item
6907,974,18,8481,ORD-20240811-45387,1,599.0,1,not_as_described
6908,965,45,12820,ORD-20240811-16364,2,1598.0,1,delivery_issue
6909,977,82,12963,ORD-20240811-79697,1,849.0,1,defective_product
6910,978,21,19,ORD-20240811-46591,1,329.0,1,changed_mind
6911,981,65,47880,ORD-20240811-47799,1,1599.0,1,changed_mind
6912,976,73,44214,ORD-20240811-59130,1,103.55,1,defective_product
6913,973,38,10695,ORD-20240811-22438,1,699.0,1,defective_product
6914,965,30,35966,ORD-20240811-18296,1,1299.0,1,not_as_described
6915,980,29,15322,ORD-20240812-92099,1,999.0,1,defective_product
6916,974,89,40506,ORD-20240812-26802,1,249.0,1,defective_product
6917,985,56,33746,ORD-20240812-29125,3,6267.15,1,wrong_item
6918,982,79,20169,ORD-20240812-33624,1,899.0,1,changed_mind
6919,974,17,7180,ORD-20240813-31348,1,699.0,1,changed_mind
6920,985,26,21709,ORD-20240813-51208,1,179.0,1,delivery_issue
6921,970,69,46124,ORD-20240813-65314,1,129.0,1,defective_product
6922,971,4,5856,ORD-20240814-32981,1,349.0,1,delivery_issue
6923,971,17,48134,ORD-20240814-84533,1,699.0,1,defective_product
6924,963,94,24259,ORD-20240814-58245,1,99.0,1,wrong_item
6925,971,8,245,ORD-20240814-60230,1,1799.0,1,changed_mind
6926,982,76,14349,ORD-20240814-91047,1,1329.0,1,delivery_issue
6927,982,5,41303,ORD-20240814-37905,1,1499.0,1,defective_product
6928,972,76,43447,ORD-20240814-47002,1,1262.55,1,defective_product
6929,976,71,8517,ORD-20240815-20417,1,79.0,1,defective_product
6930,987,71,31109,ORD-20240815-26797,1,71.1,1,not_as_described
6931,980,59,35600,ORD-20240815-86423,1,1799.0,1,compatibility_issue
6932,972,18,46321,ORD-20240815-65404,1,599.0,1,not_as_described
6933,975,92,22690,ORD-20240816-94046,1,1219.0,1,not_as_described
6934,978,73,41439,ORD-20240816-16334,1,109.0,1,not_as_described
6935,975,14,34507,ORD-20240816-63464,1,749.0,1,defective_product
6936,978,26,30073,ORD-20240817-29660,1,179.0,1,not_as_described
6937,989,60,39298,ORD-20240817-83250,1,1199.0,1,not_as_described
6938,980,90,19249,ORD-20240817-91586,1,849.0,1,wrong_item
6939,967,21,49924,ORD-20240817-49139,1,312.55,1,changed_mind
6940,971,67,44302,ORD-20240817-39872,1,999.0,1,wrong_item
6941,966,26,28707,ORD-20240817-58948,1,179.0,1,not_as_described
6942,973,2,45083,ORD-20240818-79472,1,2374.05,1,defective_product
6943,990,6,37720,ORD-20240818-30493,1,2199.0,1,delivery_issue
6944,988,1,37670,ORD-20240818-54253,1,1299.0,1,defective_product
6945,986,76,16689,ORD-20240818-26207,1,1262.55,1,not_as_described
6946,980,84,2613,ORD-20240818-79901,2,1708.1,1,changed_mind
6947,982,35,45231,ORD-20240818-84460,1,699.0,1,defective_product
6948,989,53,36724,ORD-20240818-28148,1,141.55,1,defective_product
6949,981,67,38027,ORD-20240818-44775,1,999.0,1,defective_product
6950,982,65,44055,ORD-20240818-69205,1,1359.15,1,delivery_issue
6951,983,12,20587,ORD-20240819-73669,1,899.0,1,not_as_described
6952,980,94,49358,ORD-20240819-36264,2,198.0,1,not_as_described
6953,991,71,34834,ORD-20240819-98139,1,79.0,1,defective_product
6954,978,64,35759,ORD-20240820-31725,1,699.0,1,compatibility_issue
6955,972,92,509,ORD-20240820-42315,1,1219.0,1,compatibility_issue
6956,983,67,47982,ORD-20240820-89976,1,999.0,1,not_as_described
6957,985,40,29705,ORD-20240820-33921,1,749.0,1,defective_product
6958,969,11,25992,ORD-20240820-57822,1,404.1,1,wrong_item
6959,991,32,9199,ORD-20240820-51271,1,899.0,1,defective_product
6960,992,11,37629,ORD-20240821-58953,1,404.1,1,not_as_described
6961,988,95,6139,ORD-20240821-28386,1,149.0,1,wrong_item
6962,984,87,44541,ORD-20240821-98233,1,284.05,1,defective_product
6963,971,91,40630,ORD-20240821-55102,1,778.05,1,wrong_item
6964,979,31,12127,ORD-20240821-46892,1,1099.0,1,changed_mind
6965,984,95,2024,ORD-20240822-85265,1,149.0,1,defective_product
6966,990,94,14844,ORD-20240822-91692,1,94.05,1,not_as_described
6967,984,85,9616,ORD-20240822-33980,1,426.55,1,wrong_item
6968,985,74,39173,ORD-20240822-79914,1,299.0,1,defective_product
6969,993,11,25420,ORD-20240822-51569,1,449.0,1,delivery_issue
6970,972,10,4114,ORD-20240823-76428,1,2799.0,1,not_as_described
6971,982,46,39752,ORD-20240823-85825,1,499.0,1,changed_mind
6972,994,76,35870,ORD-20240823-71867,1,1329.0,1,changed_mind
6973,991,91,11209,ORD-20240824-24667,1,819.0,1,defective_product
6974,985,7,21236,ORD-20240824-96950,1,599.0,1,compatibility_issue
6975,976,83,14276,ORD-20240824-62856,1,399.0,1,compatibility_issue
6976,995,2,20061,ORD-20240824-83260,1,2499.0,1,not_as_described
6977,979,85,30921,ORD-20240824-95583,2,898.0,1,changed_mind
6978,997,79,19747,ORD-20240824-88321,1,899.0,1,not_as_described
6979,970,67,22076,ORD-20240824-34832,1,999.0,1,delivery_issue
6980,986,93,39787,ORD-20240824-70901,1,59.0,1,wrong_item
6981,985,69,32002,ORD-20240824-39021,2,258.0,1,defective_product
6982,991,4,35774,ORD-20240824-48821,1,331.55,1,wrong_item
6983,985,55,47520,ORD-20240825-75224,1,1424.05,1,compatibility_issue
6984,984,14,3736,ORD-20240825-34809,1,749.0,1,delivery_issue
6985,973,73,42964,ORD-20240825-98101,1,109.0,1,defective_product
6986,979,20,7827,ORD-20240826-11780,2,698.0,1,defective_product
6987,982,93,47466,ORD-20240826-57432,1,59.0,1,defective_product
6988,983,92,34736,ORD-20240826-94635,1,1219.0,1,not_as_described
6989,984,67,13823,ORD-20240826-72367,2,1998.0,1,wrong_item
6990,991,76,27612,ORD-20240826-46610,2,2658.0,1,changed_mind
6991,983,35,46619,ORD-20240826-42567,1,699.0,1,compatibility_issue
6992,986,10,25029,ORD-20240826-26691,1,2659.05,1,not_as_described
6993,989,5,18861,ORD-20240827-90044,1,1499.0,1,changed_mind
6994,996,85,16134,ORD-20240827-52071,1,449.0,1,defective_product
6995,975,58,37624,ORD-20240828-58005,1,1699.0,1,defective_product
6996,1001,6,13933,ORD-20240828-86427,1,2199.0,1,delivery_issue
6997,998,89,2601,ORD-20240828-72538,1,224.1,1,changed_mind
6998,980,2,30849,ORD-20240828-68001,1,2249.1,1,defective_product
6999,977,87,12606,ORD-20240828-12250,1,299.0,1,defective_product
7000,999,2,11455,ORD-20240828-23024,1,2499.0,1,wrong_item
7001,998,72,30558,ORD-20240828-88492,1,129.0,1,delivery_issue
7002,988,17,13987,ORD-20240829-33169,1,699.0,1,not_as_described
7003,977,66,33319,ORD-20240829-66001,1,899.0,1,defective_product
7004,1002,67,21775,ORD-20240829-59454,1,999.0,1,changed_mind
7005,979,20,20538,ORD-20240829-38144,1,349.0,1,not_as_described
7006,982,69,47768,ORD-20240830-63047,1,116.1,1,defective_product
7007,979,94,49789,ORD-20240830-39539,1,89.1,1,defective_product
7008,997,91,26575,ORD-20240830-82070,1,737.1,1,defective_product
7009,984,7,18960,ORD-20240831-80522,1,599.0,1,defective_product
7010,998,81,22778,ORD-20240831-62464,1,799.0,1,wrong_item
7011,998,27,8181,ORD-20240831-19604,1,149.0,1,defective_product
7012,987,21,27576,ORD-20240831-35791,1,329.0,1,defective_product
7013,1004,97,6916,ORD-20240831-23270,1,299.0,1,not_as_described
7014,997,56,38097,ORD-20240831-80594,1,2199.0,1,defective_product
7015,992,50,1055,ORD-20240901-60335,3,2247.0,1,compatibility_issue
7016,1000,59,7985,ORD-20240901-95910,1,1799.0,1,changed_mind
7017,984,91,30679,ORD-20240901-66484,1,819.0,1,defective_product
7018,980,91,43751,ORD-20240901-27196,1,819.0,1,compatibility_issue
7019,980,1,43451,ORD-20240901-29397,2,2598.0,1,defective_product
7020,1006,69,3631,ORD-20240902-71664,1,129.0,1,changed_mind
7021,1004,7,29758,ORD-20240902-16593,1,569.05,1,changed_mind
7022,996,23,5562,ORD-20240902-69519,1,179.0,1,wrong_item
7023,999,18,18948,ORD-20240903-20985,1,599.0,1,delivery_issue
7024,989,60,28888,ORD-20240903-63769,1,1199.0,1,compatibility_issue
7025,993,26,12294,ORD-20240903-74492,2,340.1,1,not_as_described
7026,1005,80,18266,ORD-20240903-15991,1,1099.0,1,not_as_described
7027,1000,76,19258,ORD-20240903-51135,1,1329.0,1,not_as_described
7028,1003,21,21354,ORD-20240903-77401,2,658.0,1,not_as_described
7029,980,72,32637,ORD-20240903-50214,1,129.0,1,not_as_described
7030,993,72,133,ORD-20240903-66457,1,129.0,1,not_as_described
7031,998,64,29892,ORD-20240903-51925,2,1398.0,1,defective_product
7032,1003,76,12909,ORD-20240903-15135,1,1196.1,1,changed_mind
7033,1005,29,613,ORD-20240903-71810,1,999.0,1,delivery_issue
7034,981,26,14255,ORD-20240904-66249,1,179.0,1,changed_mind
7035,982,76,8492,ORD-20240904-41230,1,1329.0,1,compatibility_issue
7036,986,68,25168,ORD-20240904-27613,1,109.0,1,defective_product
7037,984,89,8675,ORD-20240904-33492,3,747.0,1,delivery_issue
7038,985,73,37054,ORD-20240904-38287,1,103.55,1,wrong_item
7039,992,69,39038,ORD-20240904-49183,1,116.1,1,changed_mind
7040,996,48,31054,ORD-20240905-55646,1,699.0,1,wrong_item
7041,1004,80,258,ORD-20240905-92940,1,1044.05,1,wrong_item
7042,985,85,34003,ORD-20240905-64394,1,449.0,1,compatibility_issue
7043,999,85,26239,ORD-20240905-52483,1,449.0,1,delivery_issue
7044,1000,61,9036,ORD-20240906-52386,1,999.0,1,not_as_described
7045,989,53,18791,ORD-20240906-30239,1,149.0,1,defective_product
7046,996,71,34659,ORD-20240906-49787,2,158.0,1,not_as_described
7047,1004,94,28097,ORD-20240906-33081,1,99.0,1,compatibility_issue
7048,1005,42,47575,ORD-20240906-45683,1,1199.0,1,delivery_issue
7049,998,85,3252,ORD-20240906-95671,1,449.0,1,changed_mind
7050,995,65,23198,ORD-20240906-22118,1,1599.0,1,changed_mind
7051,1001,66,30107,ORD-20240906-72397,1,899.0,1,changed_mind
7052,993,1,11332,ORD-20240906-58153,1,1169.1,1,delivery_issue
7053,988,66,9696,ORD-20240906-63130,1,899.0,1,delivery_issue
7054,1005,1,15098,ORD-20240907-62824,2,2598.0,1,defective_product
7055,993,82,14452,ORD-20240907-37362,1,849.0,1,wrong_item
7056,999,53,17464,ORD-20240907-33514,1,149.0,1,changed_mind
7057,985,94,19443,ORD-20240907-33616,1,99.0,1,not_as_described
7058,989,68,19128,ORD-20240907-99665,1,109.0,1,defective_product
7059,1009,76,21885,ORD-20240907-44006,1,1329.0,1,delivery_issue
7060,998,5,40952,ORD-20240907-92633,1,1499.0,1,compatibility_issue
7061,1003,19,46320,ORD-20240907-83613,1,399.0,1,defective_product
7062,1003,97,996,ORD-20240907-86189,1,299.0,1,defective_product
7063,984,7,49926,ORD-20240907-14116,1,599.0,1,not_as_described
7064,999,26,46727,ORD-20240908-51002,1,179.0,1,changed_mind
7065,1012,91,37818,ORD-20240908-23688,1,778.05,1,defective_product
7066,1001,6,18795,ORD-20240908-62300,1,2199.0,1,changed_mind
7067,994,58,428,ORD-20240908-47626,1,1699.0,1,defective_product
7068,1006,22,9761,ORD-20240908-71653,2,568.1,1,defective_product
7069,1007,31,36137,ORD-20240908-96442,1,1099.0,1,wrong_item
7070,995,77,4139,ORD-20240909-40839,1,1029.0,1,not_as_described
7071,989,92,33429,ORD-20240909-59071,1,1219.0,1,delivery_issue
7072,1013,59,23891,ORD-20240910-49566,1,1799.0,1,not_as_described
7073,990,76,11027,ORD-20240910-89523,1,1329.0,1,not_as_described
7074,987,14,24218,ORD-20240910-61140,1,749.0,1,defective_product
7075,997,10,26211,ORD-20240911-46296,1,2799.0,1,not_as_described
7076,992,69,20326,ORD-20240911-44571,1,129.0,1,delivery_issue
7077,1005,56,17965,ORD-20240911-86346,1,2199.0,1,not_as_described
7078,997,95,45250,ORD-20240911-65570,1,134.1,1,delivery_issue
7079,1010,73,46818,ORD-20240911-68871,1,109.0,1,changed_mind
7080,1007,67,11721,ORD-20240911-44822,1,999.0,1,wrong_item
7081,1002,93,6584,ORD-20240911-98317,1,59.0,1,defective_product
7082,1006,25,8067,ORD-20240911-88881,1,199.0,1,not_as_described
7083,999,94,22844,ORD-20240911-84304,1,99.0,1,wrong_item
7084,1010,21,19470,ORD-20240911-75387,2,658.0,1,changed_mind
7085,1012,90,36091,ORD-20240911-43723,1,849.0,1,defective_product
7086,988,61,44376,ORD-20240911-67296,1,999.0,1,compatibility_issue
7087,1006,1,9636,ORD-20240912-22403,1,1299.0,1,delivery_issue
7088,1002,73,7018,ORD-20240912-81872,1,109.0,1,defective_product
7089,991,71,22495,ORD-20240912-40179,1,79.0,1,defective_product
7090,1007,19,46747,ORD-20240912-82592,1,399.0,1,delivery_issue
7091,1016,72,21540,ORD-20240913-82830,1,122.55,1,defective_product
7092,995,59,13182,ORD-20240913-64608,1,1799.0,1,compatibility_issue
7093,1001,85,45888,ORD-20240913-92395,1,449.0,1,delivery_issue
7094,1016,23,29931,ORD-20240913-16710,1,179.0,1,delivery_issue
7095,1017,95,41408,ORD-20240913-18897,1,141.55,1,defective_product
7096,990,79,16657,ORD-20240913-87666,1,854.05,1,defective_product
7097,992,6,10716,ORD-20240913-51536,2,4398.0,1,changed_mind
7098,997,77,32316,ORD-20240914-49688,1,1029.0,1,not_as_described
7099,1016,93,16038,ORD-20240914-68780,1,56.05,1,delivery_issue
7100,1012,68,6502,ORD-20240914-50566,1,109.0,1,not_as_described
7101,995,92,37301,ORD-20240914-94016,1,1219.0,1,changed_mind
7102,1007,10,41999,ORD-20240914-72462,2,5598.0,1,wrong_item
7103,1014,72,15601,ORD-20240914-55019,1,129.0,1,defective_product
7104,991,20,12460,ORD-20240914-10218,1,331.55,1,not_as_described
7105,992,10,5123,ORD-20240914-22701,1,2799.0,1,compatibility_issue
7106,1017,61,26705,ORD-20240915-28068,1,999.0,1,delivery_issue
7107,1009,74,16092,ORD-20240915-70938,1,299.0,1,changed_mind
7108,996,83,40654,ORD-20240915-66013,1,399.0,1,wrong_item
7109,1004,25,40918,ORD-20240915-69347,1,199.0,1,defective_product
7110,993,72,1642,ORD-20240915-91147,2,258.0,1,changed_mind
7111,1016,8,47368,ORD-20240915-39637,1,1799.0,1,not_as_described
7112,1017,73,35249,ORD-20240915-93805,1,109.0,1,not_as_described
7113,994,66,42205,ORD-20240915-37849,2,1798.0,1,not_as_described
7114,995,5,4413,ORD-20240915-32370,2,2998.0,1,defective_product
7115,1019,94,28641,ORD-20240915-79568,1,99.0,1,changed_mind
7116,1002,35,2485,ORD-20240915-75660,2,1398.0,1,delivery_issue
7117,994,34,22482,ORD-20240915-52321,1,999.0,1,not_as_described
7118,1011,17,38893,ORD-20240916-31941,1,699.0,1,compatibility_issue
7119,1007,82,8867,ORD-20240916-42745,1,849.0,1,changed_mind
7120,1016,59,49098,ORD-20240916-50459,1,1799.0,1,wrong_item
7121,1003,25,27096,ORD-20240916-39740,1,199.0,1,not_as_described
7122,995,7,8571,ORD-20240916-64981,1,599.0,1,changed_mind
7123,1013,64,34128,ORD-20240917-36219,3,1887.3,1,changed_mind
7124,1002,6,38873,ORD-20240917-72432,1,2199.0,1,delivery_issue
7125,1011,24,5387,ORD-20240917-70589,1,279.0,1,delivery_issue
7126,1000,92,38568,ORD-20240917-79796,1,1219.0,1,not_as_described
7127,997,83,17511,ORD-20240917-61626,1,399.0,1,delivery_issue
7128,1010,56,28612,ORD-20240917-17075,1,1869.15,1,wrong_item
7129,1004,85,35400,ORD-20240917-54762,1,449.0,1,not_as_described
7130,999,67,34432,ORD-20240917-68880,1,999.0,1,changed_mind
7131,1013,34,22699,ORD-20240917-10221,1,949.05,1,delivery_issue
7132,1005,71,48113,ORD-20240918-86864,1,79.0,1,wrong_item
7133,1003,20,7151,ORD-20240918-19015,1,331.55,1,delivery_issue
7134,1008,39,25602,ORD-20240918-75168,1,1399.0,1,defective_product
7135,1017,74,20864,ORD-20240918-97766,2,568.1,1,changed_mind
7136,1005,94,44346,ORD-20240918-25767,1,99.0,1,changed_mind
7137,1016,72,3551,ORD-20240919-98987,2,258.0,1,not_as_described
7138,996,87,10456,ORD-20240919-25481,1,254.15,1,delivery_issue
7139,1022,72,8494,ORD-20240919-11117,1,129.0,1,wrong_item
7140,998,85,25534,ORD-20240919-47910,1,426.55,1,wrong_item
7141,998,25,47835,ORD-20240920-60587,1,199.0,1,defective_product
7142,1003,82,40949,ORD-20240920-14485,1,849.0,1,wrong_item
7143,1010,59,25802,ORD-20240920-42073,1,1799.0,1,defective_product
7144,1017,55,9978,ORD-20240920-21131,1,1424.05,1,defective_product
7145,1002,95,4090,ORD-20240920-21724,1,149.0,1,defective_product
7146,1017,35,38909,ORD-20240920-11932,1,699.0,1,defective_product
7147,1013,55,2985,ORD-20240920-46372,1,1499.0,1,delivery_issue
7148,1010,29,36079,ORD-20240920-66113,2,1898.1,1,defective_product
7149,1024,35,19480,ORD-20240920-50285,1,699.0,1,not_as_described
7150,1018,6,25339,ORD-20240920-76764,1,2199.0,1,changed_mind
7151,1004,73,21255,ORD-20240921-57423,1,109.0,1,wrong_item
7152,1002,82,49818,ORD-20240921-19259,1,849.0,1,wrong_item
7153,1016,93,42317,ORD-20240921-88642,2,118.0,1,wrong_item
7154,1000,29,35912,ORD-20240921-77418,1,999.0,1,defective_product
7155,1024,1,49455,ORD-20240921-59816,1,1299.0,1,delivery_issue
7156,1001,19,21663,ORD-20240921-31795,1,399.0,1,changed_mind
7157,1006,79,40100,ORD-20240921-45247,1,899.0,1,defective_product
7158,1023,21,27049,ORD-20240922-19836,1,329.0,1,not_as_described
7159,1022,34,37234,ORD-20240922-61608,1,999.0,1,delivery_issue
7160,1023,5,4070,ORD-20240922-68548,1,1499.0,1,changed_mind
7161,1011,60,23811,ORD-20240922-67215,1,1199.0,1,compatibility_issue
7162,1015,45,37436,ORD-20240922-70333,2,1518.1,1,defective_product
7163,1002,78,48283,ORD-20240922-87371,1,1349.0,1,changed_mind
7164,1006,66,26686,ORD-20240923-35487,1,899.0,1,changed_mind
7165,1022,82,44858,ORD-20240923-90311,2,1698.0,1,compatibility_issue
7166,1022,10,30564,ORD-20240923-53140,1,2799.0,1,delivery_issue
7167,1001,89,6277,ORD-20240923-49465,1,249.0,1,not_as_described
7168,1018,45,2825,ORD-20240923-11070,1,679.15,1,changed_mind
7169,1003,70,17380,ORD-20240923-82934,1,129.0,1,changed_mind
7170,1007,72,38811,ORD-20240923-17030,1,129.0,1,delivery_issue
7171,1022,24,8200,ORD-20240923-24365,1,279.0,1,changed_mind
7172,1019,4,28118,ORD-20240923-39579,1,349.0,1,delivery_issue
7173,1002,71,42860,ORD-20240924-83689,1,71.1,1,not_as_described
7174,1026,87,45591,ORD-20240924-16379,1,299.0,1,delivery_issue
7175,1028,92,738,ORD-20240924-12535,1,1219.0,1,not_as_described
7176,1001,65,8157,ORD-20240924-82271,1,1439.1,1,wrong_item
7177,1016,94,27571,ORD-20240924-41247,1,99.0,1,defective_product
7178,1003,76,17515,ORD-20240924-84043,1,1262.55,1,changed_mind
7179,1002,65,39689,ORD-20240924-10681,1,1599.0,1,delivery_issue
7180,1021,65,31104,ORD-20240925-53662,1,1599.0,1,wrong_item
7181,1009,16,41217,ORD-20240925-70738,1,449.0,1,changed_mind
7182,1005,93,30947,ORD-20240925-74946,1,59.0,1,changed_mind
7183,1017,5,13299,ORD-20240925-35976,1,1499.0,1,defective_product
7184,1007,61,16617,ORD-20240925-61327,1,999.0,1,delivery_issue
7185,1002,73,46635,ORD-20240925-32701,1,109.0,1,changed_mind
7186,1015,80,18501,ORD-20240925-36991,1,1099.0,1,compatibility_issue
7187,1010,88,7627,ORD-20240925-16563,1,699.0,1,not_as_described
7188,1011,61,14816,ORD-20240925-39676,1,999.0,1,delivery_issue
7189,1008,82,27994,ORD-20240925-16335,1,849.0,1,compatibility_issue
7190,1015,69,11879,ORD-20240926-75065,1,129.0,1,defective_product
7191,1012,19,33399,ORD-20240926-44043,2,798.0,1,defective_product
7192,1030,93,34274,ORD-20240926-11977,1,59.0,1,defective_product
7193,1019,65,10709,ORD-20240926-86002,1,1599.0,1,not_as_described
7194,1009,84,18146,ORD-20240926-48336,1,764.15,1,compatibility_issue
7195,1011,16,14436,ORD-20240927-79047,1,449.0,1,compatibility_issue
7196,1016,74,13574,ORD-20240927-81602,1,299.0,1,changed_mind
7197,1024,84,34262,ORD-20240927-74248,1,899.0,1,changed_mind
7198,1020,13,10512,ORD-20240927-43030,1,349.0,1,delivery_issue
7199,1008,92,42931,ORD-20240927-80793,1,1219.0,1,wrong_item
7200,1007,93,41265,ORD-20240927-26767,1,53.1,1,changed_mind
7201,1030,12,15184,ORD-20240927-82553,1,899.0,1,delivery_issue
7202,1029,20,46207,ORD-20240927-43151,1,349.0,1,not_as_described
7203,1012,91,35271,ORD-20240927-22112,1,819.0,1,compatibility_issue
7204,1021,97,7528,ORD-20240928-73070,1,299.0,1,delivery_issue
7205,1018,81,14285,ORD-20240928-23947,1,799.0,1,not_as_described
7206,1023,38,27947,ORD-20240928-62308,1,699.0,1,delivery_issue
7207,1006,69,3084,ORD-20240928-49212,1,122.55,1,defective_product
7208,1025,76,39658,ORD-20240928-53417,1,1129.65,1,not_as_described
7209,1024,80,40710,ORD-20240928-45599,1,1099.0,1,defective_product
7210,1017,4,44824,ORD-20240928-28405,1,349.0,1,defective_product
7211,1015,64,19017,ORD-20240928-43325,1,699.0,1,delivery_issue
7212,1029,76,19882,ORD-20240928-41390,1,1329.0,1,wrong_item
7213,1021,50,22694,ORD-20240928-63934,1,749.0,1,delivery_issue
7214,1022,13,12439,ORD-20240928-14585,1,349.0,1,delivery_issue
7215,1027,80,2690,ORD-20240929-90215,1,1099.0,1,not_as_described
7216,1026,16,45028,ORD-20240929-53337,1,449.0,1,defective_product
7217,1009,79,4227,ORD-20240929-97963,2,1708.1,1,not_as_described
7218,1031,18,17302,ORD-20240929-97362,1,599.0,1,defective_product
7219,1020,17,7096,ORD-20240929-46795,1,699.0,1,defective_product
7220,1009,24,46378,ORD-20240929-76117,1,279.0,1,defective_product
7221,1033,72,37318,ORD-20240929-80300,1,129.0,1,defective_product
7222,1026,17,43554,ORD-20240929-75385,1,699.0,1,compatibility_issue
7223,1032,10,4522,ORD-20240929-61366,1,2799.0,1,delivery_issue
7224,1030,93,5502,ORD-20240929-66326,1,59.0,1,changed_mind
7225,1019,1,33894,ORD-20240930-26691,1,1169.1,1,compatibility_issue
7226,1015,14,6752,ORD-20240930-55508,1,749.0,1,defective_product
7227,1011,18,46552,ORD-20240930-64459,1,569.05,1,defective_product
7228,1032,59,33879,ORD-20240930-68614,1,1799.0,1,not_as_described
7229,1022,85,3729,ORD-20240930-73800,1,449.0,1,not_as_described
7230,1017,6,41113,ORD-20240930-13307,1,2199.0,1,changed_mind
7231,1029,14,33743,ORD-20240930-35167,1,749.0,1,defective_product
7232,1014,81,9124,ORD-20240930-86175,1,799.0,1,compatibility_issue
7233,1008,21,43334,ORD-20240930-59349,1,329.0,1,wrong_item
7234,1020,11,15445,ORD-20241001-66421,1,449.0,1,not_as_described
7235,1014,84,19935,ORD-20241001-80649,1,854.05,1,not_as_described
7236,1027,88,49163,ORD-20241001-36886,1,699.0,1,delivery_issue
7237,1009,1,39582,ORD-20241001-79049,1,1299.0,1,not_as_described
7238,1034,85,40116,ORD-20241002-41500,1,449.0,1,compatibility_issue
7239,1022,18,25207,ORD-20241002-55406,2,1198.0,1,wrong_item
7240,1033,4,16836,ORD-20241002-46650,1,349.0,1,not_as_described
7241,1031,92,37725,ORD-20241002-66402,1,1219.0,1,defective_product
7242,1029,37,48789,ORD-20241002-76775,1,759.05,1,compatibility_issue
7243,1014,27,11897,ORD-20241002-32094,2,298.0,1,changed_mind
7244,1016,94,43251,ORD-20241003-84173,1,99.0,1,defective_product
7245,1030,21,29820,ORD-20241003-56893,1,329.0,1,defective_product
7246,1025,7,23622,ORD-20241003-34469,2,1198.0,1,not_as_described
7247,1014,30,23254,ORD-20241003-27017,1,1299.0,1,changed_mind
7248,1029,4,10775,ORD-20241003-52315,1,349.0,1,not_as_described
7249,1029,21,36287,ORD-20241003-36397,1,279.65,1,delivery_issue
7250,1018,66,13833,ORD-20241004-10854,1,899.0,1,changed_mind
7251,1033,51,23926,ORD-20241004-41375,1,599.0,1,delivery_issue
7252,1025,73,33842,ORD-20241004-40319,1,109.0,1,changed_mind
7253,1015,48,19027,ORD-20241004-45517,1,664.05,1,not_as_described
7254,1023,58,46050,ORD-20241004-61226,1,1699.0,1,defective_product
7255,1022,95,8862,ORD-20241004-70840,1,149.0,1,changed_mind
7256,1027,46,44377,ORD-20241005-27084,1,499.0,1,changed_mind
7257,1019,61,2288,ORD-20241005-16868,1,999.0,1,changed_mind
7258,1015,66,7345,ORD-20241005-66945,1,854.05,1,defective_product
7259,1024,67,11581,ORD-20241005-15500,1,999.0,1,not_as_described
7260,1013,42,19600,ORD-20241005-46629,1,1019.15,1,defective_product
7261,1019,72,9513,ORD-20241005-85944,1,129.0,1,defective_product
7262,1019,4,7754,ORD-20241005-82338,1,349.0,1,not_as_described
7263,1035,78,25245,ORD-20241005-63568,1,1349.0,1,delivery_issue
7264,1027,59,20696,ORD-20241006-18814,2,3598.0,1,not_as_described
7265,1036,66,34084,ORD-20241006-20168,1,809.1,1,defective_product
7266,1015,41,7846,ORD-20241006-18685,1,549.0,1,wrong_item
7267,1015,4,12340,ORD-20241006-12567,1,314.1,1,compatibility_issue
7268,1022,71,23737,ORD-20241006-12066,1,79.0,1,wrong_item
7269,1027,61,24112,ORD-20241006-22897,1,999.0,1,defective_product
7270,1038,80,9889,ORD-20241006-19854,1,1099.0,1,compatibility_issue
7271,1039,52,9890,ORD-20241007-37306,1,349.0,1,changed_mind
7272,1036,18,9255,ORD-20241007-69834,1,599.0,1,changed_mind
7273,1020,77,22619,ORD-20241007-86317,1,977.55,1,not_as_described
7274,1026,79,5593,ORD-20241007-21568,1,899.0,1,defective_product
7275,1039,76,14125,ORD-20241007-94321,1,1329.0,1,not_as_described
7276,1032,66,44784,ORD-20241007-30762,3,2697.0,1,compatibility_issue
7277,1029,71,13136,ORD-20241008-92500,1,71.1,1,wrong_item
7278,1031,93,29683,ORD-20241008-55927,1,59.0,1,delivery_issue
7279,1029,29,10510,ORD-20241008-57880,1,999.0,1,changed_mind
7280,1034,71,35792,ORD-20241008-91139,1,79.0,1,defective_product
7281,1041,67,29024,ORD-20241009-55799,1,999.0,1,delivery_issue
7282,1018,15,19862,ORD-20241009-23091,1,299.0,1,not_as_described
7283,1023,92,32964,ORD-20241009-41982,1,1219.0,1,compatibility_issue
7284,1026,11,22639,ORD-20241009-21655,1,426.55,1,not_as_described
7285,1038,1,10681,ORD-20241009-37510,1,1234.05,1,delivery_issue
7286,1017,8,22679,ORD-20241009-56922,1,1709.05,1,delivery_issue
7287,1020,72,32790,ORD-20241009-85549,1,129.0,1,defective_product
7288,1041,72,20966,ORD-20241009-58021,1,109.65,1,not_as_described
7289,1038,77,34939,ORD-20241010-69033,1,977.55,1,defective_product
7290,1027,1,4763,ORD-20241010-46349,1,1169.1,1,not_as_described
7291,1027,67,19199,ORD-20241010-95890,1,949.05,1,not_as_described
7292,1033,78,27434,ORD-20241010-98589,1,1281.55,1,wrong_item
7293,1021,74,40061,ORD-20241010-21246,1,299.0,1,defective_product
7294,1035,31,15436,ORD-20241010-50745,1,1099.0,1,not_as_described
7295,1035,84,19742,ORD-20241010-20335,2,1798.0,1,defective_product
7296,1042,46,43101,ORD-20241010-99574,1,499.0,1,changed_mind
7297,1031,43,8854,ORD-20241011-59053,1,1424.05,1,defective_product
7298,1030,11,26013,ORD-20241011-87114,1,449.0,1,compatibility_issue
7299,1042,6,44809,ORD-20241011-83973,1,2199.0,1,not_as_described
7300,1040,67,1764,ORD-20241011-96653,1,999.0,1,delivery_issue
7301,1021,38,22193,ORD-20241011-80748,2,1398.0,1,changed_mind
7302,1044,98,42066,ORD-20241011-13441,1,249.0,1,changed_mind
7303,1029,30,29665,ORD-20241012-71451,1,1299.0,1,delivery_issue
7304,1028,77,36384,ORD-20241012-89545,1,1029.0,1,defective_product
7305,1038,67,5337,ORD-20241012-23628,1,999.0,1,defective_product
7306,1028,20,37235,ORD-20241012-92751,1,349.0,1,compatibility_issue
7307,1046,2,1053,ORD-20241012-55170,1,2499.0,1,changed_mind
7308,1025,92,13664,ORD-20241012-17572,1,1219.0,1,changed_mind
7309,1039,8,1379,ORD-20241012-42401,2,3598.0,1,wrong_item
7310,1038,98,10672,ORD-20241012-77891,1,249.0,1,defective_product
7311,1037,18,6594,ORD-20241012-89853,1,599.0,1,not_as_described
7312,1032,84,14695,ORD-20241013-42344,1,899.0,1,delivery_issue
7313,1023,98,5424,ORD-20241013-72600,1,249.0,1,defective_product
7314,1027,30,14733,ORD-20241013-42056,1,1299.0,1,changed_mind
7315,1044,20,39968,ORD-20241013-86440,1,349.0,1,not_as_described
7316,1027,10,40708,ORD-20241013-74988,1,2799.0,1,wrong_item
7317,1029,56,13763,ORD-20241013-39799,1,2199.0,1,changed_mind
7318,1032,19,47226,ORD-20241013-64400,1,399.0,1,defective_product
7319,1046,67,42939,ORD-20241013-84140,1,899.1,1,defective_product
7320,1029,97,816,ORD-20241013-80550,1,299.0,1,defective_product
7321,1024,17,43290,ORD-20241014-93476,1,699.0,1,changed_mind
7322,1046,5,22184,ORD-20241014-29696,1,1499.0,1,not_as_described
7323,1033,89,12405,ORD-20241014-25632,1,249.0,1,not_as_described
7324,1041,65,34359,ORD-20241014-36786,1,1599.0,1,compatibility_issue
7325,1033,91,39294,ORD-20241014-11735,1,819.0,1,not_as_described
7326,1035,51,43097,ORD-20241014-27519,1,599.0,1,delivery_issue
7327,1033,78,16070,ORD-20241015-12610,1,1349.0,1,wrong_item
7328,1032,92,48817,ORD-20241015-69882,1,1219.0,1,defective_product
7329,1042,63,17438,ORD-20241015-59985,1,1599.0,1,changed_mind
7330,1024,61,36005,ORD-20241015-70650,1,999.0,1,delivery_issue
7331,1024,48,27539,ORD-20241015-34269,2,1328.1,1,changed_mind
7332,1034,76,16152,ORD-20241015-37119,1,1329.0,1,not_as_described
7333,1050,78,31304,ORD-20241016-78754,1,1349.0,1,not_as_described
7334,1036,7,4072,ORD-20241016-67279,1,569.05,1,delivery_issue
7335,1025,59,27106,ORD-20241016-21427,1,1799.0,1,defective_product
7336,1046,49,15822,ORD-20241016-31391,1,499.0,1,defective_product
7337,1050,16,40794,ORD-20241016-68188,2,898.0,1,defective_product
7338,1033,23,22793,ORD-20241016-38800,1,179.0,1,changed_mind
7339,1032,29,8381,ORD-20241016-86516,1,999.0,1,not_as_described
7340,1025,16,49997,ORD-20241016-82234,1,381.65,1,defective_product
7341,1045,19,45451,ORD-20241016-93087,1,399.0,1,compatibility_issue
7342,1024,67,12849,ORD-20241016-11355,1,899.1,1,defective_product
7343,1029,27,20791,ORD-20241016-98463,1,149.0,1,not_as_described
7344,1030,75,2218,ORD-20241017-99772,1,349.0,1,defective_product
7345,1037,25,28002,ORD-20241017-58518,1,199.0,1,wrong_item
7346,1038,33,37130,ORD-20241017-51358,1,799.0,1,changed_mind
7347,1045,5,35317,ORD-20241017-33603,1,1499.0,1,compatibility_issue
7348,1051,71,24707,ORD-20241017-66972,1,71.1,1,wrong_item
7349,1047,23,28942,ORD-20241017-55360,1,179.0,1,changed_mind
7350,1037,83,26851,ORD-20241018-82879,1,379.05,1,delivery_issue
7351,1034,61,42115,ORD-20241018-17991,1,949.05,1,compatibility_issue
7352,1051,72,23075,ORD-20241018-79389,1,129.0,1,not_as_described
7353,1028,65,48234,ORD-20241018-29765,1,1599.0,1,defective_product
7354,1026,55,45502,ORD-20241018-22297,1,1349.1,1,changed_mind
7355,1044,97,34091,ORD-20241018-21775,1,284.05,1,defective_product
7356,1046,2,2396,ORD-20241019-90181,1,2499.0,1,compatibility_issue
7357,1027,94,16129,ORD-20241019-66410,1,99.0,1,defective_product
7358,1026,40,26357,ORD-20241019-93449,1,749.0,1,not_as_described
7359,1033,31,30796,ORD-20241019-29104,1,1099.0,1,changed_mind
7360,1027,5,40784,ORD-20241019-20858,1,1349.1,1,delivery_issue
7361,1044,63,17894,ORD-20241019-97636,1,1599.0,1,changed_mind
7362,1050,66,31089,ORD-20241019-44660,1,764.15,1,defective_product
7363,1033,76,7739,ORD-20241019-61915,1,1329.0,1,delivery_issue
7364,1043,59,446,ORD-20241020-13520,1,1799.0,1,defective_product
7365,1037,22,29575,ORD-20241020-54947,1,299.0,1,defective_product
7366,1030,46,48563,ORD-20241020-61342,1,499.0,1,changed_mind
7367,1054,48,21420,ORD-20241021-76526,2,1398.0,1,compatibility_issue
7368,1031,9,49783,ORD-20241021-67193,1,1234.05,1,changed_mind
7369,1030,5,12188,ORD-20241021-32204,2,2848.1,1,defective_product
7370,1028,95,6017,ORD-20241021-85255,1,149.0,1,changed_mind
7371,1046,74,25631,ORD-20241022-30795,1,269.1,1,defective_product
7372,1052,14,26572,ORD-20241022-10493,1,749.0,1,changed_mind
7373,1037,43,19743,ORD-20241022-17576,1,1499.0,1,delivery_issue
7374,1053,11,14596,ORD-20241022-70075,1,449.0,1,wrong_item
7375,1049,79,39887,ORD-20241022-38433,1,899.0,1,changed_mind
7376,1035,63,2204,ORD-20241022-28536,1,1439.1,1,changed_mind
7377,1035,50,41649,ORD-20241022-65629,2,1498.0,1,wrong_item
7378,1055,16,521,ORD-20241022-62068,1,426.55,1,not_as_described
7379,1038,72,33082,ORD-20241022-94792,1,129.0,1,not_as_described
7380,1055,18,36359,ORD-20241022-21017,1,599.0,1,not_as_described
7381,1053,6,13056,ORD-20241022-73949,1,2199.0,1,delivery_issue
7382,1055,87,34660,ORD-20241022-24611,1,284.05,1,changed_mind
7383,1050,61,47588,ORD-20241022-62772,1,999.0,1,not_as_described
7384,1033,10,25477,ORD-20241023-52825,1,2799.0,1,wrong_item
7385,1033,90,455,ORD-20241023-35235,1,849.0,1,not_as_described
7386,1045,18,41328,ORD-20241023-36722,1,599.0,1,compatibility_issue
7387,1041,52,16532,ORD-20241023-52050,1,349.0,1,not_as_described
7388,1030,87,4639,ORD-20241023-25865,1,299.0,1,changed_mind
7389,1051,71,28437,ORD-20241023-43488,1,79.0,1,delivery_issue
7390,1044,80,38876,ORD-20241023-85641,1,1099.0,1,changed_mind
7391,1053,54,26537,ORD-20241023-60847,1,99.0,1,not_as_described
7392,1033,40,6031,ORD-20241024-77773,1,674.1,1,not_as_described
7393,1033,1,30272,ORD-20241024-28849,1,1299.0,1,wrong_item
7394,1055,73,28187,ORD-20241024-78278,1,103.55,1,not_as_described
7395,1034,24,11495,ORD-20241024-64623,1,279.0,1,delivery_issue
7396,1058,63,33864,ORD-20241025-59859,1,1599.0,1,not_as_described
7397,1034,82,12168,ORD-20241025-13402,1,849.0,1,defective_product
7398,1045,92,6259,ORD-20241025-41780,1,1219.0,1,not_as_described
7399,1048,58,47359,ORD-20241025-28880,1,1699.0,1,delivery_issue
7400,1050,1,5497,ORD-20241025-67206,1,1169.1,1,not_as_described
7401,1043,93,22399,ORD-20241026-37789,1,59.0,1,defective_product
7402,1035,67,14297,ORD-20241026-76675,1,999.0,1,not_as_described
7403,1052,85,37098,ORD-20241026-94195,1,426.55,1,delivery_issue
7404,1053,72,18016,ORD-20241026-76407,1,109.65,1,compatibility_issue
7405,1039,10,16939,ORD-20241026-80491,1,2799.0,1,changed_mind
7406,1033,49,23438,ORD-20241026-68109,1,499.0,1,defective_product
7407,1043,94,2076,ORD-20241026-72863,1,94.05,1,defective_product
7408,1048,14,40465,ORD-20241026-15090,1,749.0,1,defective_product
7409,1052,94,30298,ORD-20241027-11817,1,99.0,1,defective_product
7410,1036,90,30410,ORD-20241027-27689,1,849.0,1,compatibility_issue
7411,1053,29,8393,ORD-20241027-24313,1,999.0,1,defective_product
7412,1040,80,14083,ORD-20241027-69701,1,1099.0,1,not_as_described
7413,1046,67,19126,ORD-20241027-69155,1,999.0,1,wrong_item
7414,1049,83,20462,ORD-20241028-10001,1,399.0,1,defective_product
7415,1045,26,16814,ORD-20241028-92765,1,179.0,1,compatibility_issue
7416,1062,1,35465,ORD-20241028-87348,1,1299.0,1,defective_product
7417,1047,23,41086,ORD-20241028-69836,1,179.0,1,delivery_issue
7418,1049,98,30801,ORD-20241028-67025,1,249.0,1,wrong_item
7419,1043,76,42561,ORD-20241028-37489,1,1329.0,1,not_as_described
7420,1039,24,20957,ORD-20241028-55398,1,279.0,1,delivery_issue
7421,1051,51,12351,ORD-20241029-11361,1,599.0,1,defective_product
7422,1036,95,42877,ORD-20241029-23281,1,149.0,1,changed_mind
7423,1049,71,24689,ORD-20241029-57514,1,79.0,1,defective_product
7424,1044,65,43549,ORD-20241029-48052,1,1599.0,1,not_as_described
7425,1058,19,49514,ORD-20241029-88480,1,399.0,1,defective_product
7426,1049,2,32193,ORD-20241029-89262,2,4998.0,1,defective_product
7427,1050,33,29797,ORD-20241029-88607,1,799.0,1,delivery_issue
7428,1042,4,38371,ORD-20241030-10430,1,314.1,1,defective_product
7429,1053,65,4685,ORD-20241030-44282,1,1599.0,1,not_as_described
7430,1059,80,32610,ORD-20241030-96902,1,989.1,1,not_as_described
7431,1054,34,8622,ORD-20241030-88051,3,2997.0,1,compatibility_issue
7432,1058,94,12896,ORD-20241031-53816,1,89.1,1,defective_product
7433,1059,8,13808,ORD-20241031-87436,1,1799.0,1,not_as_described
7434,1057,39,21375,ORD-20241031-67311,1,1399.0,1,compatibility_issue
7435,1044,87,44471,ORD-20241031-77462,1,299.0,1,not_as_described
7436,1047,53,35523,ORD-20241031-73168,1,134.1,1,not_as_described
7437,1048,66,28544,ORD-20241031-50014,2,1798.0,1,defective_product
7438,1047,72,44251,ORD-20241101-63701,1,129.0,1,defective_product
7439,1060,97,9592,ORD-20241101-79219,1,299.0,1,changed_mind
7440,1047,58,30048,ORD-20241101-12671,1,1699.0,1,defective_product
7441,1066,68,39817,ORD-20241101-67777,1,109.0,1,delivery_issue
7442,1049,59,15121,ORD-20241101-55145,1,1799.0,1,compatibility_issue
7443,1045,88,20532,ORD-20241101-14546,1,699.0,1,delivery_issue
7444,1058,66,13116,ORD-20241101-43456,1,854.05,1,delivery_issue
7445,1050,83,12438,ORD-20241101-89521,2,798.0,1,defective_product
7446,1041,54,20841,ORD-20241101-39225,1,99.0,1,wrong_item
7447,1051,75,28238,ORD-20241102-26517,1,349.0,1,compatibility_issue
7448,1050,55,10467,ORD-20241102-16363,1,1199.2,1,wrong_item
7449,1062,61,35758,ORD-20241102-39884,1,999.0,1,defective_product
7450,1042,18,22087,ORD-20241102-75528,1,509.15,1,changed_mind
7451,1049,45,11040,ORD-20241102-83954,1,719.1,1,not_as_described
7452,1048,75,3589,ORD-20241102-82823,1,331.55,1,defective_product
7453,1055,69,14427,ORD-20241103-31782,1,103.2,1,not_as_described
7454,1044,18,22612,ORD-20241103-67793,1,509.15,1,not_as_described
7455,1055,22,28044,ORD-20241103-18824,2,568.1,1,not_as_described
7456,1064,74,41422,ORD-20241103-53215,1,299.0,1,changed_mind
7457,1061,98,46677,ORD-20241103-94645,2,498.0,1,compatibility_issue
7458,1068,70,38443,ORD-20241103-56173,1,109.65,1,not_as_described
7459,1067,59,49437,ORD-20241103-60530,1,1619.1,1,defective_product
7460,1046,49,42121,ORD-20241103-44092,2,998.0,1,changed_mind
7461,1045,6,13892,ORD-20241103-76038,1,2089.05,1,wrong_item
7462,1068,29,39357,ORD-20241103-90392,1,999.0,1,defective_product
7463,1048,65,45948,ORD-20241103-25520,1,1599.0,1,changed_mind
7464,1051,11,26310,ORD-20241104-96526,1,449.0,1,wrong_item
7465,1053,61,17450,ORD-20241104-75086,1,999.0,1,changed_mind
7466,1045,38,48811,ORD-20241104-94254,1,699.0,1,changed_mind
7467,1061,85,26585,ORD-20241104-36472,1,381.65,1,delivery_issue
7468,1045,61,8347,ORD-20241104-78773,3,2997.0,1,not_as_described
7469,1069,61,31493,ORD-20241104-49350,1,999.0,1,defective_product
7470,1063,55,43333,ORD-20241105-76726,1,1424.05,1,wrong_item
7471,1048,66,39104,ORD-20241105-49080,1,899.0,1,changed_mind
7472,1051,93,47040,ORD-20241105-35932,1,59.0,1,not_as_described
7473,1049,98,36554,ORD-20241105-87452,1,249.0,1,defective_product
7474,1053,79,17440,ORD-20241105-29833,1,899.0,1,not_as_described
7475,1054,89,27051,ORD-20241105-27965,1,249.0,1,wrong_item
7476,1061,94,27828,ORD-20241105-61260,1,99.0,1,not_as_described
7477,1066,83,34500,ORD-20241105-51640,1,399.0,1,not_as_described
7478,1058,97,45356,ORD-20241105-73734,1,299.0,1,changed_mind
7479,1047,61,48067,ORD-20241105-59972,1,949.05,1,delivery_issue
7480,1059,61,19422,ORD-20241105-33848,2,1898.1,1,compatibility_issue
7481,1058,41,40832,ORD-20241105-36391,1,549.0,1,delivery_issue
7482,1044,11,23521,ORD-20241106-21149,1,449.0,1,compatibility_issue
7483,1059,16,5613,ORD-20241106-65470,2,898.0,1,changed_mind
7484,1068,61,13926,ORD-20241106-53653,1,949.05,1,changed_mind
7485,1045,73,31293,ORD-20241106-21711,1,109.0,1,defective_product
7486,1047,71,47384,ORD-20241106-84134,1,79.0,1,changed_mind
7487,1054,68,24730,ORD-20241106-20084,1,109.0,1,compatibility_issue
7488,1049,98,33732,ORD-20241106-46251,1,249.0,1,not_as_described
7489,1055,92,19261,ORD-20241106-46556,1,1219.0,1,delivery_issue
7490,1061,70,48385,ORD-20241106-87747,1,116.1,1,not_as_described
7491,1067,25,14208,ORD-20241106-73589,2,398.0,1,defective_product
7492,1065,63,14444,ORD-20241106-23066,1,1599.0,1,wrong_item
7493,1047,29,38341,ORD-20241106-67808,1,999.0,1,changed_mind
7494,1068,39,48983,ORD-20241106-19810,1,1189.15,1,defective_product
7495,1044,87,3925,ORD-20241106-75482,1,299.0,1,not_as_described
7496,1044,33,9749,ORD-20241106-41832,1,799.0,1,delivery_issue
7497,1053,40,14385,ORD-20241106-48589,1,749.0,1,changed_mind
7498,1066,25,14717,ORD-20241107-45024,1,199.0,1,defective_product
7499,1051,72,45772,ORD-20241107-42302,1,129.0,1,defective_product
7500,1045,46,11533,ORD-20241107-40073,1,499.0,1,compatibility_issue
7501,1051,94,10275,ORD-20241107-38438,1,89.1,1,compatibility_issue
7502,1068,95,44005,ORD-20241107-20181,1,149.0,1,compatibility_issue
7503,1050,92,141,ORD-20241107-94854,1,1219.0,1,delivery_issue
7504,1048,10,13226,ORD-20241107-66402,1,2659.05,1,changed_mind
7505,1053,27,11017,ORD-20241107-73909,1,149.0,1,compatibility_issue
7506,1060,91,16736,ORD-20241107-42244,1,737.1,1,changed_mind
7507,1061,9,35341,ORD-20241107-48675,1,1234.05,1,changed_mind
7508,1056,71,2217,ORD-20241107-96260,1,75.05,1,delivery_issue
7509,1052,10,10586,ORD-20241107-37905,1,2799.0,1,wrong_item
7510,1046,95,41566,ORD-20241107-91831,1,141.55,1,not_as_described
7511,1045,88,19303,ORD-20241107-41918,1,664.05,1,delivery_issue
7512,1053,95,25802,ORD-20241107-79455,1,149.0,1,changed_mind
7513,1054,73,9967,ORD-20241107-37382,1,109.0,1,defective_product
7514,1067,27,6057,ORD-20241108-93997,1,149.0,1,delivery_issue
7515,1062,19,10343,ORD-20241108-72667,1,399.0,1,delivery_issue
7516,1063,71,33198,ORD-20241108-94255,2,158.0,1,not_as_described
7517,1069,52,36494,ORD-20241108-11354,1,349.0,1,not_as_described
7518,1051,11,44762,ORD-20241108-66095,1,449.0,1,defective_product
7519,1059,72,6614,ORD-20241108-55888,1,129.0,1,changed_mind
7520,1053,8,5207,ORD-20241108-56393,2,3598.0,1,defective_product
7521,1057,96,43743,ORD-20241108-80460,2,398.0,1,defective_product
7522,1064,60,15895,ORD-20241109-50289,1,1079.1,1,defective_product
7523,1058,67,44824,ORD-20241109-26632,1,849.15,1,not_as_described
7524,1050,80,28657,ORD-20241109-17829,1,934.15,1,defective_product
7525,1055,69,49224,ORD-20241109-71385,1,109.65,1,compatibility_issue
7526,1056,15,43669,ORD-20241109-43481,1,254.15,1,not_as_described
7527,1070,34,43900,ORD-20241109-24984,1,999.0,1,changed_mind
7528,1055,65,44671,ORD-20241109-93077,1,1119.3,1,not_as_described
7529,1047,16,39786,ORD-20241109-54070,1,404.1,1,delivery_issue
7530,1072,12,44409,ORD-20241109-73617,1,764.15,1,defective_product
7531,1058,59,15476,ORD-20241109-94024,2,3598.0,1,changed_mind
7532,1047,73,39029,ORD-20241109-59009,1,109.0,1,not_as_described
7533,1071,96,17686,ORD-20241109-65886,1,199.0,1,delivery_issue
7534,1060,61,18931,ORD-20241109-31669,1,899.1,1,delivery_issue
7535,1048,26,21005,ORD-20241109-75951,1,179.0,1,changed_mind
7536,1053,14,39979,ORD-20241109-50549,1,749.0,1,changed_mind
7537,1052,66,18060,ORD-20241109-32273,1,899.0,1,defective_product
7538,1072,63,3179,ORD-20241109-98943,1,1599.0,1,not_as_described
7539,1056,95,22838,ORD-20241109-41257,1,149.0,1,delivery_issue
7540,1057,72,19255,ORD-20241110-16873,1,129.0,1,not_as_described
7541,1066,93,20154,ORD-20241110-62686,1,59.0,1,defective_product
7542,1069,6,33170,ORD-20241110-88462,2,4398.0,1,delivery_issue
7543,1052,93,34034,ORD-20241110-57493,1,59.0,1,not_as_described
7544,1048,38,13117,ORD-20241110-23674,1,629.1,1,defective_product
7545,1055,86,34362,ORD-20241110-96576,1,629.3,1,compatibility_issue
7546,1073,19,39545,ORD-20241110-32567,1,399.0,1,changed_mind
7547,1050,61,2892,ORD-20241110-44416,1,899.1,1,defective_product
7548,1070,68,17481,ORD-20241110-61276,1,109.0,1,delivery_issue
7549,1065,40,43323,ORD-20241110-92054,1,711.55,1,defective_product
7550,1076,29,3440,ORD-20241111-42454,1,999.0,1,not_as_described
7551,1064,6,30552,ORD-20241111-88838,1,2199.0,1,defective_product
7552,1056,1,4803,ORD-20241111-41891,1,1299.0,1,defective_product
7553,1070,1,8730,ORD-20241111-54907,2,2598.0,1,defective_product
7554,1049,77,47756,ORD-20241111-87438,1,1029.0,1,delivery_issue
7555,1073,27,37663,ORD-20241111-56073,1,141.55,1,not_as_described
7556,1059,72,49530,ORD-20241111-84133,1,122.55,1,not_as_described
7557,1054,86,11462,ORD-20241111-41507,1,899.0,1,defective_product
7558,1073,95,55,ORD-20241111-98747,1,149.0,1,not_as_described
7559,1056,21,33130,ORD-20241111-83142,1,329.0,1,defective_product
7560,1074,20,1229,ORD-20241111-26253,1,349.0,1,wrong_item
7561,1070,39,31147,ORD-20241111-56166,1,1189.15,1,not_as_described
7562,1067,59,23117,ORD-20241111-60722,1,1709.05,1,compatibility_issue
7563,1072,91,14879,ORD-20241112-26378,1,778.05,1,defective_product
7564,1075,82,44994,ORD-20241112-23466,1,849.0,1,changed_mind
7565,1072,53,16093,ORD-20241112-29942,1,149.0,1,wrong_item
7566,1059,62,21076,ORD-20241112-53061,1,1299.0,1,not_as_described
7567,1058,68,5801,ORD-20241112-60432,2,196.2,1,defective_product
7568,1071,65,29014,ORD-20241112-58569,2,3198.0,1,not_as_described
7569,1062,76,36246,ORD-20241112-75405,1,1329.0,1,not_as_described
7570,1066,30,40256,ORD-20241112-45046,1,1299.0,1,delivery_issue
7571,1057,95,13178,ORD-20241112-27943,1,149.0,1,not_as_described
7572,1061,29,330,ORD-20241112-21603,1,999.0,1,defective_product
7573,1059,42,40477,ORD-20241113-11495,1,1199.0,1,delivery_issue
7574,1055,93,42741,ORD-20241113-35082,1,59.0,1,defective_product
7575,1078,79,2805,ORD-20241113-99389,1,899.0,1,not_as_described
7576,1069,55,28217,ORD-20241113-52667,1,1499.0,1,not_as_described
7577,1064,24,19334,ORD-20241113-64329,1,279.0,1,delivery_issue
7578,1065,90,27330,ORD-20241113-56350,1,849.0,1,changed_mind
7579,1059,19,27831,ORD-20241113-47775,1,399.0,1,defective_product
7580,1051,76,10774,ORD-20241113-12882,1,1329.0,1,defective_product
7581,1058,51,19662,ORD-20241113-97512,1,599.0,1,not_as_described
7582,1055,69,39874,ORD-20241113-17449,1,129.0,1,changed_mind
7583,1055,20,49642,ORD-20241113-67043,1,349.0,1,not_as_described
7584,1071,21,4601,ORD-20241113-98660,1,329.0,1,delivery_issue
7585,1073,14,8943,ORD-20241113-97012,1,749.0,1,delivery_issue
7586,1064,85,6475,ORD-20241113-37692,1,449.0,1,compatibility_issue
7587,1054,92,45550,ORD-20241113-15199,1,1219.0,1,defective_product
7588,1077,37,3257,ORD-20241113-53829,1,799.0,1,wrong_item
7589,1060,11,2574,ORD-20241113-80353,1,449.0,1,delivery_issue
7590,1056,97,20560,ORD-20241114-88123,1,284.05,1,compatibility_issue
7591,1062,35,22392,ORD-20241114-37729,1,699.0,1,defective_product
7592,1076,34,49885,ORD-20241114-25092,3,2697.3,1,compatibility_issue
7593,1076,79,36838,ORD-20241114-34968,1,899.0,1,changed_mind
7594,1060,61,18377,ORD-20241114-13079,1,999.0,1,changed_mind
7595,1068,61,45365,ORD-20241114-11413,1,999.0,1,defective_product
7596,1073,90,27509,ORD-20241114-35124,1,849.0,1,not_as_described
7597,1060,73,9106,ORD-20241114-58496,1,109.0,1,defective_product
7598,1067,95,2993,ORD-20241114-59798,1,149.0,1,changed_mind
7599,1077,11,44179,ORD-20241114-15580,1,449.0,1,compatibility_issue
7600,1068,40,4919,ORD-20241114-34725,1,749.0,1,defective_product
7601,1078,65,5912,ORD-20241114-81824,1,1599.0,1,delivery_issue
7602,1063,54,43470,ORD-20241114-88844,1,89.1,1,defective_product
7603,1059,83,2771,ORD-20241114-55146,2,798.0,1,changed_mind
7604,1070,73,5601,ORD-20241115-42516,1,103.55,1,defective_product
7605,1061,83,5597,ORD-20241115-24813,1,379.05,1,compatibility_issue
7606,1068,12,23283,ORD-20241115-18697,1,899.0,1,changed_mind
7607,1062,74,28840,ORD-20241115-80399,1,299.0,1,changed_mind
7608,1072,67,39725,ORD-20241115-44884,1,949.05,1,changed_mind
7609,1080,29,34858,ORD-20241115-21125,1,899.1,1,wrong_item
7610,1061,3,41010,ORD-20241115-74884,1,499.0,1,defective_product
7611,1066,7,36795,ORD-20241115-45997,1,509.15,1,defective_product
7612,1070,7,23661,ORD-20241115-99584,1,599.0,1,changed_mind
7613,1057,74,38185,ORD-20241115-56444,1,299.0,1,defective_product
7614,1077,83,19454,ORD-20241115-94139,1,399.0,1,compatibility_issue
7615,1060,69,6644,ORD-20241115-19968,1,129.0,1,not_as_described
7616,1057,82,28878,ORD-20241115-50300,1,849.0,1,wrong_item
7617,1066,39,42320,ORD-20241115-76507,1,1399.0,1,defective_product
7618,1066,71,23395,ORD-20241115-34875,1,71.1,1,defective_product
7619,1078,45,29658,ORD-20241116-32033,1,759.05,1,defective_product
7620,1063,56,7766,ORD-20241116-92517,1,2089.05,1,changed_mind
7621,1059,81,44001,ORD-20241116-28162,1,799.0,1,defective_product
7622,1081,61,12172,ORD-20241116-45784,1,949.05,1,not_as_described
7623,1075,58,14574,ORD-20241116-25902,1,1529.1,1,wrong_item
7624,1063,60,14872,ORD-20241116-73758,1,959.2,1,not_as_described
7625,1070,58,7120,ORD-20241116-80276,2,2888.3,1,defective_product
7626,1057,95,1071,ORD-20241116-15520,2,283.1,1,delivery_issue
7627,1065,88,41757,ORD-20241116-33886,1,699.0,1,changed_mind
7628,1054,32,23565,ORD-20241116-93692,1,854.05,1,defective_product
7629,1077,29,46107,ORD-20241116-76320,1,949.05,1,not_as_described
7630,1071,64,38176,ORD-20241117-88024,1,489.3,1,wrong_item
7631,1068,80,38707,ORD-20241117-17060,1,1099.0,1,defective_product
7632,1068,94,14960,ORD-20241117-37520,1,99.0,1,not_as_described
7633,1079,67,34953,ORD-20241117-29824,1,799.2,1,defective_product
7634,1057,11,34653,ORD-20241117-30638,1,381.65,1,changed_mind
7635,1057,77,8690,ORD-20241117-38519,1,1029.0,1,wrong_item
7636,1059,38,41664,ORD-20241117-74300,1,489.3,1,compatibility_issue
7637,1081,45,21266,ORD-20241118-76248,1,799.0,1,changed_mind
7638,1083,72,34222,ORD-20241118-69736,1,122.55,1,not_as_described
7639,1083,73,21247,ORD-20241118-10849,2,218.0,1,delivery_issue
7640,1059,79,12475,ORD-20241118-68320,1,899.0,1,wrong_item
7641,1069,34,8995,ORD-20241118-83320,1,999.0,1,compatibility_issue
7642,1060,37,47391,ORD-20241118-79289,1,799.0,1,delivery_issue
7643,1068,61,34774,ORD-20241118-60054,1,999.0,1,changed_mind
7644,1058,26,41827,ORD-20241118-91435,1,179.0,1,changed_mind
7645,1060,18,9171,ORD-20241118-22480,1,599.0,1,compatibility_issue
7646,1061,61,47614,ORD-20241118-57654,1,949.05,1,changed_mind
7647,1061,42,16861,ORD-20241119-74708,1,1199.0,1,wrong_item
7648,1074,46,18074,ORD-20241119-27445,1,424.15,1,not_as_described
7649,1061,65,6873,ORD-20241119-72729,1,1599.0,1,defective_product
7650,1079,48,6441,ORD-20241119-47827,1,699.0,1,delivery_issue
7651,1064,86,28250,ORD-20241119-93618,1,899.0,1,defective_product
7652,1084,93,1123,ORD-20241119-47571,2,118.0,1,not_as_described
7653,1063,92,31081,ORD-20241119-72256,1,1219.0,1,changed_mind
7654,1077,92,39136,ORD-20241119-76677,1,1219.0,1,not_as_described
7655,1080,6,31642,ORD-20241119-51256,1,2199.0,1,changed_mind
7656,1082,97,30244,ORD-20241119-37285,1,299.0,1,not_as_described
7657,1079,20,7083,ORD-20241120-43471,1,349.0,1,not_as_described
7658,1084,61,38351,ORD-20241120-80721,1,999.0,1,compatibility_issue
7659,1072,11,19731,ORD-20241120-51528,2,898.0,1,changed_mind
7660,1072,76,15512,ORD-20241120-94845,1,1329.0,1,not_as_described
7661,1071,77,18450,ORD-20241120-23392,1,1029.0,1,not_as_described
7662,1079,22,48600,ORD-20241120-48040,1,299.0,1,delivery_issue
7663,1075,34,18959,ORD-20241120-60283,1,999.0,1,defective_product
7664,1062,80,22513,ORD-20241120-91860,1,1099.0,1,compatibility_issue
7665,1083,54,42484,ORD-20241120-21974,1,89.1,1,compatibility_issue
7666,1085,68,15583,ORD-20241120-78287,1,103.55,1,delivery_issue
7667,1063,92,43357,ORD-20241120-96618,1,1219.0,1,wrong_item
7668,1071,68,27679,ORD-20241121-31637,1,109.0,1,compatibility_issue
7669,1082,38,6916,ORD-20241121-16192,1,699.0,1,defective_product
7670,1061,38,3229,ORD-20241121-84607,1,699.0,1,not_as_described
7671,1061,19,21410,ORD-20241121-61373,1,399.0,1,compatibility_issue
7672,1060,5,8532,ORD-20241121-15923,1,1499.0,1,changed_mind
7673,1060,55,3855,ORD-20241121-45825,1,1424.05,1,compatibility_issue
7674,1082,19,17140,ORD-20241121-11236,1,399.0,1,defective_product
7675,1083,80,31676,ORD-20241121-89609,1,989.1,1,defective_product
7676,1081,23,11286,ORD-20241122-98150,1,179.0,1,not_as_described
7677,1082,18,21075,ORD-20241122-50170,1,599.0,1,defective_product
7678,1061,91,3233,ORD-20241122-25236,1,778.05,1,defective_product
7679,1064,6,22909,ORD-20241122-13698,1,2089.05,1,defective_product
7680,1072,20,44648,ORD-20241122-82008,1,349.0,1,not_as_described
7681,1084,24,42000,ORD-20241122-36591,1,279.0,1,not_as_described
7682,1086,48,18845,ORD-20241122-32064,1,699.0,1,defective_product
7683,1080,61,14050,ORD-20241122-45672,1,999.0,1,delivery_issue
7684,1081,53,34137,ORD-20241122-24623,1,141.55,1,changed_mind
7685,1087,76,11587,ORD-20241122-84577,1,1329.0,1,not_as_described
7686,1073,35,11885,ORD-20241122-60499,1,629.1,1,compatibility_issue
7687,1076,71,36077,ORD-20241122-54355,1,75.05,1,not_as_described
7688,1069,6,35299,ORD-20241122-53515,1,2199.0,1,compatibility_issue
7689,1074,73,15510,ORD-20241123-18745,1,103.55,1,changed_mind
7690,1066,76,13508,ORD-20241123-27256,1,1329.0,1,not_as_described
7691,1072,79,15057,ORD-20241123-16920,1,764.15,1,defective_product
7692,1066,56,36485,ORD-20241123-11044,1,2089.05,1,not_as_described
7693,1079,28,2362,ORD-20241123-11390,1,236.55,1,changed_mind
7694,1068,5,47800,ORD-20241123-27894,1,1499.0,1,not_as_described
7695,1068,18,26407,ORD-20241123-36425,1,509.15,1,wrong_item
7696,1070,80,41317,ORD-20241123-15289,1,934.15,1,not_as_described
7697,1088,77,35767,ORD-20241123-48227,1,874.65,1,delivery_issue
7698,1082,89,42898,ORD-20241123-51052,1,199.2,1,delivery_issue
7699,1071,66,21657,ORD-20241123-88589,1,764.15,1,defective_product
7700,1074,55,12357,ORD-20241123-93989,1,1424.05,1,defective_product
7701,1062,20,15730,ORD-20241123-79217,1,279.2,1,changed_mind
7702,1079,46,9093,ORD-20241123-67179,2,998.0,1,wrong_item
7703,1068,58,46948,ORD-20241123-17780,1,1699.0,1,changed_mind
7704,1069,17,42326,ORD-20241123-39472,1,699.0,1,not_as_described
7705,1071,3,40249,ORD-20241124-83321,1,449.1,1,changed_mind
7706,1064,65,30980,ORD-20241124-31890,1,1599.0,1,changed_mind
7707,1066,20,36933,ORD-20241124-69354,1,349.0,1,changed_mind
7708,1087,7,17349,ORD-20241124-87430,1,509.15,1,wrong_item
7709,1073,81,13165,ORD-20241124-87086,1,759.05,1,defective_product
7710,1089,72,41575,ORD-20241124-15690,1,116.1,1,delivery_issue
7711,1068,61,12848,ORD-20241124-93183,1,949.05,1,changed_mind
7712,1065,2,9844,ORD-20241124-41392,1,2499.0,1,wrong_item
7713,1063,67,18248,ORD-20241124-51801,1,949.05,1,not_as_described
7714,1077,72,771,ORD-20241124-30398,1,103.2,1,not_as_described
7715,1069,94,35880,ORD-20241124-78384,1,69.3,1,changed_mind
7716,1076,89,38960,ORD-20241124-51230,1,236.55,1,delivery_issue
7717,1087,19,20323,ORD-20241124-60435,1,399.0,1,wrong_item
7718,1074,1,12239,ORD-20241124-58650,1,1234.05,1,compatibility_issue
7719,1078,7,9055,ORD-20241124-86168,1,479.2,1,not_as_described
7720,1083,94,4664,ORD-20241124-57871,1,99.0,1,wrong_item
7721,1067,85,25789,ORD-20241124-13286,1,449.0,1,not_as_described
7722,1076,17,16251,ORD-20241124-51437,1,559.2,1,not_as_described
7723,1089,92,23874,ORD-20241124-11061,1,1097.1,1,delivery_issue
7724,1082,80,7748,ORD-20241125-87937,1,934.15,1,not_as_described
7725,1077,85,19457,ORD-20241125-48742,1,381.65,1,changed_mind
7726,1085,44,32716,ORD-20241125-62055,1,854.05,1,defective_product
7727,1064,85,32310,ORD-20241125-91886,1,404.1,1,not_as_described
7728,1070,98,3685,ORD-20241125-12035,1,236.55,1,defective_product
7729,1089,23,6526,ORD-20241125-58261,1,170.05,1,compatibility_issue
7730,1066,61,25190,ORD-20241125-28712,1,999.0,1,compatibility_issue
7731,1073,16,37986,ORD-20241125-90909,1,449.0,1,compatibility_issue
7732,1066,65,34835,ORD-20241125-69706,1,1599.0,1,defective_product
7733,1069,92,21221,ORD-20241125-87802,1,1219.0,1,compatibility_issue
7734,1080,77,41541,ORD-20241125-97322,1,977.55,1,not_as_described
7735,1064,85,15612,ORD-20241125-33301,1,381.65,1,changed_mind
7736,1088,66,36427,ORD-20241125-50950,1,764.15,1,changed_mind
7737,1087,51,639,ORD-20241125-16195,1,479.2,1,defective_product
7738,1081,63,13504,ORD-20241126-47871,1,1119.3,1,defective_product
7739,1084,17,35424,ORD-20241126-29339,1,699.0,1,delivery_issue
7740,1076,53,27451,ORD-20241126-67022,1,134.1,1,defective_product
7741,1079,16,17689,ORD-20241126-23613,1,381.65,1,changed_mind
7742,1077,36,47682,ORD-20241126-41152,1,539.1,1,changed_mind
7743,1086,31,44056,ORD-20241126-32884,1,989.1,1,delivery_issue
7744,1065,77,41696,ORD-20241126-77059,1,1029.0,1,delivery_issue
7745,1083,87,19426,ORD-20241126-64758,2,598.0,1,not_as_described
7746,1073,63,43517,ORD-20241127-54248,1,1599.0,1,changed_mind
7747,1067,26,31588,ORD-20241127-82047,1,170.05,1,changed_mind
7748,1077,15,45567,ORD-20241127-65339,1,269.1,1,not_as_described
7749,1081,92,28477,ORD-20241127-39462,1,1158.05,1,changed_mind
7750,1071,58,18942,ORD-20241127-29310,1,1699.0,1,wrong_item
7751,1082,76,49381,ORD-20241127-52261,1,1329.0,1,defective_product
7752,1086,66,5199,ORD-20241127-81766,2,1618.2,1,delivery_issue
7753,1078,67,5455,ORD-20241127-89779,2,1398.6,1,defective_product
7754,1073,72,45551,ORD-20241127-44011,1,122.55,1,wrong_item
7755,1075,69,40258,ORD-20241127-74725,1,109.65,1,not_as_described
7756,1081,75,42527,ORD-20241127-13151,1,349.0,1,delivery_issue
7757,1085,89,16194,ORD-20241127-49609,1,224.1,1,defective_product
7758,1079,74,5018,ORD-20241127-54331,1,299.0,1,changed_mind
7759,1073,97,27269,ORD-20241127-15107,1,284.05,1,wrong_item
7760,1090,34,46090,ORD-20241128-40037,1,899.1,1,defective_product
7761,1082,17,29050,ORD-20241128-13725,1,629.1,1,delivery_issue
7762,1083,93,9445,ORD-20241128-55083,1,56.05,1,delivery_issue
7763,1089,1,26850,ORD-20241128-23140,1,1169.1,1,defective_product
7764,1079,76,29633,ORD-20241128-16089,1,1129.65,1,delivery_issue
7765,1079,73,32960,ORD-20241128-55045,1,103.55,1,defective_product
7766,1082,97,24464,ORD-20241128-87395,1,299.0,1,not_as_described
7767,1091,85,41083,ORD-20241128-71538,1,449.0,1,wrong_item
7768,1068,29,18823,ORD-20241128-28251,1,799.2,1,delivery_issue
7769,1086,55,27232,ORD-20241128-24918,1,1274.15,1,not_as_described
7770,1072,48,36151,ORD-20241128-55461,1,629.1,1,defective_product
7771,1090,24,14611,ORD-20241128-99439,3,795.15,1,not_as_described
7772,1079,97,47715,ORD-20241128-49990,1,269.1,1,delivery_issue
7773,1067,85,5644,ORD-20241129-47205,1,404.1,1,not_as_described
7774,1070,64,39381,ORD-20241129-70125,2,1398.0,1,defective_product
7775,1093,66,11313,ORD-20241129-80030,1,854.05,1,defective_product
7776,1068,54,27886,ORD-20241129-38950,1,89.1,1,not_as_described
7777,1071,34,34983,ORD-20241129-43797,1,949.05,1,not_as_described
7778,1092,85,30310,ORD-20241129-66188,1,404.1,1,defective_product
7779,1087,64,39301,ORD-20241129-85637,1,699.0,1,not_as_described
7780,1089,14,11242,ORD-20241129-79462,1,711.55,1,defective_product
7781,1078,35,38252,ORD-20241129-29967,1,559.2,1,not_as_described
7782,1083,59,36697,ORD-20241129-94761,1,1619.1,1,changed_mind
7783,1090,11,25792,ORD-20241129-68316,1,404.1,1,delivery_issue
7784,1082,11,27457,ORD-20241129-42167,1,426.55,1,defective_product
7785,1074,61,7536,ORD-20241129-87351,1,999.0,1,delivery_issue
7786,1088,98,40453,ORD-20241129-22775,1,224.1,1,compatibility_issue
7787,1087,14,11068,ORD-20241129-24016,2,1498.0,1,delivery_issue
7788,1092,94,21190,ORD-20241129-32889,1,89.1,1,defective_product
7789,1088,1,27882,ORD-20241129-50525,2,2598.0,1,delivery_issue
7790,1090,76,34829,ORD-20241129-38980,1,1129.65,1,delivery_issue
7791,1093,9,39593,ORD-20241129-99382,1,1234.05,1,delivery_issue
7792,1068,17,40942,ORD-20241129-61299,3,1887.3,1,wrong_item
7793,1078,34,26801,ORD-20241129-25193,1,849.15,1,defective_product
7794,1091,5,11421,ORD-20241129-77355,1,1424.05,1,wrong_item
7795,1068,6,13470,ORD-20241129-21077,1,2089.05,1,defective_product
7796,1090,80,16593,ORD-20241129-80882,1,1044.05,1,defective_product
7797,1076,86,38528,ORD-20241129-71250,1,899.0,1,defective_product
7798,1082,95,31058,ORD-20241129-90119,2,268.2,1,changed_mind
7799,1072,16,44304,ORD-20241129-96854,1,449.0,1,defective_product
7800,1090,67,22343,ORD-20241129-48064,1,999.0,1,wrong_item
7801,1072,90,5376,ORD-20241129-61066,1,849.0,1,compatibility_issue
7802,1072,56,5229,ORD-20241129-36727,1,2089.05,1,compatibility_issue
7803,1089,79,41300,ORD-20241129-42035,1,629.3,1,wrong_item
7804,1087,17,21369,ORD-20241129-20622,1,699.0,1,defective_product
7805,1073,68,41498,ORD-20241129-68094,1,103.55,1,defective_product
7806,1070,17,409,ORD-20241129-24562,1,594.15,1,wrong_item
7807,1068,25,1568,ORD-20241129-33723,1,189.05,1,compatibility_issue
7808,1077,81,46353,ORD-20241129-89436,3,2277.15,1,delivery_issue
7809,1085,98,35637,ORD-20241129-89842,2,423.3,1,delivery_issue
7810,1085,13,11171,ORD-20241129-99502,1,349.0,1,delivery_issue
7811,1072,6,5545,ORD-20241129-50301,1,2199.0,1,defective_product
7812,1087,36,22230,ORD-20241129-44584,1,509.15,1,wrong_item
7813,1068,55,24774,ORD-20241129-52624,1,1049.3,1,wrong_item
7814,1073,85,34456,ORD-20241129-60637,1,426.55,1,changed_mind
7815,1074,93,16652,ORD-20241129-48094,1,53.1,1,changed_mind
7816,1067,74,25408,ORD-20241129-34872,1,284.05,1,defective_product
7817,1069,66,48258,ORD-20241129-17836,1,809.1,1,not_as_described
7818,1094,36,938,ORD-20241129-92722,1,599.0,1,not_as_described
7819,1087,18,27283,ORD-20241129-55106,1,599.0,1,compatibility_issue
7820,1088,93,36911,ORD-20241130-68544,1,56.05,1,not_as_described
7821,1076,93,36860,ORD-20241130-85274,1,59.0,1,not_as_described
7822,1074,60,24964,ORD-20241130-88151,1,1019.15,1,not_as_described
7823,1088,89,383,ORD-20241130-15583,1,211.65,1,defective_product
7824,1073,92,28181,ORD-20241130-70260,1,1158.05,1,defective_product
7825,1086,22,3777,ORD-20241130-79125,1,269.1,1,not_as_described
7826,1095,18,32219,ORD-20241130-32405,1,599.0,1,not_as_described
7827,1089,42,36444,ORD-20241130-60482,1,1199.0,1,defective_product
7828,1089,22,42877,ORD-20241130-86420,1,269.1,1,wrong_item
7829,1072,22,43128,ORD-20241130-94418,1,254.15,1,changed_mind
7830,1092,84,47794,ORD-20241130-48021,1,899.0,1,changed_mind
7831,1075,69,46700,ORD-20241130-73116,1,129.0,1,changed_mind
7832,1077,20,39330,ORD-20241130-48595,1,279.2,1,defective_product
7833,1082,94,41751,ORD-20241130-90931,1,99.0,1,changed_mind
7834,1086,76,27188,ORD-20241201-36117,1,1329.0,1,wrong_item
7835,1087,65,43038,ORD-20241201-36923,1,1599.0,1,not_as_described
7836,1084,51,2848,ORD-20241201-29633,1,569.05,1,wrong_item
7837,1088,76,684,ORD-20241201-36537,2,2392.2,1,changed_mind
7838,1071,67,38846,ORD-20241201-55027,1,999.0,1,compatibility_issue
7839,1081,11,10665,ORD-20241201-49078,1,381.65,1,not_as_described
7840,1071,97,3444,ORD-20241201-78822,1,269.1,1,delivery_issue
7841,1078,8,44921,ORD-20241201-27365,1,1619.1,1,delivery_issue
7842,1070,33,13056,ORD-20241201-46104,1,679.15,1,wrong_item
7843,1071,3,22067,ORD-20241201-14745,1,349.3,1,not_as_described
7844,1094,18,49012,ORD-20241201-34611,1,599.0,1,changed_mind
7845,1085,94,6140,ORD-20241201-99047,1,79.2,1,defective_product
7846,1069,21,42501,ORD-20241201-26875,1,296.1,1,not_as_described
7847,1085,13,42573,ORD-20241201-23257,1,349.0,1,not_as_described
7848,1075,58,14188,ORD-20241201-54610,2,3228.1,1,not_as_described
7849,1083,95,12991,ORD-20241201-39231,1,134.1,1,changed_mind
7850,1075,19,6116,ORD-20241201-49702,1,399.0,1,not_as_described
7851,1075,56,44796,ORD-20241201-69281,1,2089.05,1,delivery_issue
7852,1087,67,4387,ORD-20241202-86069,2,1798.2,1,defective_product
7853,1074,70,30047,ORD-20241202-27306,1,109.65,1,changed_mind
7854,1087,10,16180,ORD-20241202-21561,1,2659.05,1,compatibility_issue
7855,1083,17,21111,ORD-20241202-52331,1,559.2,1,wrong_item
7856,1088,77,24580,ORD-20241202-44267,1,874.65,1,delivery_issue
7857,1072,8,43500,ORD-20241202-90742,1,1799.0,1,changed_mind
7858,1084,75,16732,ORD-20241202-16554,1,279.2,1,defective_product
7859,1081,91,34745,ORD-20241202-66766,1,696.15,1,changed_mind
7860,1074,35,31313,ORD-20241202-26622,1,629.1,1,defective_product
7861,1095,95,18759,ORD-20241202-52828,1,149.0,1,compatibility_issue
7862,1077,96,2681,ORD-20241202-50451,1,169.15,1,not_as_described
7863,1081,67,47772,ORD-20241202-73990,1,949.05,1,not_as_described
7864,1084,10,13201,ORD-20241202-23730,1,2659.05,1,changed_mind
7865,1074,18,21134,ORD-20241203-20042,1,569.05,1,wrong_item
7866,1072,74,35658,ORD-20241203-27165,1,254.15,1,delivery_issue
7867,1075,36,10454,ORD-20241203-28802,1,599.0,1,not_as_described
7868,1080,76,36265,ORD-20241203-66791,1,1196.1,1,not_as_described
7869,1074,69,26207,ORD-20241203-69782,1,122.55,1,defective_product
7870,1071,52,42347,ORD-20241203-85829,1,349.0,1,defective_product
7871,1088,63,41086,ORD-20241203-24192,1,1519.05,1,wrong_item
7872,1071,94,34104,ORD-20241203-19383,2,198.0,1,defective_product
7873,1084,21,23601,ORD-20241203-98932,1,329.0,1,not_as_described
7874,1090,82,26313,ORD-20241203-87765,1,721.65,1,compatibility_issue
7875,1080,2,20911,ORD-20241203-52906,1,2374.05,1,delivery_issue
7876,1075,26,28548,ORD-20241203-85220,2,340.1,1,not_as_described
7877,1096,93,24694,ORD-20241204-87450,1,47.2,1,delivery_issue
7878,1091,12,4434,ORD-20241204-33765,1,899.0,1,compatibility_issue
7879,1080,5,15738,ORD-20241204-39992,1,1349.1,1,not_as_described
7880,1093,8,30105,ORD-20241204-74280,1,1529.15,1,wrong_item
7881,1076,67,12240,ORD-20241204-68375,1,999.0,1,not_as_described
7882,1078,93,21603,ORD-20241204-89546,1,50.15,1,delivery_issue
7883,1087,63,5045,ORD-20241204-34695,1,1359.15,1,delivery_issue
7884,1075,4,17329,ORD-20241204-22885,1,349.0,1,compatibility_issue
7885,1079,82,18931,ORD-20241204-66839,1,806.55,1,compatibility_issue
7886,1074,56,19033,ORD-20241204-98561,1,1759.2,1,not_as_described
7887,1072,22,15468,ORD-20241204-93470,1,239.2,1,not_as_described
7888,1075,42,18327,ORD-20241204-34426,1,959.2,1,wrong_item
7889,1094,26,5453,ORD-20241204-19612,1,161.1,1,wrong_item
7890,1075,45,32306,ORD-20241204-11973,1,679.15,1,changed_mind
7891,1089,12,26827,ORD-20241205-12420,2,1798.0,1,defective_product
7892,1093,29,43399,ORD-20241205-96146,1,899.1,1,delivery_issue
7893,1096,90,34877,ORD-20241205-96977,1,806.55,1,changed_mind
7894,1082,46,5012,ORD-20241205-76333,1,474.05,1,defective_product
7895,1086,69,38757,ORD-20241205-95676,1,129.0,1,not_as_described
7896,1074,61,47958,ORD-20241205-41674,1,949.05,1,delivery_issue
7897,1096,91,3393,ORD-20241205-98411,1,573.3,1,changed_mind
7898,1093,71,20244,ORD-20241205-68673,1,63.2,1,defective_product
7899,1079,74,47848,ORD-20241205-80219,1,269.1,1,defective_product
7900,1074,18,794,ORD-20241205-94769,1,509.15,1,defective_product
7901,1079,67,22010,ORD-20241205-26404,1,899.1,1,compatibility_issue
7902,1075,16,17270,ORD-20241206-84753,1,426.55,1,compatibility_issue
7903,1096,66,8947,ORD-20241206-40154,1,899.0,1,changed_mind
7904,1075,49,4547,ORD-20241206-39257,1,499.0,1,not_as_described
7905,1086,97,23674,ORD-20241206-99491,1,284.05,1,changed_mind
7906,1096,95,22020,ORD-20241206-10205,1,149.0,1,defective_product
7907,1085,62,33912,ORD-20241206-94772,1,1169.1,1,compatibility_issue
7908,1096,92,11529,ORD-20241206-62651,1,1097.1,1,delivery_issue
7909,1095,37,25585,ORD-20241206-92394,1,759.05,1,wrong_item
7910,1092,59,29987,ORD-20241206-10157,1,1799.0,1,not_as_described
7911,1080,46,4391,ORD-20241206-94207,1,474.05,1,delivery_issue
7912,1095,46,28758,ORD-20241206-85817,1,449.1,1,not_as_described
7913,1093,19,30070,ORD-20241206-77736,1,379.05,1,defective_product
7914,1094,95,41434,ORD-20241206-78207,1,141.55,1,delivery_issue
7915,1092,35,20665,ORD-20241207-94212,1,699.0,1,defective_product
7916,1096,93,44722,ORD-20241207-20999,1,50.15,1,defective_product
7917,1077,71,31420,ORD-20241207-48698,2,158.0,1,defective_product
7918,1085,29,3043,ORD-20241207-23495,1,899.1,1,not_as_described
7919,1096,28,49860,ORD-20241207-78499,1,224.1,1,compatibility_issue
7920,1077,3,19393,ORD-20241207-79289,1,449.1,1,changed_mind
7921,1091,58,49877,ORD-20241207-35613,1,1614.05,1,defective_product
7922,1085,57,2428,ORD-20241207-82469,1,1999.0,1,wrong_item
7923,1080,48,43911,ORD-20241207-50489,1,699.0,1,defective_product
7924,1089,66,8678,ORD-20241207-82217,1,719.2,1,defective_product
7925,1096,69,23264,ORD-20241207-12286,2,245.1,1,not_as_described
7926,1091,6,42813,ORD-20241207-33453,1,1539.3,1,defective_product
7927,1087,61,15916,ORD-20241207-61998,1,999.0,1,defective_product
7928,1096,96,37811,ORD-20241207-96135,1,179.1,1,not_as_described
7929,1080,74,11696,ORD-20241207-46790,1,209.3,1,not_as_described
7930,1096,1,38083,ORD-20241208-13507,1,1234.05,1,compatibility_issue
7931,1077,51,20641,ORD-20241208-73529,1,599.0,1,not_as_described
7932,1096,65,28081,ORD-20241208-93195,1,1519.05,1,not_as_described
7933,1096,10,32740,ORD-20241208-14193,1,2519.1,1,not_as_described
7934,1079,95,13517,ORD-20241208-29086,1,119.2,1,compatibility_issue
7935,1082,67,28097,ORD-20241208-46318,1,949.05,1,not_as_described
7936,1089,5,38775,ORD-20241208-34569,1,1499.0,1,wrong_item
7937,1083,78,36450,ORD-20241208-71106,1,1214.1,1,not_as_described
7938,1091,51,32416,ORD-20241208-71731,1,569.05,1,compatibility_issue
7939,1080,72,14539,ORD-20241208-11857,1,129.0,1,not_as_described
7940,1085,1,25643,ORD-20241208-13677,1,1299.0,1,defective_product
7941,1088,72,31934,ORD-20241208-49594,1,116.1,1,compatibility_issue
7942,1080,20,8149,ORD-20241208-57251,1,314.1,1,defective_product
7943,1085,25,39992,ORD-20241208-51051,3,507.45,1,delivery_issue
7944,1086,97,47306,ORD-20241208-21041,1,269.1,1,changed_mind
7945,1086,6,22165,ORD-20241208-97446,1,1539.3,1,defective_product
7946,1093,89,11342,ORD-20241208-40421,1,236.55,1,defective_product
7947,1095,73,9344,ORD-20241208-22211,1,103.55,1,defective_product
7948,1086,58,33431,ORD-20241208-58955,1,1614.05,1,not_as_described
7949,1081,24,41568,ORD-20241209-45432,1,237.15,1,compatibility_issue
7950,1096,92,39460,ORD-20241209-56842,1,1097.1,1,changed_mind
7951,1090,18,20859,ORD-20241209-95097,1,569.05,1,delivery_issue
7952,1096,42,15740,ORD-20241209-95159,1,959.2,1,compatibility_issue
7953,1096,52,40651,ORD-20241209-48240,1,296.65,1,wrong_item
7954,1090,85,27446,ORD-20241209-79812,1,426.55,1,wrong_item
7955,1082,66,42770,ORD-20241209-20743,1,899.0,1,not_as_described
7956,1096,71,1369,ORD-20241209-93818,1,79.0,1,wrong_item
7957,1095,93,47562,ORD-20241210-54974,1,56.05,1,not_as_described
7958,1079,97,9137,ORD-20241210-23899,1,269.1,1,changed_mind
7959,1086,2,9689,ORD-20241210-10934,1,2374.05,1,not_as_described
7960,1096,52,23750,ORD-20241210-97359,1,331.55,1,delivery_issue
7961,1079,18,12178,ORD-20241210-51629,1,509.15,1,compatibility_issue
7962,1078,50,21056,ORD-20241210-36804,1,599.2,1,changed_mind
7963,1089,76,36958,ORD-20241210-83395,1,1329.0,1,changed_mind
7964,1089,89,2520,ORD-20241210-31104,1,249.0,1,compatibility_issue
7965,1096,69,14164,ORD-20241210-16662,1,116.1,1,wrong_item
7966,1096,21,22565,ORD-20241210-43204,1,329.0,1,defective_product
7967,1093,97,20597,ORD-20241211-35690,1,209.3,1,delivery_issue
7968,1096,98,33285,ORD-20241211-52279,1,236.55,1,defective_product
7969,1096,11,629,ORD-20241211-74897,1,426.55,1,changed_mind
7970,1088,21,43925,ORD-20241211-91576,1,312.55,1,compatibility_issue
7971,1091,87,25035,ORD-20241211-94220,1,269.1,1,defective_product
7972,1096,5,35560,ORD-20241211-79321,1,1424.05,1,compatibility_issue
7973,1096,1,42039,ORD-20241211-84019,2,2598.0,1,not_as_described
7974,1096,73,5417,ORD-20241211-45273,1,92.65,1,not_as_described
7975,1096,2,41860,ORD-20241211-28578,1,2124.15,1,wrong_item
7976,1096,6,41913,ORD-20241211-43679,1,2199.0,1,delivery_issue
7977,1096,92,3529,ORD-20241211-38827,1,975.2,1,delivery_issue
7978,1096,22,19760,ORD-20241211-60811,1,284.05,1,compatibility_issue
7979,1087,65,24828,ORD-20241211-26685,1,1359.15,1,defective_product
7980,1096,44,40480,ORD-20241212-82370,1,629.3,1,changed_mind
7981,1096,18,5211,ORD-20241212-73813,2,958.4,1,defective_product
7982,1096,56,29299,ORD-20241212-62857,1,2199.0,1,wrong_item
7983,1092,94,941,ORD-20241212-67815,1,69.3,1,not_as_described
7984,1093,31,37467,ORD-20241212-52702,1,1044.05,1,not_as_described
7985,1094,92,26347,ORD-20241213-71735,1,1036.15,1,delivery_issue
7986,1089,3,8717,ORD-20241213-54175,1,399.2,1,defective_product
7987,1086,88,40668,ORD-20241213-63736,1,699.0,1,changed_mind
7988,1095,56,30989,ORD-20241213-28318,1,2089.05,1,defective_product
7989,1086,35,24278,ORD-20241213-74889,1,664.05,1,not_as_described
7990,1086,14,49071,ORD-20241213-25468,1,749.0,1,defective_product
7991,1083,83,18787,ORD-20241213-87401,1,379.05,1,not_as_described
7992,1086,92,36080,ORD-20241213-11170,1,1158.05,1,defective_product
7993,1096,69,26196,ORD-20241213-64603,1,129.0,1,changed_mind
7994,1096,29,19630,ORD-20241213-70057,1,949.05,1,wrong_item
7995,1091,47,21371,ORD-20241214-40151,1,599.0,1,defective_product
7996,1096,83,34518,ORD-20241214-81712,2,758.1,1,changed_mind
7997,1094,84,17051,ORD-20241214-92995,1,899.0,1,wrong_item
7998,1092,19,4760,ORD-20241214-79472,1,359.1,1,not_as_described
7999,1096,20,15133,ORD-20241214-37172,1,296.65,1,delivery_issue
8000,1096,38,37999,ORD-20241214-27097,1,699.0,1,changed_mind
8001,1091,69,38125,ORD-20241214-68829,1,129.0,1,delivery_issue
8002,1086,29,4612,ORD-20241214-66125,1,999.0,1,compatibility_issue
8003,1096,24,8649,ORD-20241214-56337,1,279.0,1,compatibility_issue
8004,1083,79,48461,ORD-20241214-20947,3,2157.6,1,changed_mind
8005,1091,97,28412,ORD-20241214-58233,1,239.2,1,changed_mind
8006,1096,82,34541,ORD-20241214-15761,1,721.65,1,not_as_described
8007,1086,6,14161,ORD-20241214-63150,1,2199.0,1,delivery_issue
8008,1096,17,26037,ORD-20241214-28003,1,594.15,1,wrong_item
8009,1096,93,6322,ORD-20241214-37785,1,47.2,1,not_as_described
8010,1096,71,5101,ORD-20241214-51485,1,79.0,1,changed_mind
8011,1096,89,9703,ORD-20241214-80642,1,199.2,1,changed_mind
8012,1087,37,36208,ORD-20241214-52121,1,799.0,1,not_as_described
8013,1083,91,34379,ORD-20241214-18903,1,778.05,1,not_as_described
8014,1096,95,21737,ORD-20241215-51361,1,126.65,1,not_as_described
8015,1096,91,18670,ORD-20241215-17568,1,696.15,1,defective_product
8016,1085,61,37351,ORD-20241215-85790,2,1798.2,1,delivery_issue
8017,1096,25,33665,ORD-20241215-80618,1,159.2,1,changed_mind
8018,1087,26,6824,ORD-20241215-61293,1,152.15,1,not_as_described
8019,1096,79,11545,ORD-20241215-81970,1,854.05,1,defective_product
8020,1096,86,30955,ORD-20241215-42443,1,899.0,1,not_as_described
8021,1095,76,15884,ORD-20241215-61271,1,1129.65,1,delivery_issue
8022,1096,2,49597,ORD-20241215-64079,1,2499.0,1,wrong_item
8023,1091,45,35284,ORD-20241215-58139,1,679.15,1,not_as_described
8024,1096,66,48355,ORD-20241215-38380,1,809.1,1,changed_mind
8025,1084,8,35493,ORD-20241215-93590,1,1439.2,1,not_as_described
8026,1087,17,5704,ORD-20241215-72801,1,559.2,1,defective_product
8027,1096,14,37172,ORD-20241215-53916,1,674.1,1,defective_product
8028,1096,81,22669,ORD-20241215-20443,1,759.05,1,wrong_item
8029,1096,90,16148,ORD-20241215-46948,1,764.1,1,wrong_item
8030,1096,36,7726,ORD-20241215-22036,1,569.05,1,compatibility_issue
8031,1083,24,32980,ORD-20241215-37827,1,279.0,1,delivery_issue
8032,1096,56,11666,ORD-20241215-44953,1,1869.15,1,defective_product
8033,1096,97,19504,ORD-20241215-40617,1,269.1,1,compatibility_issue
8034,1093,78,3733,ORD-20241215-23312,1,1349.0,1,defective_product
8035,1096,7,12232,ORD-20241216-42026,1,569.05,1,changed_mind
8036,1096,68,28410,ORD-20241216-99667,1,87.2,1,not_as_described
8037,1085,91,21452,ORD-20241216-91019,1,696.15,1,changed_mind
8038,1096,65,49813,ORD-20241216-34359,1,1519.05,1,delivery_issue
8039,1096,72,46490,ORD-20241216-66236,1,129.0,1,compatibility_issue
8040,1084,93,20562,ORD-20241216-15241,1,59.0,1,changed_mind
8041,1096,61,23200,ORD-20241216-37426,1,899.1,1,compatibility_issue
8042,1096,10,17489,ORD-20241216-73882,1,2519.1,1,wrong_item
8043,1096,37,8899,ORD-20241216-56057,1,759.05,1,changed_mind
8044,1096,68,6613,ORD-20241216-59418,1,98.1,1,wrong_item
8045,1096,16,6057,ORD-20241216-11294,1,426.55,1,not_as_described
8046,1087,80,33813,ORD-20241216-50475,1,989.1,1,not_as_described
8047,1096,27,41134,ORD-20241217-78658,1,134.1,1,wrong_item
8048,1094,59,823,ORD-20241217-73540,1,1799.0,1,defective_product
8049,1089,51,28395,ORD-20241217-39878,1,599.0,1,compatibility_issue
8050,1096,74,46205,ORD-20241217-39065,1,269.1,1,wrong_item
8051,1094,94,3920,ORD-20241217-73830,1,84.15,1,defective_product
8052,1096,2,48985,ORD-20241217-79214,1,2374.05,1,compatibility_issue
8053,1096,72,7894,ORD-20241217-96146,1,129.0,1,defective_product
8054,1089,85,35842,ORD-20241217-31910,1,449.0,1,not_as_described
8055,1096,11,12215,ORD-20241217-18306,1,426.55,1,changed_mind
8056,1096,38,20294,ORD-20241217-54579,1,699.0,1,not_as_described
8057,1096,32,28818,ORD-20241217-54920,1,854.05,1,changed_mind
8058,1096,6,32583,ORD-20241217-11374,1,2199.0,1,defective_product
8059,1096,71,40486,ORD-20241217-97265,1,79.0,1,wrong_item
8060,1096,64,45815,ORD-20241217-66518,1,699.0,1,defective_product
8061,1086,1,45498,ORD-20241217-48691,1,1169.1,1,not_as_described
8062,1089,94,13931,ORD-20241218-48740,3,282.15,1,not_as_described
8063,1096,66,12442,ORD-20241218-93315,1,899.0,1,delivery_issue
8064,1096,34,32883,ORD-20241218-80198,1,849.15,1,compatibility_issue
8065,1096,83,44416,ORD-20241218-74857,1,339.15,1,defective_product
8066,1091,35,21066,ORD-20241218-40157,1,699.0,1,delivery_issue
8067,1096,97,8393,ORD-20241218-12096,1,284.05,1,delivery_issue
8068,1096,46,20730,ORD-20241218-31809,1,499.0,1,not_as_described
8069,1089,85,48166,ORD-20241218-44180,1,449.0,1,wrong_item
8070,1096,22,19282,ORD-20241218-40732,1,269.1,1,not_as_described
8071,1096,17,34974,ORD-20241218-71773,1,699.0,1,defective_product
8072,1096,72,3644,ORD-20241218-26680,1,116.1,1,wrong_item
8073,1096,67,23555,ORD-20241218-81908,1,999.0,1,changed_mind
8074,1096,24,37033,ORD-20241218-75526,1,279.0,1,not_as_described
8075,1096,79,15988,ORD-20241218-78511,2,1708.1,1,not_as_described
8076,1096,67,49598,ORD-20241218-66318,1,949.05,1,not_as_described
8077,1096,9,47483,ORD-20241219-97734,1,1234.05,1,changed_mind
8078,1096,85,33946,ORD-20241219-96519,1,449.0,1,defective_product
8079,1096,5,31803,ORD-20241219-64170,1,1349.1,1,defective_product
8080,1096,74,6366,ORD-20241219-39434,1,299.0,1,changed_mind
8081,1094,79,10040,ORD-20241219-20978,1,719.2,1,not_as_described
8082,1090,83,43765,ORD-20241219-87206,1,359.1,1,defective_product
8083,1096,65,27661,ORD-20241219-19774,1,1599.0,1,defective_product
8084,1096,88,11671,ORD-20241219-88685,1,629.1,1,changed_mind
8085,1096,61,26616,ORD-20241219-78174,1,849.15,1,wrong_item
8086,1096,72,33185,ORD-20241219-14741,1,122.55,1,delivery_issue
8087,1095,85,1733,ORD-20241219-72471,1,381.65,1,defective_product
8088,1096,30,4571,ORD-20241219-90880,1,1299.0,1,changed_mind
8089,1096,70,31039,ORD-20241219-27955,1,116.1,1,delivery_issue
8090,1096,91,4508,ORD-20241219-82837,1,655.2,1,not_as_described
8091,1091,79,25540,ORD-20241219-22946,3,2697.0,1,defective_product
8092,1093,4,8011,ORD-20241219-37431,2,593.3,1,defective_product
8093,1096,38,37786,ORD-20241219-79824,1,664.05,1,not_as_described
8094,1096,11,39260,ORD-20241219-30164,1,381.65,1,compatibility_issue
8095,1093,65,43459,ORD-20241219-74270,1,1599.0,1,defective_product
8096,1093,71,29667,ORD-20241219-84380,1,75.05,1,changed_mind
8097,1096,48,39794,ORD-20241219-17087,1,699.0,1,not_as_described
8098,1092,72,1079,ORD-20241220-47782,1,129.0,1,defective_product
8099,1096,76,11585,ORD-20241220-84187,1,1329.0,1,defective_product
8100,1096,98,41981,ORD-20241220-91862,1,249.0,1,defective_product
8101,1096,13,36044,ORD-20241220-83533,1,296.65,1,not_as_described
8102,1096,76,23778,ORD-20241220-15640,1,1063.2,1,defective_product
8103,1091,63,32993,ORD-20241220-74415,1,1519.05,1,defective_product
8104,1096,72,30256,ORD-20241220-49553,2,219.3,1,compatibility_issue
8105,1096,27,47903,ORD-20241220-71815,1,149.0,1,compatibility_issue
8106,1096,65,19325,ORD-20241220-29836,1,1599.0,1,not_as_described
8107,1092,58,22474,ORD-20241220-49576,1,1444.15,1,changed_mind
8108,1096,87,12623,ORD-20241220-85681,1,299.0,1,defective_product
8109,1090,93,11783,ORD-20241220-58870,1,59.0,1,not_as_described
8110,1096,30,35363,ORD-20241220-88544,1,1104.15,1,changed_mind
8111,1096,34,7285,ORD-20241220-68854,1,699.3,1,defective_product
8112,1096,79,14040,ORD-20241220-40118,2,1798.0,1,changed_mind
8113,1096,30,38287,ORD-20241220-75187,1,1299.0,1,changed_mind
8114,1092,26,10036,ORD-20241220-80076,1,125.3,1,changed_mind
8115,1096,79,28161,ORD-20241220-39123,1,809.1,1,changed_mind
8116,1094,80,28606,ORD-20241220-68053,1,1099.0,1,not_as_described
8117,1096,35,38305,ORD-20241220-72319,1,664.05,1,not_as_described
8118,1096,80,28574,ORD-20241221-85280,1,769.3,1,not_as_described
8119,1096,16,24401,ORD-20241221-26334,1,426.55,1,wrong_item
8120,1096,65,4133,ORD-20241221-14488,1,1359.15,1,not_as_described
8121,1096,82,45440,ORD-20241221-24804,1,849.0,1,not_as_described
8122,1096,49,37922,ORD-20241221-86636,1,499.0,1,not_as_described
8123,1096,37,26205,ORD-20241221-69072,1,799.0,1,changed_mind
8124,1093,82,24129,ORD-20241221-36669,2,1528.2,1,delivery_issue
8125,1096,22,35306,ORD-20241221-72291,1,209.3,1,delivery_issue
8126,1096,65,31909,ORD-20241221-36445,2,2878.2,1,defective_product
8127,1092,65,26683,ORD-20241221-68379,1,1599.0,1,not_as_described
8128,1096,94,31130,ORD-20241221-93486,1,79.2,1,delivery_issue
8129,1095,64,44880,ORD-20241221-14137,1,594.15,1,wrong_item
8130,1096,68,38850,ORD-20241221-75767,1,76.3,1,not_as_described
8131,1096,67,23464,ORD-20241221-30955,1,949.05,1,not_as_described
8132,1089,66,49668,ORD-20241221-28995,1,764.15,1,not_as_described
8133,1096,66,49179,ORD-20241221-18731,1,899.0,1,defective_product
8134,1091,92,33273,ORD-20241222-83398,1,975.2,1,defective_product
8135,1096,18,45501,ORD-20241222-58776,1,509.15,1,defective_product
8136,1096,49,4914,ORD-20241222-55863,1,474.05,1,delivery_issue
8137,1096,1,27819,ORD-20241222-95061,1,1104.15,1,wrong_item
8138,1093,18,49875,ORD-20241222-27282,1,539.1,1,defective_product
8139,1096,88,16242,ORD-20241222-55171,1,699.0,1,defective_product
8140,1096,7,3383,ORD-20241222-66558,2,1018.3,1,defective_product
8141,1096,63,42290,ORD-20241222-87350,1,1599.0,1,wrong_item
8142,1096,22,43787,ORD-20241222-46654,1,284.05,1,delivery_issue
8143,1096,91,12665,ORD-20241222-27373,1,737.1,1,not_as_described
8144,1096,21,30248,ORD-20241222-49337,1,329.0,1,compatibility_issue
8145,1096,10,9828,ORD-20241222-20823,1,2799.0,1,not_as_described
8146,1091,39,25256,ORD-20241222-14832,1,1399.0,1,not_as_described
8147,1095,4,22136,ORD-20241222-31772,1,349.0,1,not_as_described
8148,1096,67,37053,ORD-20241222-18559,1,999.0,1,compatibility_issue
8149,1096,7,48881,ORD-20241222-44533,1,539.1,1,not_as_described
8150,1096,17,46555,ORD-20241222-36321,1,594.15,1,defective_product
8151,1096,66,46708,ORD-20241222-11651,1,899.0,1,delivery_issue
8152,1094,71,21516,ORD-20241222-72432,1,79.0,1,not_as_described
8153,1096,47,7549,ORD-20241222-36338,1,539.1,1,defective_product
8154,1096,28,38547,ORD-20241222-39775,1,174.3,1,delivery_issue
8155,1096,65,13321,ORD-20241222-63081,1,1519.05,1,changed_mind
8156,1096,17,29181,ORD-20241222-24853,1,664.05,1,not_as_described
8157,1096,5,34430,ORD-20241222-19846,1,1199.2,1,not_as_described
8158,1096,80,29063,ORD-20241223-93153,1,769.3,1,not_as_described
8159,1096,78,44858,ORD-20241223-81572,2,2428.2,1,wrong_item
8160,1096,57,27802,ORD-20241223-70706,1,1699.15,1,compatibility_issue
8161,1096,68,46805,ORD-20241223-47912,1,103.55,1,changed_mind
8162,1096,39,19848,ORD-20241223-63965,1,1189.15,1,changed_mind
8163,1096,78,12953,ORD-20241223-18097,1,1079.2,1,defective_product
8164,1096,27,46528,ORD-20241223-71040,1,134.1,1,compatibility_issue
8165,1096,31,23800,ORD-20241223-71136,1,1099.0,1,wrong_item
8166,1096,21,38767,ORD-20241223-99843,1,329.0,1,not_as_described
8167,1096,95,44123,ORD-20241223-95019,1,141.55,1,defective_product
8168,1096,93,30129,ORD-20241223-79800,1,53.1,1,compatibility_issue
8169,1096,18,37359,ORD-20241223-70188,1,599.0,1,delivery_issue
8170,1096,87,48734,ORD-20241223-74092,1,284.05,1,not_as_described
8171,1095,59,36337,ORD-20241223-38635,1,1439.2,1,not_as_described
8172,1096,18,20511,ORD-20241223-99454,1,509.15,1,not_as_described
8173,1096,6,17700,ORD-20241223-46330,1,1979.1,1,defective_product
8174,1096,17,37439,ORD-20241223-51290,1,664.05,1,defective_product
8175,1096,71,18284,ORD-20241223-52724,1,75.05,1,defective_product
8176,1096,72,21009,ORD-20241223-86795,1,103.2,1,not_as_described
8177,1092,73,26547,ORD-20241223-93822,1,103.55,1,compatibility_issue
8178,1096,40,45562,ORD-20241223-49914,1,749.0,1,delivery_issue
8179,1096,52,33869,ORD-20241223-15232,1,314.1,1,changed_mind
8180,1096,54,30213,ORD-20241223-97140,1,79.2,1,defective_product
8181,1096,57,30954,ORD-20241223-80827,1,1599.2,1,compatibility_issue
8182,1096,98,19006,ORD-20241223-26165,1,249.0,1,wrong_item
8183,1091,55,31781,ORD-20241223-40319,1,1274.15,1,changed_mind
8184,1092,76,49322,ORD-20241223-98121,1,1196.1,1,wrong_item
8185,1096,32,34598,ORD-20241223-19570,1,899.0,1,defective_product
8186,1096,85,5814,ORD-20241223-66147,2,808.2,1,changed_mind
8187,1096,76,22196,ORD-20241223-22366,1,1329.0,1,not_as_described
8188,1096,38,24578,ORD-20241224-37835,1,699.0,1,not_as_described
8189,1096,76,23596,ORD-20241224-99559,1,1262.55,1,compatibility_issue
8190,1093,2,19194,ORD-20241224-70826,1,2499.0,1,compatibility_issue
8191,1096,95,45573,ORD-20241224-38383,1,126.65,1,defective_product
8192,1096,97,5447,ORD-20241224-36420,1,284.05,1,compatibility_issue
8193,1096,56,42544,ORD-20241224-86875,1,2199.0,1,wrong_item
8194,1095,85,11355,ORD-20241224-81635,2,763.3,1,defective_product
8195,1096,47,31124,ORD-20241224-59083,1,509.15,1,not_as_described
8196,1096,17,41112,ORD-20241224-46676,1,699.0,1,compatibility_issue
8197,1096,73,15715,ORD-20241224-91689,1,87.2,1,defective_product
8198,1096,34,20283,ORD-20241224-76230,1,949.05,1,delivery_issue
8199,1096,81,46176,ORD-20241224-43091,1,799.0,1,changed_mind
8200,1096,47,1053,ORD-20241224-88274,2,1198.0,1,changed_mind
8201,1096,33,15276,ORD-20241224-73727,2,1358.3,1,defective_product
8202,1096,29,27442,ORD-20241224-18341,1,849.15,1,defective_product
8203,1093,14,8135,ORD-20241225-45533,2,1423.1,1,changed_mind
8204,1096,25,18026,ORD-20241225-56412,2,318.4,1,changed_mind
8205,1096,83,1809,ORD-20241225-86651,1,399.0,1,changed_mind
8206,1096,2,45276,ORD-20241225-63063,1,2374.05,1,delivery_issue
8207,1096,6,18689,ORD-20241225-22746,1,2089.05,1,defective_product
8208,1096,8,5624,ORD-20241225-48892,1,1619.1,1,wrong_item
8209,1096,12,9686,ORD-20241225-56497,1,854.05,1,wrong_item
8210,1096,5,9793,ORD-20241225-58235,2,2998.0,1,changed_mind
8211,1096,72,22493,ORD-20241225-23743,1,129.0,1,not_as_described
8212,1096,59,33020,ORD-20241225-77862,1,1799.0,1,wrong_item
8213,1095,2,22861,ORD-20241225-44385,1,1999.2,1,changed_mind
8214,1094,15,25937,ORD-20241225-94254,1,239.2,1,wrong_item
8215,1095,77,39690,ORD-20241225-72230,2,2058.0,1,delivery_issue
8216,1095,38,39866,ORD-20241225-74351,1,594.15,1,compatibility_issue
8217,1096,93,37810,ORD-20241225-72055,1,56.05,1,delivery_issue
8218,1095,94,4884,ORD-20241225-59862,2,168.3,1,delivery_issue
8219,1096,96,5499,ORD-20241225-79717,1,179.1,1,changed_mind
8220,1096,66,38172,ORD-20241225-52654,1,899.0,1,delivery_issue
8221,1096,36,45833,ORD-20241225-89017,1,539.1,1,wrong_item
8222,1096,7,29668,ORD-20241226-42635,1,569.05,1,defective_product
8223,1095,16,18281,ORD-20241226-76962,1,449.0,1,changed_mind
8224,1096,16,41128,ORD-20241226-22216,1,314.3,1,defective_product
8225,1096,37,37307,ORD-20241226-49467,1,799.0,1,not_as_described
8226,1096,79,36086,ORD-20241226-66354,1,629.3,1,changed_mind
8227,1096,26,41553,ORD-20241226-45037,1,161.1,1,defective_product
8228,1096,85,31247,ORD-20241226-27798,1,449.0,1,changed_mind
8229,1096,32,20953,ORD-20241226-83186,1,899.0,1,changed_mind
8230,1096,44,49567,ORD-20241227-45830,1,899.0,1,defective_product
8231,1096,7,10095,ORD-20241227-10504,1,599.0,1,changed_mind
8232,1096,85,46618,ORD-20241227-47866,1,426.55,1,defective_product
8233,1096,22,35919,ORD-20241227-71452,1,299.0,1,not_as_described
8234,1096,38,37157,ORD-20241227-49218,1,699.0,1,delivery_issue
8235,1096,25,37181,ORD-20241227-96811,1,179.1,1,delivery_issue
8236,1096,98,25063,ORD-20241227-77078,1,211.65,1,defective_product
8237,1096,89,9039,ORD-20241227-92039,2,473.1,1,not_as_described
8238,1096,65,44582,ORD-20241227-69123,2,3198.0,1,defective_product
8239,1096,10,25797,ORD-20241227-98358,1,2659.05,1,changed_mind
8240,1096,68,46670,ORD-20241228-97008,1,92.65,1,changed_mind
8241,1096,65,14563,ORD-20241228-45707,1,1599.0,1,delivery_issue
8242,1096,72,3676,ORD-20241228-21028,1,129.0,1,changed_mind
8243,1096,71,3890,ORD-20241228-67720,1,71.1,1,defective_product
8244,1096,62,37197,ORD-20241228-56760,1,1104.15,1,defective_product
8245,1096,18,29076,ORD-20241228-87794,1,569.05,1,defective_product
8246,1096,67,2501,ORD-20241228-98632,1,699.3,1,defective_product
8247,1096,71,21202,ORD-20241228-44424,1,67.15,1,not_as_described
8248,1096,76,37120,ORD-20241228-93030,1,1262.55,1,delivery_issue
8249,1096,54,7076,ORD-20241228-61276,1,94.05,1,defective_product
8250,1096,57,17609,ORD-20241228-33670,1,1899.05,1,delivery_issue
8251,1096,18,3038,ORD-20241228-44963,1,509.15,1,delivery_issue
8252,1096,69,19141,ORD-20241228-37044,1,122.55,1,compatibility_issue
8253,1096,79,693,ORD-20241228-36394,1,809.1,1,defective_product
8254,1096,59,46625,ORD-20241228-78075,1,1619.1,1,defective_product
8255,1096,26,18767,ORD-20241228-46345,1,161.1,1,defective_product
8256,1096,52,19252,ORD-20241228-74704,1,349.0,1,delivery_issue
8257,1096,73,7327,ORD-20241229-19358,2,174.4,1,wrong_item
8258,1096,5,21274,ORD-20241229-18511,1,1424.05,1,not_as_described
8259,1096,94,40447,ORD-20241229-61494,1,99.0,1,defective_product
8260,1096,66,29072,ORD-20241229-67643,2,1528.3,1,changed_mind
8261,1096,16,8523,ORD-20241229-19256,1,449.0,1,delivery_issue
8262,1096,91,11118,ORD-20241229-54648,1,737.1,1,compatibility_issue
8263,1096,60,35013,ORD-20241229-15572,1,839.3,1,not_as_described
8264,1096,20,37050,ORD-20241229-88758,1,314.1,1,compatibility_issue
8265,1096,54,26654,ORD-20241229-81012,1,84.15,1,defective_product
8266,1096,67,46479,ORD-20241229-68005,1,699.3,1,defective_product
8267,1096,7,30492,ORD-20241229-85005,1,539.1,1,wrong_item
8268,1096,91,47753,ORD-20241229-58649,2,1474.2,1,changed_mind
8269,1096,84,4007,ORD-20241229-41707,1,764.15,1,changed_mind
8270,1096,58,5116,ORD-20241229-17519,1,1699.0,1,defective_product
8271,1096,25,17316,ORD-20241229-36364,1,179.1,1,not_as_described
8272,1096,28,4700,ORD-20241230-71987,1,249.0,1,defective_product
8273,1096,19,21445,ORD-20241230-76279,1,339.15,1,not_as_described
8274,1096,77,43873,ORD-20241230-69151,1,823.2,1,defective_product
8275,1096,10,25374,ORD-20241230-51699,1,2799.0,1,defective_product
8276,1096,19,46937,ORD-20241230-10708,1,339.15,1,not_as_described
8277,1096,77,33103,ORD-20241230-77813,1,1029.0,1,changed_mind
8278,1096,72,14901,ORD-20241230-64023,1,109.65,1,not_as_described
8279,1096,95,13507,ORD-20241230-23582,1,134.1,1,not_as_described
8280,1096,63,5573,ORD-20241230-52233,1,1519.05,1,changed_mind
8281,1096,91,2106,ORD-20241231-13781,1,696.15,1,defective_product
8282,1096,14,7288,ORD-20241231-84753,1,711.55,1,changed_mind
8283,1096,66,19808,ORD-20241231-20592,1,764.15,1,wrong_item
8284,1096,14,5530,ORD-20241231-92298,1,674.1,1,defective_product
8285,1096,79,7679,ORD-20241231-69143,1,899.0,1,defective_product
8286,1096,55,20777,ORD-20241231-46336,1,1274.15,1,not_as_described
8287,1096,11,43074,ORD-20241231-19075,1,449.0,1,delivery_issue
8288,1096,10,41514,ORD-20241231-64143,1,2799.0,1,changed_mind
8289,1096,50,5631,ORD-20241231-65644,1,749.0,1,delivery_issue
8290,1096,30,6061,ORD-20241231-75687,1,1299.0,1,compatibility_issue
8291,1096,93,730,ORD-20241231-42826,1,59.0,1,defective_product
8292,1096,90,18473,ORD-20241231-78342,1,849.0,1,defective_product
8293,1096,61,1457,ORD-20241231-27005,1,999.0,1,defective_product
