ticket_id,date_id,customer_id,store_id,resolution_time_hours,ticket_count,escalation_flag,issue_type,status
1,12,16488,,2,1,0,return_request,resolved
2,15,8538,,8,1,0,return_request,resolved
3,8,6610,,24,1,0,return_request,resolved
4,9,34174,,4,1,0,return_request,resolved
5,3,41436,,120,1,1,return_request,resolved
6,11,20977,,48,1,0,return_request,resolved
7,1,26822,,8,1,0,return_request,resolved
8,5,43352,,48,1,0,delivery_problem,resolved
9,11,7471,,2,1,0,return_request,in_progress
10,6,34529,9,24,1,0,warranty_claim,resolved
11,7,35896,,48,1,0,return_request,resolved
12,10,44104,,8,1,0,return_request,resolved
13,2,17647,,4,1,0,return_request,resolved
14,6,45461,,48,1,0,return_request,resolved
15,5,42808,4,24,1,0,return_request,resolved
16,4,25950,3,24,1,0,technical_issue,resolved
17,2,15373,,4,1,0,return_request,resolved
18,14,6100,23,8,1,0,return_request,resolved
19,12,13848,,72,1,1,warranty_claim,resolved
20,4,7760,,8,1,0,return_request,resolved
21,10,23229,,24,1,0,return_request,pending
22,15,13770,26,120,1,1,warranty_claim,resolved
23,12,1393,,24,1,0,product_inquiry,resolved
24,10,27126,23,24,1,0,billing_issue,in_progress
25,9,48046,,8,1,0,technical_issue,resolved
26,8,43084,,4,1,0,return_request,in_progress
27,7,24528,,24,1,0,return_request,in_progress
28,15,31575,5,4,1,0,technical_issue,in_progress
29,8,3914,,8,1,0,return_request,resolved
30,7,24221,,72,1,1,return_request,resolved
31,15,24584,,72,1,1,return_request,resolved
32,15,11542,,72,1,1,technical_issue,resolved
33,16,32890,,4,1,0,technical_issue,in_progress
34,8,19665,,8,1,0,return_request,resolved
35,16,40011,10,24,1,0,technical_issue,pending
36,9,13722,,72,1,1,return_request,resolved
37,14,28726,,48,1,0,return_request,resolved
38,13,21838,,8,1,0,return_request,resolved
39,16,27895,,4,1,0,return_request,resolved
40,15,26370,,24,1,0,delivery_problem,resolved
41,3,28656,17,72,1,1,delivery_problem,resolved
42,14,44151,,48,1,0,return_request,resolved
43,13,39229,,8,1,0,return_request,resolved
44,11,32719,17,24,1,0,technical_issue,resolved
45,7,18872,,120,1,1,return_request,resolved
46,8,29377,19,48,1,0,billing_issue,resolved
47,14,17616,,48,1,0,technical_issue,resolved
48,15,37166,,24,1,0,technical_issue,resolved
49,3,30829,,4,1,0,return_request,resolved
50,17,37531,,4,1,0,delivery_problem,resolved
51,17,37701,,4,1,0,return_request,resolved
52,5,23791,,24,1,0,return_request,resolved
53,5,32680,,2,1,0,return_request,resolved
54,15,18691,,120,1,1,return_request,resolved
55,9,29827,,2,1,0,return_request,in_progress
56,12,5197,,24,1,0,return_request,resolved
57,18,39581,,48,1,0,return_request,resolved
58,16,6721,,24,1,0,return_request,resolved
59,9,17569,,24,1,0,return_request,resolved
60,6,41198,,24,1,0,return_request,pending
61,7,25194,1,72,1,1,delivery_problem,resolved
62,14,4026,6,2,1,0,product_inquiry,resolved
63,9,16103,,24,1,0,return_request,resolved
64,15,20869,4,120,1,1,return_request,resolved
65,6,395,,72,1,1,technical_issue,resolved
66,13,24624,,72,1,1,return_request,resolved
67,17,23920,,120,1,1,technical_issue,resolved
68,11,23936,,2,1,0,billing_issue,resolved
69,13,19128,4,24,1,0,warranty_claim,pending
70,13,34394,,120,1,1,return_request,resolved
71,14,42474,,8,1,0,billing_issue,pending
72,13,29735,,120,1,1,delivery_problem,resolved
73,8,35782,12,4,1,0,product_inquiry,resolved
74,17,27790,,168,1,1,delivery_problem,resolved
75,13,34976,,4,1,0,return_request,resolved
76,11,12985,,48,1,0,return_request,pending
77,10,43487,8,8,1,0,billing_issue,in_progress
78,14,16351,,24,1,0,return_request,resolved
79,13,4267,,72,1,1,return_request,resolved
80,15,14005,2,8,1,0,delivery_problem,resolved
81,8,15291,,24,1,0,return_request,in_progress
82,9,38431,,48,1,0,return_request,resolved
83,12,44282,,2,1,0,return_request,in_progress
84,12,32841,1,8,1,0,technical_issue,resolved
85,5,11778,,4,1,0,return_request,resolved
86,9,33827,,24,1,0,return_request,resolved
87,17,13561,11,48,1,0,technical_issue,resolved
88,7,42693,,8,1,0,return_request,in_progress
89,16,47591,12,8,1,0,delivery_problem,resolved
90,17,32867,,2,1,0,return_request,resolved
91,18,32573,1,120,1,1,delivery_problem,pending
92,18,570,,4,1,0,return_request,resolved
93,8,42732,,24,1,0,return_request,resolved
94,6,38147,,72,1,1,return_request,pending
95,18,37159,,8,1,0,return_request,resolved
96,11,20416,,48,1,0,delivery_problem,resolved
97,9,32975,,24,1,0,warranty_claim,resolved
98,7,2019,,8,1,0,technical_issue,in_progress
99,14,1728,23,4,1,0,billing_issue,resolved
100,15,47619,,48,1,0,return_request,resolved
101,21,17590,,8,1,0,billing_issue,resolved
102,7,5283,,24,1,0,return_request,resolved
103,14,27656,,8,1,0,warranty_claim,pending
104,17,35707,,24,1,0,return_request,resolved
105,14,12769,,48,1,0,return_request,resolved
106,17,36175,,72,1,1,return_request,resolved
107,11,41659,6,8,1,0,billing_issue,resolved
108,20,8437,,24,1,0,return_request,resolved
109,18,22769,,24,1,0,return_request,resolved
110,15,31791,,48,1,0,return_request,resolved
111,7,16730,,72,1,1,return_request,resolved
112,19,42142,23,24,1,0,technical_issue,resolved
113,11,22501,,24,1,0,warranty_claim,resolved
114,10,15500,,4,1,0,return_request,resolved
115,21,40531,,2,1,0,return_request,resolved
116,10,45504,21,8,1,0,delivery_problem,resolved
117,14,19031,,4,1,0,return_request,resolved
118,12,26147,,72,1,1,return_request,resolved
119,16,46137,,120,1,1,return_request,resolved
120,13,19356,,8,1,0,return_request,resolved
121,14,21873,,24,1,0,return_request,resolved
122,13,30431,,24,1,0,billing_issue,resolved
123,14,42560,,48,1,0,return_request,pending
124,9,18132,,24,1,0,return_request,resolved
125,20,31759,,2,1,0,return_request,resolved
126,21,7280,,8,1,0,return_request,resolved
127,19,5007,,4,1,0,return_request,resolved
128,12,7147,,24,1,0,return_request,resolved
129,10,20574,,2,1,0,return_request,resolved
130,16,21348,,24,1,0,return_request,in_progress
131,11,36113,,8,1,0,return_request,resolved
132,8,682,,8,1,0,billing_issue,resolved
133,13,49903,,8,1,0,return_request,resolved
134,18,40886,,4,1,0,billing_issue,resolved
135,11,27735,,2,1,0,return_request,resolved
136,10,39193,22,2,1,0,delivery_problem,resolved
137,22,14993,,24,1,0,return_request,resolved
138,12,41640,,72,1,1,return_request,resolved
139,11,14585,,24,1,0,return_request,resolved
140,11,39299,,2,1,0,return_request,resolved
141,23,27755,,72,1,1,return_request,resolved
142,11,37837,,24,1,0,return_request,resolved
143,21,13761,,4,1,0,return_request,resolved
144,10,6911,,48,1,0,return_request,resolved
145,11,2566,,48,1,0,technical_issue,resolved
146,14,5078,21,48,1,0,return_request,in_progress
147,20,14900,,2,1,0,return_request,resolved
148,12,3057,,48,1,0,return_request,resolved
149,12,49227,,24,1,0,return_request,resolved
150,16,8420,13,48,1,0,product_inquiry,resolved
151,13,46048,4,8,1,0,delivery_problem,in_progress
152,21,18832,,8,1,0,billing_issue,resolved
153,20,49711,,4,1,0,warranty_claim,resolved
154,15,30196,,24,1,0,return_request,resolved
155,19,47821,,48,1,0,warranty_claim,resolved
156,10,13739,,24,1,0,return_request,resolved
157,11,24377,,4,1,0,return_request,resolved
158,24,25897,,8,1,0,return_request,resolved
159,14,32233,,48,1,0,product_inquiry,resolved
160,13,23949,,8,1,0,return_request,resolved
161,18,35257,,120,1,1,return_request,resolved
162,14,10820,,72,1,1,return_request,resolved
163,12,39560,,120,1,1,delivery_problem,resolved
164,12,26389,,2,1,0,return_request,resolved
165,21,38114,,4,1,0,return_request,resolved
166,15,49204,,24,1,0,technical_issue,resolved
167,20,34483,,8,1,0,return_request,resolved
168,22,45831,,72,1,1,return_request,resolved
169,25,4826,17,24,1,0,warranty_claim,resolved
170,25,15601,,48,1,0,return_request,resolved
171,17,18695,,120,1,1,return_request,in_progress
172,22,23073,,120,1,1,return_request,resolved
173,25,12827,,8,1,0,delivery_problem,resolved
174,22,40677,,48,1,0,return_request,resolved
175,12,19590,7,4,1,0,return_request,resolved
176,13,33942,,48,1,0,technical_issue,resolved
177,19,411,,24,1,0,return_request,resolved
178,22,12115,,8,1,0,warranty_claim,resolved
179,13,41200,,4,1,0,return_request,resolved
180,14,22736,,8,1,0,product_inquiry,resolved
181,14,17163,,4,1,0,return_request,resolved
182,24,11054,,24,1,0,delivery_problem,resolved
183,15,15924,,4,1,0,warranty_claim,resolved
184,25,22736,,72,1,1,return_request,resolved
185,16,6868,,8,1,0,return_request,resolved
186,22,46828,,72,1,1,return_request,resolved
187,20,24111,,8,1,0,technical_issue,resolved
188,25,16708,,48,1,0,return_request,in_progress
189,23,15944,,4,1,0,return_request,resolved
190,24,49891,27,48,1,0,delivery_problem,resolved
191,16,31307,1,48,1,0,product_inquiry,resolved
192,12,32327,16,72,1,1,billing_issue,resolved
193,26,16096,,4,1,0,return_request,resolved
194,25,626,4,48,1,0,delivery_problem,resolved
195,27,370,,72,1,1,return_request,resolved
196,26,1588,,72,1,1,billing_issue,resolved
197,19,28717,,48,1,0,return_request,resolved
198,14,39486,,24,1,0,return_request,resolved
199,21,32974,,4,1,0,return_request,in_progress
200,20,32332,,120,1,1,return_request,resolved
201,15,20911,,2,1,0,return_request,resolved
202,22,46494,,24,1,0,return_request,resolved
203,15,22176,,48,1,0,return_request,pending
204,14,20109,,4,1,0,return_request,resolved
205,15,23893,,48,1,0,return_request,resolved
206,16,24136,,24,1,0,return_request,resolved
207,27,25201,,4,1,0,technical_issue,resolved
208,15,4444,,8,1,0,delivery_problem,resolved
209,27,38102,,4,1,0,return_request,resolved
210,27,5018,,24,1,0,warranty_claim,resolved
211,27,150,,24,1,0,return_request,resolved
212,21,15746,,2,1,0,return_request,resolved
213,22,29873,1,168,1,1,return_request,resolved
214,21,12015,,24,1,0,return_request,resolved
215,17,2353,,48,1,0,return_request,resolved
216,15,9933,,24,1,0,technical_issue,resolved
217,15,18041,8,72,1,1,delivery_problem,resolved
218,24,7535,,4,1,0,return_request,resolved
219,25,32318,,48,1,0,return_request,resolved
220,24,6366,,8,1,0,return_request,resolved
221,16,46534,,8,1,0,return_request,in_progress
222,18,17220,17,4,1,0,technical_issue,resolved
223,26,43230,,4,1,0,delivery_problem,resolved
224,20,48634,,120,1,1,technical_issue,resolved
225,19,35954,,4,1,0,return_request,resolved
226,29,34203,,4,1,0,return_request,resolved
227,21,28589,5,48,1,0,return_request,resolved
228,28,25710,,2,1,0,delivery_problem,in_progress
229,28,4262,,2,1,0,billing_issue,resolved
230,16,44126,,48,1,0,billing_issue,resolved
231,24,25296,,8,1,0,return_request,resolved
232,24,23815,,24,1,0,return_request,resolved
233,26,27159,,24,1,0,return_request,resolved
234,15,25532,23,4,1,0,return_request,resolved
235,26,27769,,24,1,0,delivery_problem,resolved
236,26,37013,,2,1,0,return_request,resolved
237,25,24160,,8,1,0,return_request,pending
238,25,15835,,4,1,0,billing_issue,in_progress
239,20,1835,,48,1,0,return_request,resolved
240,28,49349,,24,1,0,return_request,resolved
241,21,4973,,8,1,0,return_request,pending
242,29,43525,23,8,1,0,return_request,resolved
243,30,9073,,72,1,1,warranty_claim,resolved
244,17,12033,,72,1,1,return_request,resolved
245,20,13194,28,4,1,0,product_inquiry,resolved
246,18,33584,,2,1,0,return_request,pending
247,19,1664,,48,1,0,return_request,resolved
248,26,30086,17,8,1,0,warranty_claim,resolved
249,22,16099,,168,1,1,return_request,resolved
250,17,23861,,4,1,0,billing_issue,pending
251,26,43038,,4,1,0,warranty_claim,resolved
252,29,44118,,8,1,0,return_request,resolved
253,26,31217,,72,1,1,billing_issue,resolved
254,23,18153,,24,1,0,return_request,resolved
255,18,25498,,24,1,0,return_request,resolved
256,21,27314,,24,1,0,return_request,resolved
257,18,42717,18,72,1,1,product_inquiry,resolved
258,27,3450,,8,1,0,billing_issue,resolved
259,17,2378,,24,1,0,return_request,in_progress
260,28,27228,,8,1,0,return_request,resolved
261,27,2072,,48,1,0,product_inquiry,resolved
262,27,22784,,4,1,0,return_request,resolved
263,31,12827,,4,1,0,return_request,resolved
264,18,2424,,4,1,0,billing_issue,resolved
265,24,28449,,48,1,0,return_request,resolved
266,19,39318,11,24,1,0,warranty_claim,resolved
267,25,1804,,24,1,0,return_request,resolved
268,18,27618,,8,1,0,return_request,resolved
269,25,6746,,24,1,0,return_request,resolved
270,21,8475,28,48,1,0,billing_issue,resolved
271,23,5105,,8,1,0,delivery_problem,resolved
272,30,46542,,8,1,0,return_request,resolved
273,27,17347,,8,1,0,return_request,resolved
274,25,13876,,8,1,0,return_request,resolved
275,31,24896,,24,1,0,return_request,resolved
276,30,28729,,24,1,0,delivery_problem,resolved
277,22,40833,18,120,1,1,return_request,resolved
278,21,41880,,24,1,0,delivery_problem,pending
279,30,33452,,2,1,0,return_request,resolved
280,30,40763,,24,1,0,return_request,resolved
281,22,2174,,24,1,0,return_request,resolved
282,27,18872,,2,1,0,return_request,resolved
283,21,31300,,24,1,0,billing_issue,resolved
284,34,37896,,72,1,1,return_request,resolved
285,31,43790,,24,1,0,return_request,resolved
286,29,16876,,4,1,0,return_request,resolved
287,34,9431,,48,1,0,return_request,resolved
288,28,439,,8,1,0,return_request,resolved
289,21,4931,,8,1,0,return_request,resolved
290,24,30085,,2,1,0,return_request,resolved
291,28,36628,,48,1,0,product_inquiry,resolved
292,31,33651,,2,1,0,return_request,in_progress
293,28,4074,,8,1,0,return_request,resolved
294,23,33256,,8,1,0,return_request,pending
295,21,4391,,48,1,0,return_request,resolved
296,22,37125,2,48,1,0,warranty_claim,pending
297,21,34611,,24,1,0,return_request,resolved
298,30,20815,,120,1,1,technical_issue,pending
299,36,45574,,24,1,0,return_request,resolved
300,24,17610,,2,1,0,return_request,resolved
301,25,38355,,24,1,0,technical_issue,resolved
302,23,8631,19,48,1,0,warranty_claim,resolved
303,29,30338,,4,1,0,return_request,resolved
304,34,9373,,8,1,0,product_inquiry,resolved
305,32,34781,,8,1,0,return_request,resolved
306,30,6906,12,8,1,0,delivery_problem,resolved
307,35,41136,,24,1,0,delivery_problem,resolved
308,34,14850,,8,1,0,return_request,resolved
309,36,48110,,48,1,0,return_request,resolved
310,27,35037,,8,1,0,return_request,resolved
311,23,46626,,24,1,0,delivery_problem,resolved
312,25,4197,,48,1,0,return_request,resolved
313,28,12092,4,8,1,0,product_inquiry,resolved
314,28,2877,,24,1,0,product_inquiry,resolved
315,24,28700,,8,1,0,product_inquiry,resolved
316,34,33751,,24,1,0,return_request,resolved
317,33,21776,,120,1,1,return_request,resolved
318,33,41425,,48,1,0,return_request,resolved
319,25,31430,,24,1,0,technical_issue,resolved
320,30,38779,,8,1,0,return_request,resolved
321,30,45446,,72,1,1,return_request,resolved
322,31,6343,,8,1,0,return_request,resolved
323,30,38468,,24,1,0,return_request,resolved
324,33,46866,,72,1,1,return_request,resolved
325,30,30123,,4,1,0,return_request,resolved
326,38,12525,1,4,1,0,product_inquiry,resolved
327,31,1298,,8,1,0,return_request,resolved
328,39,3413,,24,1,0,billing_issue,resolved
329,26,42062,,8,1,0,technical_issue,resolved
330,32,48781,,24,1,0,return_request,resolved
331,29,29063,,24,1,0,warranty_claim,resolved
332,29,28367,,24,1,0,technical_issue,resolved
333,33,35441,3,72,1,1,technical_issue,pending
334,28,30529,3,4,1,0,product_inquiry,resolved
335,37,26853,,24,1,0,return_request,pending
336,28,5791,,2,1,0,return_request,resolved
337,40,14396,,4,1,0,return_request,pending
338,40,40922,5,24,1,0,technical_issue,in_progress
339,28,45568,,4,1,0,technical_issue,resolved
340,39,22210,,24,1,0,billing_issue,resolved
341,31,35132,,4,1,0,return_request,resolved
342,32,48794,,2,1,0,product_inquiry,in_progress
343,42,16710,,24,1,0,return_request,resolved
344,40,207,,24,1,0,return_request,resolved
345,33,3718,,48,1,0,return_request,in_progress
346,42,28500,,24,1,0,return_request,resolved
347,34,21230,,24,1,0,return_request,resolved
348,36,48671,,24,1,0,return_request,resolved
349,34,17997,,24,1,0,return_request,resolved
350,34,16401,,4,1,0,return_request,resolved
351,33,26838,,120,1,1,return_request,resolved
352,33,41243,,8,1,0,return_request,pending
353,30,18809,,48,1,0,return_request,pending
354,38,45014,,8,1,0,return_request,resolved
355,37,46600,,24,1,0,return_request,resolved
356,36,23606,,4,1,0,technical_issue,resolved
357,41,3270,,48,1,0,return_request,resolved
358,34,221,,48,1,0,return_request,resolved
359,34,3391,,24,1,0,return_request,resolved
360,37,34827,,48,1,0,return_request,resolved
361,30,10145,12,24,1,0,billing_issue,resolved
362,33,22231,,8,1,0,return_request,resolved
363,34,36018,,24,1,0,return_request,resolved
364,39,27345,,8,1,0,return_request,resolved
365,38,29087,,120,1,1,return_request,resolved
366,36,11351,,24,1,0,return_request,resolved
367,37,20311,,8,1,0,billing_issue,in_progress
368,39,22593,,24,1,0,return_request,resolved
369,44,44522,,24,1,0,warranty_claim,resolved
370,40,25630,,48,1,0,return_request,resolved
371,34,49584,,4,1,0,return_request,resolved
372,31,26847,,8,1,0,return_request,resolved
373,33,32630,1,4,1,0,technical_issue,resolved
374,44,47941,,4,1,0,return_request,resolved
375,38,48290,,48,1,0,return_request,resolved
376,39,2993,,8,1,0,technical_issue,resolved
377,37,43647,,8,1,0,return_request,resolved
378,32,39838,,8,1,0,return_request,resolved
379,42,42902,,24,1,0,return_request,in_progress
380,46,48116,,72,1,1,return_request,pending
381,32,40983,,8,1,0,return_request,resolved
382,36,14750,25,2,1,0,return_request,resolved
383,39,23248,,24,1,0,return_request,resolved
384,42,42661,,24,1,0,technical_issue,resolved
385,39,1811,,4,1,0,billing_issue,resolved
386,34,37486,,24,1,0,return_request,resolved
387,44,22242,,24,1,0,return_request,resolved
388,37,37929,,24,1,0,technical_issue,resolved
389,36,7647,,24,1,0,return_request,resolved
390,42,41718,,4,1,0,return_request,pending
391,40,44357,,8,1,0,return_request,resolved
392,36,38453,,24,1,0,return_request,resolved
393,45,7971,,24,1,0,return_request,resolved
394,35,15533,,24,1,0,return_request,resolved
395,35,27475,,48,1,0,return_request,resolved
396,41,10679,,8,1,0,return_request,resolved
397,45,44112,,8,1,0,return_request,resolved
398,38,15327,11,24,1,0,product_inquiry,resolved
399,41,31535,,2,1,0,return_request,resolved
400,38,4688,,72,1,1,return_request,in_progress
401,40,23447,,24,1,0,return_request,in_progress
402,43,23326,,2,1,0,return_request,resolved
403,48,12723,,24,1,0,return_request,resolved
404,35,12234,,8,1,0,billing_issue,resolved
405,45,26441,,8,1,0,return_request,resolved
406,48,29680,1,2,1,0,delivery_problem,resolved
407,37,41642,,4,1,0,return_request,in_progress
408,49,31848,,8,1,0,billing_issue,pending
409,38,31891,,48,1,0,return_request,resolved
410,37,34679,,24,1,0,return_request,resolved
411,42,5712,,72,1,1,delivery_problem,resolved
412,49,28042,,24,1,0,return_request,pending
413,37,27167,,24,1,0,billing_issue,resolved
414,48,36733,,48,1,0,return_request,in_progress
415,41,14576,,4,1,0,return_request,resolved
416,50,44886,,120,1,1,return_request,resolved
417,47,16928,,2,1,0,warranty_claim,pending
418,41,43635,24,24,1,0,return_request,resolved
419,47,33603,,48,1,0,return_request,pending
420,49,12380,,120,1,1,return_request,resolved
421,47,19551,21,72,1,1,delivery_problem,resolved
422,50,3311,,24,1,0,return_request,resolved
423,50,20871,,24,1,0,return_request,resolved
424,36,20173,,8,1,0,return_request,resolved
425,36,16484,1,48,1,0,billing_issue,resolved
426,40,34018,,4,1,0,technical_issue,resolved
427,39,33862,,2,1,0,return_request,resolved
428,36,33322,,48,1,0,delivery_problem,resolved
429,38,1253,,48,1,0,return_request,resolved
430,44,9243,,24,1,0,return_request,resolved
431,47,17826,,4,1,0,return_request,resolved
432,45,662,,2,1,0,return_request,resolved
433,41,1095,,168,1,1,delivery_problem,resolved
434,41,32028,,8,1,0,return_request,resolved
435,41,1811,,4,1,0,return_request,resolved
436,38,9881,,4,1,0,return_request,in_progress
437,51,32773,,48,1,0,return_request,resolved
438,41,17636,4,8,1,0,return_request,resolved
439,41,16889,,72,1,1,return_request,in_progress
440,46,14573,8,4,1,0,delivery_problem,resolved
441,42,35957,,24,1,0,return_request,resolved
442,51,36055,,48,1,0,warranty_claim,resolved
443,42,38588,,72,1,1,return_request,resolved
444,38,18042,13,24,1,0,delivery_problem,resolved
445,40,48070,,24,1,0,return_request,resolved
446,40,22408,,24,1,0,delivery_problem,resolved
447,43,17226,,24,1,0,return_request,resolved
448,40,18913,,2,1,0,return_request,resolved
449,45,6790,,24,1,0,return_request,resolved
450,45,48007,,2,1,0,return_request,resolved
451,43,773,,2,1,0,return_request,resolved
452,42,44509,22,24,1,0,warranty_claim,resolved
453,40,44195,,48,1,0,return_request,resolved
454,47,38937,,8,1,0,return_request,resolved
455,46,8663,,72,1,1,return_request,resolved
456,39,34329,,4,1,0,technical_issue,resolved
457,51,13128,,24,1,0,return_request,resolved
458,50,44406,13,24,1,0,return_request,resolved
459,49,19532,5,24,1,0,return_request,resolved
460,54,44973,,120,1,1,delivery_problem,resolved
461,41,35123,25,24,1,0,billing_issue,resolved
462,53,26937,26,8,1,0,billing_issue,resolved
463,54,10546,,24,1,0,return_request,resolved
464,42,24282,,48,1,0,return_request,resolved
465,41,46657,,24,1,0,return_request,resolved
466,46,30003,25,48,1,0,delivery_problem,resolved
467,44,6809,7,24,1,0,technical_issue,resolved
468,55,6189,22,72,1,1,technical_issue,resolved
469,53,14774,,4,1,0,return_request,resolved
470,52,8944,,8,1,0,billing_issue,pending
471,55,4919,,8,1,0,return_request,resolved
472,53,49538,,4,1,0,return_request,resolved
473,49,3952,,24,1,0,return_request,in_progress
474,45,7441,,4,1,0,return_request,in_progress
475,45,40789,,8,1,0,return_request,in_progress
476,54,33317,,72,1,1,return_request,resolved
477,52,25768,,8,1,0,return_request,resolved
478,44,34717,,8,1,0,return_request,resolved
479,52,45405,,2,1,0,delivery_problem,resolved
480,43,24066,20,72,1,1,billing_issue,resolved
481,44,36140,,4,1,0,return_request,pending
482,42,16700,,8,1,0,billing_issue,resolved
483,55,49902,,120,1,1,technical_issue,resolved
484,42,39512,,24,1,0,return_request,resolved
485,53,2523,,4,1,0,return_request,resolved
486,48,18885,,8,1,0,return_request,pending
487,52,4240,,24,1,0,return_request,resolved
488,55,23732,,168,1,1,return_request,resolved
489,57,46836,,72,1,1,return_request,resolved
490,48,8640,,48,1,0,return_request,resolved
491,47,10341,,24,1,0,return_request,resolved
492,56,29130,,48,1,0,return_request,resolved
493,45,17047,10,48,1,0,warranty_claim,resolved
494,44,36095,,4,1,0,return_request,resolved
495,53,14260,,4,1,0,billing_issue,resolved
496,45,30860,,4,1,0,return_request,resolved
497,49,15664,,8,1,0,technical_issue,resolved
498,43,5254,,48,1,0,return_request,resolved
499,53,29418,,24,1,0,return_request,resolved
500,52,23287,,48,1,0,return_request,resolved
501,56,18491,,2,1,0,billing_issue,resolved
502,45,41034,,48,1,0,return_request,pending
503,53,31161,,48,1,0,return_request,resolved
504,47,42512,,168,1,1,warranty_claim,resolved
505,52,18298,,24,1,0,return_request,resolved
506,46,29047,9,8,1,0,delivery_problem,resolved
507,53,32812,28,4,1,0,billing_issue,pending
508,49,23786,,24,1,0,return_request,in_progress
509,51,49227,,8,1,0,technical_issue,resolved
510,47,46392,,24,1,0,return_request,resolved
511,50,49174,,72,1,1,return_request,resolved
512,51,4368,,24,1,0,delivery_problem,resolved
513,55,15851,,24,1,0,technical_issue,resolved
514,49,17530,,2,1,0,return_request,resolved
515,46,48216,,48,1,0,return_request,resolved
516,52,27348,,2,1,0,delivery_problem,resolved
517,55,13479,25,168,1,1,billing_issue,resolved
518,47,24710,7,8,1,0,product_inquiry,resolved
519,60,12892,,24,1,0,return_request,resolved
520,54,18036,,8,1,0,return_request,resolved
521,51,16662,,120,1,1,technical_issue,resolved
522,49,38537,28,24,1,0,delivery_problem,resolved
523,57,16177,15,48,1,0,warranty_claim,resolved
524,46,8285,5,72,1,1,delivery_problem,resolved
525,59,10261,,8,1,0,return_request,in_progress
526,46,28598,,48,1,0,billing_issue,resolved
527,51,38449,,4,1,0,return_request,resolved
528,52,43203,2,48,1,0,technical_issue,resolved
529,58,27553,13,24,1,0,technical_issue,resolved
530,48,22029,,8,1,0,return_request,resolved
531,53,19068,,168,1,1,return_request,resolved
532,50,36505,,4,1,0,return_request,resolved
533,61,29970,,24,1,0,billing_issue,pending
534,52,31777,,24,1,0,return_request,resolved
535,55,10889,,24,1,0,delivery_problem,resolved
536,54,18814,,24,1,0,return_request,resolved
537,55,20609,,4,1,0,return_request,resolved
538,55,23646,,8,1,0,return_request,resolved
539,49,32718,,8,1,0,return_request,resolved
540,52,34437,,48,1,0,return_request,resolved
541,48,42907,,2,1,0,return_request,resolved
542,54,40995,,24,1,0,delivery_problem,pending
543,62,48545,,2,1,0,return_request,resolved
544,56,45529,25,120,1,1,billing_issue,resolved
545,48,45633,,48,1,0,return_request,resolved
546,60,28367,,24,1,0,return_request,resolved
547,61,29695,,168,1,1,return_request,resolved
548,54,158,,2,1,0,delivery_problem,resolved
549,57,12398,,48,1,0,return_request,resolved
550,55,35929,,48,1,0,return_request,resolved
551,48,38833,,24,1,0,delivery_problem,resolved
552,58,33613,,48,1,0,return_request,resolved
553,49,10470,,24,1,0,return_request,resolved
554,49,23277,,24,1,0,return_request,resolved
555,60,10011,,4,1,0,return_request,resolved
556,59,24546,,8,1,0,return_request,resolved
557,62,6851,,120,1,1,delivery_problem,resolved
558,63,13543,,120,1,1,return_request,in_progress
559,52,28827,,48,1,0,return_request,resolved
560,50,11038,,24,1,0,return_request,resolved
561,59,48620,13,8,1,0,product_inquiry,resolved
562,51,26640,,24,1,0,return_request,resolved
563,55,1649,,120,1,1,return_request,resolved
564,59,26202,,72,1,1,return_request,resolved
565,56,32711,,8,1,0,return_request,resolved
566,54,22918,,2,1,0,billing_issue,resolved
567,64,14078,,24,1,0,technical_issue,resolved
568,53,37996,,24,1,0,return_request,resolved
569,63,1811,,8,1,0,return_request,pending
570,58,20527,,72,1,1,delivery_problem,resolved
571,63,29225,8,8,1,0,technical_issue,resolved
572,60,49151,,120,1,1,return_request,resolved
573,59,36553,,24,1,0,delivery_problem,resolved
574,52,30981,,48,1,0,return_request,resolved
575,52,24618,27,24,1,0,technical_issue,resolved
576,60,10920,,2,1,0,return_request,resolved
577,60,27928,,24,1,0,return_request,resolved
578,59,18740,,48,1,0,return_request,pending
579,58,24909,,24,1,0,return_request,resolved
580,62,48062,,8,1,0,product_inquiry,pending
581,64,27214,5,48,1,0,technical_issue,resolved
582,61,24661,,72,1,1,return_request,pending
583,59,46705,,8,1,0,return_request,resolved
584,61,17990,,8,1,0,return_request,in_progress
585,65,15218,,4,1,0,product_inquiry,resolved
586,58,18587,,4,1,0,return_request,resolved
587,64,17412,,168,1,1,return_request,resolved
588,62,23385,,2,1,0,return_request,pending
589,57,39071,16,72,1,1,technical_issue,resolved
590,66,41722,,24,1,0,return_request,pending
591,56,7749,,24,1,0,warranty_claim,resolved
592,54,30691,,168,1,1,return_request,resolved
593,65,37319,,4,1,0,return_request,resolved
594,63,33883,,8,1,0,delivery_problem,resolved
595,55,13630,,2,1,0,billing_issue,resolved
596,63,32214,,8,1,0,return_request,resolved
597,65,27888,,24,1,0,technical_issue,resolved
598,65,24044,,8,1,0,return_request,resolved
599,66,27188,,2,1,0,return_request,resolved
600,66,35231,,4,1,0,delivery_problem,resolved
601,55,17029,,4,1,0,warranty_claim,resolved
602,69,39718,,24,1,0,technical_issue,resolved
603,56,39679,,24,1,0,return_request,resolved
604,63,17847,,2,1,0,return_request,resolved
605,60,32357,,8,1,0,return_request,resolved
606,68,42135,,120,1,1,product_inquiry,in_progress
607,60,46076,,8,1,0,billing_issue,resolved
608,56,15768,,72,1,1,return_request,resolved
609,65,15970,,24,1,0,delivery_problem,resolved
610,65,14197,18,8,1,0,delivery_problem,in_progress
611,62,9639,,8,1,0,return_request,resolved
612,59,44479,,8,1,0,return_request,in_progress
613,64,34689,,48,1,0,return_request,resolved
614,69,15079,25,48,1,0,delivery_problem,resolved
615,59,44774,,120,1,1,billing_issue,resolved
616,62,27450,,8,1,0,warranty_claim,resolved
617,62,13130,,4,1,0,warranty_claim,resolved
618,60,40882,,4,1,0,return_request,resolved
619,70,22320,,24,1,0,return_request,in_progress
620,59,9877,,8,1,0,delivery_problem,resolved
621,62,22672,11,24,1,0,delivery_problem,resolved
622,68,5214,10,120,1,1,product_inquiry,pending
623,66,30639,,24,1,0,return_request,in_progress
624,65,28831,1,4,1,0,technical_issue,in_progress
625,69,9951,,2,1,0,return_request,resolved
626,71,49108,,120,1,1,return_request,resolved
627,58,40076,,24,1,0,return_request,resolved
628,72,33924,11,24,1,0,technical_issue,resolved
629,70,22656,,24,1,0,delivery_problem,resolved
630,66,43764,,24,1,0,return_request,resolved
631,60,46609,,8,1,0,return_request,resolved
632,69,42988,,8,1,0,product_inquiry,resolved
633,66,32714,,24,1,0,return_request,resolved
634,64,42298,,8,1,0,return_request,resolved
635,62,43856,,24,1,0,warranty_claim,resolved
636,71,35123,,72,1,1,return_request,resolved
637,72,28825,,8,1,0,return_request,resolved
638,63,37114,,4,1,0,return_request,pending
639,71,13898,,48,1,0,return_request,resolved
640,71,27187,,4,1,0,return_request,resolved
641,69,18252,,8,1,0,return_request,resolved
642,69,36739,,24,1,0,return_request,resolved
643,66,11728,,8,1,0,delivery_problem,resolved
644,74,37628,,48,1,0,billing_issue,in_progress
645,74,19193,,24,1,0,return_request,resolved
646,66,26707,,48,1,0,return_request,resolved
647,74,10338,,2,1,0,return_request,in_progress
648,72,45316,,24,1,0,return_request,resolved
649,66,23213,,24,1,0,return_request,resolved
650,68,44052,,2,1,0,return_request,resolved
651,65,10901,,24,1,0,return_request,resolved
652,68,48720,,24,1,0,return_request,in_progress
653,66,22668,,4,1,0,return_request,resolved
654,73,10493,,48,1,0,return_request,resolved
655,75,22609,,24,1,0,return_request,resolved
656,61,402,,24,1,0,return_request,resolved
657,69,24537,,2,1,0,delivery_problem,resolved
658,74,3634,,24,1,0,return_request,resolved
659,66,9264,3,8,1,0,return_request,resolved
660,72,20343,,48,1,0,technical_issue,resolved
661,73,30238,,8,1,0,return_request,resolved
662,76,31924,,24,1,0,return_request,resolved
663,70,38842,,4,1,0,technical_issue,resolved
664,62,29058,,4,1,0,return_request,resolved
665,67,22966,,24,1,0,return_request,resolved
666,65,41856,,48,1,0,return_request,resolved
667,69,27004,,2,1,0,return_request,resolved
668,76,21196,,4,1,0,return_request,resolved
669,68,12246,,8,1,0,return_request,resolved
670,72,28694,,4,1,0,return_request,resolved
671,63,2022,15,4,1,0,technical_issue,resolved
672,73,18012,,8,1,0,return_request,resolved
673,70,13475,28,8,1,0,technical_issue,resolved
674,64,32303,8,48,1,0,product_inquiry,resolved
675,69,1075,,24,1,0,return_request,resolved
676,73,5154,,24,1,0,billing_issue,resolved
677,68,19,,72,1,1,return_request,resolved
678,77,46514,,24,1,0,return_request,in_progress
679,66,35088,,120,1,1,return_request,resolved
680,78,42961,,24,1,0,delivery_problem,resolved
681,74,28922,,4,1,0,return_request,resolved
682,73,1425,,24,1,0,return_request,resolved
683,68,223,,72,1,1,technical_issue,resolved
684,73,47480,,8,1,0,billing_issue,pending
685,73,49327,,48,1,0,delivery_problem,resolved
686,64,27693,,48,1,0,return_request,resolved
687,78,22229,,48,1,0,return_request,resolved
688,76,38866,,4,1,0,return_request,pending
689,73,46877,,8,1,0,return_request,resolved
690,78,27093,13,24,1,0,return_request,resolved
691,68,8094,10,8,1,0,product_inquiry,pending
692,70,22171,,24,1,0,return_request,pending
693,73,48029,8,8,1,0,delivery_problem,resolved
694,66,43437,,24,1,0,return_request,resolved
695,72,37820,,2,1,0,return_request,resolved
696,67,43051,,24,1,0,billing_issue,resolved
697,66,47115,,120,1,1,technical_issue,resolved
698,65,48042,,48,1,0,delivery_problem,resolved
699,77,27127,,4,1,0,return_request,resolved
700,68,48265,,8,1,0,return_request,in_progress
701,76,20461,,24,1,0,return_request,pending
702,69,2982,20,24,1,0,delivery_problem,resolved
703,70,40537,,8,1,0,return_request,resolved
704,80,32434,,48,1,0,warranty_claim,pending
705,76,2881,,72,1,1,return_request,resolved
706,71,26910,,24,1,0,delivery_problem,pending
707,80,9707,,24,1,0,technical_issue,resolved
708,66,39448,,168,1,1,return_request,resolved
709,69,40912,,72,1,1,return_request,resolved
710,77,38031,,4,1,0,delivery_problem,resolved
711,71,17160,,4,1,0,return_request,in_progress
712,70,48646,,2,1,0,return_request,resolved
713,72,30740,,24,1,0,return_request,resolved
714,69,22533,,72,1,1,technical_issue,resolved
715,72,43360,,48,1,0,return_request,resolved
716,76,25911,,24,1,0,return_request,in_progress
717,79,7993,,48,1,0,return_request,in_progress
718,67,42896,,8,1,0,return_request,resolved
719,68,28787,9,2,1,0,product_inquiry,in_progress
720,72,39266,,4,1,0,technical_issue,in_progress
721,81,16228,,8,1,0,return_request,resolved
722,81,44290,,8,1,0,return_request,resolved
723,75,17402,,8,1,0,return_request,resolved
724,76,43575,,8,1,0,return_request,in_progress
725,70,25398,,24,1,0,return_request,resolved
726,72,46980,,4,1,0,return_request,resolved
727,77,9863,,48,1,0,delivery_problem,resolved
728,78,41741,,8,1,0,billing_issue,pending
729,80,36881,21,24,1,0,product_inquiry,pending
730,74,7549,,8,1,0,return_request,resolved
731,74,34536,,24,1,0,return_request,in_progress
732,71,3487,7,2,1,0,technical_issue,resolved
733,71,42502,,24,1,0,return_request,resolved
734,81,37805,24,4,1,0,warranty_claim,resolved
735,83,28060,,48,1,0,return_request,resolved
736,74,18094,,72,1,1,return_request,resolved
737,83,49992,,8,1,0,return_request,resolved
738,80,5349,,2,1,0,return_request,resolved
739,72,32935,,2,1,0,warranty_claim,pending
740,81,23195,,24,1,0,return_request,pending
741,79,17888,,72,1,1,technical_issue,resolved
742,73,28883,,48,1,0,return_request,resolved
743,79,27961,,72,1,1,return_request,resolved
744,80,31733,,2,1,0,return_request,resolved
745,73,14132,,24,1,0,return_request,resolved
746,72,21612,23,24,1,0,delivery_problem,resolved
747,84,603,,48,1,0,return_request,resolved
748,70,36392,,8,1,0,return_request,resolved
749,73,23739,,48,1,0,return_request,in_progress
750,84,28264,,48,1,0,return_request,resolved
751,70,758,,48,1,0,return_request,resolved
752,75,37408,,8,1,0,billing_issue,resolved
753,82,45738,,2,1,0,return_request,resolved
754,82,39158,,4,1,0,return_request,in_progress
755,75,34289,5,24,1,0,delivery_problem,resolved
756,73,45652,,48,1,0,return_request,resolved
757,77,8675,,8,1,0,delivery_problem,pending
758,72,43606,,24,1,0,return_request,resolved
759,80,29421,,4,1,0,warranty_claim,in_progress
760,73,45150,13,8,1,0,return_request,resolved
761,73,19454,,24,1,0,return_request,resolved
762,73,11915,,24,1,0,return_request,resolved
763,77,39026,,48,1,0,return_request,resolved
764,73,22474,27,4,1,0,technical_issue,resolved
765,73,27988,,24,1,0,return_request,resolved
766,80,31110,,2,1,0,return_request,in_progress
767,83,45715,2,2,1,0,technical_issue,resolved
768,77,31207,,8,1,0,product_inquiry,resolved
769,83,30733,,2,1,0,return_request,resolved
770,77,49408,,48,1,0,delivery_problem,resolved
771,74,36249,,4,1,0,technical_issue,resolved
772,86,31809,,8,1,0,return_request,resolved
773,79,43371,,72,1,1,product_inquiry,resolved
774,73,32299,,48,1,0,return_request,pending
775,73,9811,14,8,1,0,warranty_claim,pending
776,73,29192,,4,1,0,return_request,resolved
777,74,5092,,8,1,0,return_request,resolved
778,83,13163,,24,1,0,billing_issue,in_progress
779,75,2670,,72,1,1,return_request,resolved
780,83,34862,,4,1,0,return_request,resolved
781,85,31798,18,48,1,0,return_request,resolved
782,74,38431,,2,1,0,return_request,resolved
783,80,14767,,24,1,0,delivery_problem,resolved
784,81,37562,,2,1,0,billing_issue,resolved
785,74,47482,,24,1,0,return_request,resolved
786,87,22714,,24,1,0,return_request,resolved
787,77,15449,,72,1,1,return_request,resolved
788,75,99,,8,1,0,return_request,resolved
789,82,9583,,48,1,0,return_request,resolved
790,87,49617,,24,1,0,return_request,resolved
791,79,45089,,4,1,0,product_inquiry,resolved
792,84,3778,,24,1,0,return_request,resolved
793,74,45389,,8,1,0,return_request,resolved
794,83,8675,1,120,1,1,delivery_problem,in_progress
795,85,23310,,24,1,0,return_request,resolved
796,80,32129,,120,1,1,return_request,resolved
797,76,9283,6,24,1,0,warranty_claim,pending
798,77,19353,6,24,1,0,warranty_claim,resolved
799,84,35651,,72,1,1,return_request,resolved
800,76,12512,,8,1,0,return_request,resolved
801,79,35749,,2,1,0,return_request,resolved
802,76,28401,,4,1,0,return_request,in_progress
803,85,32545,,2,1,0,return_request,pending
804,77,37490,,24,1,0,return_request,resolved
805,88,27155,,24,1,0,billing_issue,in_progress
806,83,12306,,8,1,0,return_request,resolved
807,87,20036,,24,1,0,billing_issue,in_progress
808,84,23678,,4,1,0,return_request,resolved
809,81,264,,4,1,0,technical_issue,resolved
810,85,5340,,2,1,0,return_request,resolved
811,83,45364,,4,1,0,technical_issue,pending
812,78,27161,,48,1,0,return_request,resolved
813,87,17268,19,8,1,0,technical_issue,resolved
814,78,11114,,120,1,1,return_request,pending
815,81,867,,24,1,0,delivery_problem,in_progress
816,80,29660,16,8,1,0,technical_issue,resolved
817,80,38735,,2,1,0,return_request,in_progress
818,75,13716,,8,1,0,product_inquiry,resolved
819,86,5831,,24,1,0,return_request,in_progress
820,77,10359,,24,1,0,return_request,resolved
821,75,31120,,24,1,0,return_request,resolved
822,81,31336,,24,1,0,return_request,resolved
823,80,1913,,72,1,1,return_request,resolved
824,76,13506,,48,1,0,technical_issue,resolved
825,78,9689,,168,1,1,technical_issue,resolved
826,85,43024,15,24,1,0,return_request,resolved
827,86,21705,,168,1,1,return_request,resolved
828,83,2197,,72,1,1,return_request,resolved
829,85,12284,,8,1,0,return_request,resolved
830,79,7613,,72,1,1,technical_issue,resolved
831,88,12269,,24,1,0,technical_issue,resolved
832,81,49686,,2,1,0,return_request,pending
833,84,10990,,24,1,0,return_request,resolved
834,84,15464,16,4,1,0,warranty_claim,resolved
835,81,16804,,24,1,0,return_request,in_progress
836,78,32209,,8,1,0,return_request,resolved
837,80,45899,3,120,1,1,return_request,resolved
838,90,3230,,4,1,0,return_request,resolved
839,87,18294,,24,1,0,return_request,resolved
840,79,45978,,120,1,1,return_request,resolved
841,91,8051,,2,1,0,return_request,in_progress
842,78,28308,,8,1,0,return_request,resolved
843,84,44186,,4,1,0,return_request,resolved
844,84,38734,,48,1,0,product_inquiry,resolved
845,81,25839,,8,1,0,return_request,resolved
846,78,31192,,48,1,0,return_request,resolved
847,91,328,,8,1,0,return_request,resolved
848,79,16973,,2,1,0,return_request,resolved
849,88,1749,17,8,1,0,delivery_problem,resolved
850,87,17807,,24,1,0,return_request,resolved
851,88,26821,,24,1,0,delivery_problem,resolved
852,89,9154,,24,1,0,return_request,in_progress
853,84,23393,,8,1,0,return_request,resolved
854,87,39675,,4,1,0,return_request,resolved
855,93,12215,,48,1,0,return_request,resolved
856,92,46259,,4,1,0,return_request,resolved
857,88,25364,,24,1,0,return_request,resolved
858,93,6363,,72,1,1,return_request,resolved
859,93,17793,,8,1,0,return_request,resolved
860,84,41597,,48,1,0,return_request,resolved
861,86,46572,,4,1,0,return_request,resolved
862,82,41668,,2,1,0,return_request,resolved
863,92,39942,,24,1,0,return_request,resolved
864,91,17453,,48,1,0,return_request,resolved
865,87,48984,,168,1,1,return_request,resolved
866,87,48703,17,2,1,0,product_inquiry,resolved
867,88,11900,,4,1,0,technical_issue,in_progress
868,88,5167,,2,1,0,return_request,resolved
869,87,23889,,72,1,1,return_request,resolved
870,86,28617,24,8,1,0,warranty_claim,resolved
871,95,47690,,8,1,0,return_request,resolved
872,86,48765,,72,1,1,return_request,resolved
873,88,16517,,48,1,0,return_request,resolved
874,93,1499,,24,1,0,return_request,resolved
875,83,3944,,24,1,0,return_request,resolved
876,94,18127,,8,1,0,delivery_problem,resolved
877,89,4646,,120,1,1,return_request,resolved
878,95,35387,,24,1,0,return_request,resolved
879,85,10428,,8,1,0,return_request,resolved
880,83,30887,,8,1,0,return_request,resolved
881,88,21240,,24,1,0,return_request,resolved
882,92,46194,,4,1,0,return_request,resolved
883,86,11078,,48,1,0,delivery_problem,resolved
884,95,39653,,2,1,0,technical_issue,resolved
885,94,46311,,24,1,0,return_request,resolved
886,85,29742,,72,1,1,return_request,resolved
887,90,9559,,4,1,0,return_request,resolved
888,90,6049,,24,1,0,return_request,resolved
889,87,9508,,24,1,0,return_request,resolved
890,83,31284,4,2,1,0,warranty_claim,resolved
891,96,3150,,8,1,0,return_request,resolved
892,89,37462,,2,1,0,return_request,resolved
893,84,27975,,72,1,1,return_request,resolved
894,95,11104,,24,1,0,return_request,resolved
895,90,21483,,48,1,0,technical_issue,resolved
896,96,24117,24,4,1,0,delivery_problem,resolved
897,87,3925,,2,1,0,return_request,resolved
898,94,34083,,48,1,0,return_request,resolved
899,96,25046,,24,1,0,return_request,resolved
900,89,10728,,8,1,0,return_request,resolved
901,85,27184,,8,1,0,return_request,in_progress
902,88,13221,,72,1,1,product_inquiry,resolved
903,97,27213,,8,1,0,billing_issue,resolved
904,97,45401,,4,1,0,return_request,resolved
905,88,27769,,4,1,0,delivery_problem,resolved
906,94,47767,,48,1,0,return_request,resolved
907,98,13624,,8,1,0,delivery_problem,resolved
908,96,16323,2,120,1,1,delivery_problem,resolved
909,95,48570,,8,1,0,return_request,resolved
910,95,20569,,4,1,0,return_request,pending
911,97,25312,,8,1,0,return_request,resolved
912,91,42562,,4,1,0,return_request,in_progress
913,95,45219,18,72,1,1,delivery_problem,resolved
914,97,36703,15,48,1,0,return_request,resolved
915,95,10162,,4,1,0,technical_issue,resolved
916,96,43473,,2,1,0,return_request,resolved
917,89,26367,,24,1,0,return_request,resolved
918,93,18175,,4,1,0,return_request,resolved
919,94,38273,,48,1,0,billing_issue,resolved
920,98,2693,,2,1,0,return_request,resolved
921,89,7887,,48,1,0,return_request,resolved
922,89,45150,5,4,1,0,technical_issue,resolved
923,92,40202,,8,1,0,return_request,resolved
924,96,37384,,8,1,0,return_request,resolved
925,89,28621,10,4,1,0,billing_issue,resolved
926,96,40837,,24,1,0,return_request,resolved
927,97,31274,,2,1,0,return_request,in_progress
928,97,24660,,48,1,0,return_request,resolved
929,87,28578,3,8,1,0,delivery_problem,resolved
930,97,28520,,120,1,1,technical_issue,resolved
931,99,13843,,8,1,0,return_request,pending
932,100,43259,,4,1,0,return_request,in_progress
933,101,22531,,4,1,0,delivery_problem,resolved
934,97,7563,,24,1,0,return_request,resolved
935,93,28784,,72,1,1,warranty_claim,resolved
936,91,16854,,24,1,0,return_request,resolved
937,87,16614,,8,1,0,return_request,resolved
938,93,14626,21,2,1,0,return_request,resolved
939,98,39164,,4,1,0,technical_issue,resolved
940,98,22018,,24,1,0,return_request,resolved
941,92,46212,,24,1,0,billing_issue,resolved
942,93,41820,,4,1,0,return_request,resolved
943,99,1666,,4,1,0,technical_issue,resolved
944,100,28344,,48,1,0,return_request,resolved
945,96,44875,,8,1,0,return_request,resolved
946,99,24935,,4,1,0,return_request,resolved
947,92,28807,,48,1,0,return_request,resolved
948,89,4736,,2,1,0,return_request,resolved
949,93,13427,,168,1,1,billing_issue,resolved
950,102,41666,,48,1,0,return_request,resolved
951,99,2318,,24,1,0,return_request,resolved
952,101,40228,4,8,1,0,delivery_problem,in_progress
953,96,46514,,8,1,0,billing_issue,resolved
954,98,31090,,24,1,0,technical_issue,resolved
955,94,18029,12,8,1,0,billing_issue,resolved
956,97,36417,,48,1,0,return_request,resolved
957,89,40803,7,24,1,0,technical_issue,pending
958,97,10618,,48,1,0,return_request,resolved
959,103,20700,1,2,1,0,technical_issue,resolved
960,100,6024,8,4,1,0,billing_issue,resolved
961,92,24649,,48,1,0,technical_issue,resolved
962,99,23100,,4,1,0,return_request,resolved
963,93,49443,22,48,1,0,return_request,resolved
964,102,24361,10,48,1,0,warranty_claim,pending
965,104,25911,,48,1,0,return_request,resolved
966,99,38040,,48,1,0,return_request,resolved
967,97,3803,,2,1,0,billing_issue,resolved
968,92,16737,,48,1,0,billing_issue,resolved
969,93,20823,,4,1,0,billing_issue,pending
970,101,11294,1,8,1,0,technical_issue,resolved
971,102,40570,15,48,1,0,delivery_problem,pending
972,93,21268,,2,1,0,return_request,resolved
973,91,14128,,4,1,0,return_request,resolved
974,97,37838,26,24,1,0,return_request,resolved
975,91,46322,,2,1,0,product_inquiry,resolved
976,92,13225,,4,1,0,return_request,resolved
977,103,27751,,8,1,0,return_request,resolved
978,98,34557,,8,1,0,return_request,in_progress
979,102,33429,,48,1,0,return_request,resolved
980,106,22862,,48,1,0,return_request,resolved
981,101,20004,21,24,1,0,warranty_claim,resolved
982,105,48340,,8,1,0,billing_issue,resolved
983,100,12704,,4,1,0,return_request,resolved
984,99,31159,,120,1,1,technical_issue,resolved
985,106,38972,,48,1,0,return_request,resolved
986,93,15179,,24,1,0,return_request,resolved
987,98,34556,,120,1,1,return_request,resolved
988,93,18843,,72,1,1,return_request,resolved
989,94,23761,,4,1,0,technical_issue,resolved
990,101,47311,,8,1,0,return_request,resolved
991,102,3817,,2,1,0,warranty_claim,resolved
992,101,14247,,8,1,0,return_request,resolved
993,100,24373,21,72,1,1,delivery_problem,resolved
994,94,37470,,24,1,0,return_request,resolved
995,107,11348,18,48,1,0,technical_issue,resolved
996,104,19949,,4,1,0,return_request,resolved
997,97,13178,,48,1,0,return_request,resolved
998,98,32549,,4,1,0,return_request,resolved
999,106,27674,,24,1,0,return_request,resolved
1000,95,8564,,2,1,0,return_request,resolved
1001,97,2194,,24,1,0,return_request,pending
1002,95,23383,,8,1,0,technical_issue,resolved
1003,97,29531,,2,1,0,return_request,resolved
1004,95,47439,,48,1,0,return_request,resolved
1005,105,10642,,24,1,0,return_request,pending
1006,99,47946,,24,1,0,return_request,resolved
1007,99,6206,,48,1,0,return_request,resolved
1008,96,3851,,8,1,0,return_request,resolved
1009,104,1780,,24,1,0,return_request,resolved
1010,108,10633,16,120,1,1,technical_issue,resolved
1011,109,3143,,48,1,0,return_request,resolved
1012,108,4276,,4,1,0,return_request,resolved
1013,103,3330,,4,1,0,return_request,resolved
1014,95,2599,,2,1,0,return_request,resolved
1015,106,32229,,4,1,0,return_request,resolved
1016,103,17916,,8,1,0,return_request,resolved
1017,102,12682,,48,1,0,return_request,resolved
1018,101,28873,,48,1,0,delivery_problem,in_progress
1019,103,3259,1,8,1,0,product_inquiry,resolved
1020,96,23105,,2,1,0,delivery_problem,resolved
1021,107,34724,,24,1,0,return_request,resolved
1022,101,19817,,4,1,0,technical_issue,pending
1023,97,14731,,48,1,0,delivery_problem,resolved
1024,110,47791,,8,1,0,billing_issue,resolved
1025,101,38291,,8,1,0,return_request,resolved
1026,108,33395,,2,1,0,return_request,resolved
1027,97,21225,23,72,1,1,delivery_problem,resolved
1028,105,43306,,8,1,0,return_request,resolved
1029,97,23290,,24,1,0,return_request,resolved
1030,110,40416,,8,1,0,return_request,resolved
1031,108,43185,,8,1,0,return_request,resolved
1032,106,46342,,24,1,0,delivery_problem,resolved
1033,107,46289,,2,1,0,return_request,resolved
1034,101,11210,,24,1,0,return_request,resolved
1035,111,9068,,8,1,0,return_request,resolved
1036,107,33287,,168,1,1,billing_issue,resolved
1037,106,34931,,120,1,1,billing_issue,resolved
1038,99,32676,,48,1,0,return_request,resolved
1039,103,47081,,24,1,0,return_request,resolved
1040,104,36777,3,24,1,0,return_request,resolved
1041,98,12073,,24,1,0,return_request,resolved
1042,98,12194,,120,1,1,return_request,resolved
1043,99,20408,,168,1,1,return_request,resolved
1044,105,7369,,48,1,0,return_request,resolved
1045,100,3398,,24,1,0,return_request,in_progress
1046,99,7610,,168,1,1,return_request,resolved
1047,101,41279,,4,1,0,return_request,resolved
1048,99,18217,14,120,1,1,product_inquiry,resolved
1049,106,6007,,48,1,0,technical_issue,resolved
1050,107,41796,,4,1,0,delivery_problem,resolved
1051,110,31459,,72,1,1,billing_issue,resolved
1052,100,40897,,48,1,0,return_request,pending
1053,106,1728,,24,1,0,return_request,resolved
1054,104,8663,,24,1,0,return_request,resolved
1055,112,1293,9,48,1,0,technical_issue,resolved
1056,103,10361,,120,1,1,return_request,resolved
1057,110,30444,,24,1,0,return_request,resolved
1058,109,20650,5,2,1,0,technical_issue,resolved
1059,112,211,,8,1,0,technical_issue,resolved
1060,101,5986,,48,1,0,return_request,in_progress
1061,109,13218,,4,1,0,return_request,resolved
1062,112,1843,,72,1,1,delivery_problem,resolved
1063,108,38992,,4,1,0,return_request,resolved
1064,100,35208,,120,1,1,return_request,resolved
1065,100,46116,,24,1,0,return_request,resolved
1066,112,4790,,24,1,0,return_request,resolved
1067,110,19757,,24,1,0,return_request,pending
1068,103,24329,,4,1,0,return_request,resolved
1069,102,44582,,24,1,0,delivery_problem,resolved
1070,109,25393,,8,1,0,return_request,resolved
1071,102,35934,,168,1,1,return_request,resolved
1072,104,7655,,8,1,0,return_request,resolved
1073,110,40556,,8,1,0,technical_issue,pending
1074,108,17984,,72,1,1,return_request,resolved
1075,105,20981,14,24,1,0,product_inquiry,resolved
1076,102,7210,,24,1,0,return_request,resolved
1077,101,13640,,48,1,0,return_request,resolved
1078,114,24272,16,2,1,0,return_request,resolved
1079,101,38749,,120,1,1,technical_issue,resolved
1080,102,19934,,24,1,0,return_request,resolved
1081,105,5262,,24,1,0,return_request,in_progress
1082,113,15722,,24,1,0,return_request,resolved
1083,106,19783,,24,1,0,return_request,resolved
1084,113,21691,,48,1,0,return_request,in_progress
1085,109,22005,,48,1,0,delivery_problem,resolved
1086,108,47739,,72,1,1,return_request,resolved
1087,115,2754,,48,1,0,return_request,resolved
1088,113,43489,,24,1,0,delivery_problem,resolved
1089,108,25573,,4,1,0,delivery_problem,resolved
1090,110,27456,,8,1,0,warranty_claim,resolved
1091,106,8904,,48,1,0,return_request,resolved
1092,106,32235,25,24,1,0,technical_issue,resolved
1093,113,24847,,48,1,0,return_request,resolved
1094,102,32067,20,4,1,0,delivery_problem,resolved
1095,102,6226,,4,1,0,return_request,resolved
1096,103,44402,11,8,1,0,delivery_problem,pending
1097,115,18083,,48,1,0,return_request,resolved
1098,114,46146,14,4,1,0,delivery_problem,in_progress
1099,116,27792,7,2,1,0,return_request,resolved
1100,109,10377,,8,1,0,return_request,resolved
1101,117,501,,24,1,0,return_request,resolved
1102,113,32771,,72,1,1,technical_issue,resolved
1103,112,7500,,4,1,0,return_request,resolved
1104,115,40002,,8,1,0,return_request,resolved
1105,112,44291,,72,1,1,return_request,resolved
1106,104,37007,,8,1,0,return_request,resolved
1107,114,21356,28,4,1,0,warranty_claim,pending
1108,110,12552,,24,1,0,return_request,resolved
1109,118,33873,,2,1,0,return_request,resolved
1110,114,19201,,2,1,0,warranty_claim,resolved
1111,111,34276,,24,1,0,return_request,resolved
1112,113,1800,9,24,1,0,technical_issue,resolved
1113,104,9973,,8,1,0,return_request,resolved
1114,118,25024,,48,1,0,return_request,resolved
1115,106,33794,25,48,1,0,technical_issue,resolved
1116,107,8393,,2,1,0,return_request,resolved
1117,117,47889,,72,1,1,return_request,resolved
1118,105,47146,,2,1,0,technical_issue,resolved
1119,110,31230,,24,1,0,return_request,resolved
1120,112,49587,,72,1,1,product_inquiry,resolved
1121,119,7944,,8,1,0,return_request,resolved
1122,111,8447,,48,1,0,return_request,resolved
1123,115,41461,,48,1,0,return_request,resolved
1124,118,13737,,8,1,0,warranty_claim,resolved
1125,113,26173,,24,1,0,return_request,resolved
1126,116,28135,,48,1,0,return_request,resolved
1127,118,27392,,24,1,0,technical_issue,resolved
1128,117,7578,,24,1,0,return_request,resolved
1129,118,40010,,72,1,1,return_request,resolved
1130,109,22421,,72,1,1,return_request,in_progress
1131,114,13484,,8,1,0,return_request,resolved
1132,117,49739,,8,1,0,return_request,resolved
1133,112,17461,,8,1,0,return_request,resolved
1134,110,9823,,4,1,0,return_request,resolved
1135,110,24254,,72,1,1,delivery_problem,resolved
1136,115,44011,,48,1,0,return_request,resolved
1137,111,6318,,4,1,0,return_request,resolved
1138,119,20203,,72,1,1,technical_issue,resolved
1139,115,5772,,2,1,0,return_request,resolved
1140,106,15779,,48,1,0,return_request,resolved
1141,117,38978,,120,1,1,delivery_problem,resolved
1142,107,47002,,4,1,0,return_request,resolved
1143,116,20815,19,24,1,0,billing_issue,resolved
1144,116,3990,,24,1,0,return_request,resolved
1145,116,38268,,24,1,0,return_request,resolved
1146,117,5966,,4,1,0,return_request,resolved
1147,111,1422,,8,1,0,return_request,in_progress
1148,118,912,,2,1,0,warranty_claim,resolved
1149,115,39938,,120,1,1,return_request,resolved
1150,116,25300,,8,1,0,warranty_claim,resolved
1151,117,5777,,72,1,1,return_request,resolved
1152,111,4380,,120,1,1,technical_issue,resolved
1153,122,126,,72,1,1,return_request,resolved
1154,108,44306,23,72,1,1,product_inquiry,resolved
1155,111,20613,19,2,1,0,delivery_problem,resolved
1156,117,48829,,24,1,0,return_request,resolved
1157,113,25930,28,48,1,0,technical_issue,pending
1158,116,22226,,4,1,0,return_request,in_progress
1159,117,45200,,2,1,0,billing_issue,resolved
1160,108,227,19,48,1,0,return_request,resolved
1161,109,21328,11,4,1,0,technical_issue,resolved
1162,114,19112,19,2,1,0,product_inquiry,resolved
1163,117,25125,,120,1,1,warranty_claim,resolved
1164,116,8961,,24,1,0,delivery_problem,resolved
1165,113,43770,,48,1,0,return_request,resolved
1166,119,39057,,120,1,1,return_request,pending
1167,123,35385,,48,1,0,return_request,resolved
1168,112,16705,,48,1,0,return_request,resolved
1169,112,41927,,72,1,1,return_request,resolved
1170,122,48274,,2,1,0,return_request,in_progress
1171,121,5708,,4,1,0,warranty_claim,resolved
1172,122,24035,19,48,1,0,delivery_problem,resolved
1173,124,28586,,48,1,0,return_request,resolved
1174,119,36904,,120,1,1,billing_issue,in_progress
1175,121,42330,,8,1,0,return_request,pending
1176,123,16441,,8,1,0,technical_issue,in_progress
1177,112,10532,,4,1,0,return_request,resolved
1178,118,18156,,8,1,0,billing_issue,resolved
1179,120,38232,16,120,1,1,billing_issue,resolved
1180,112,7924,,4,1,0,return_request,resolved
1181,115,13272,,24,1,0,return_request,resolved
1182,120,44844,,24,1,0,warranty_claim,resolved
1183,111,39916,,8,1,0,delivery_problem,resolved
1184,113,33483,,8,1,0,return_request,resolved
1185,121,34014,,8,1,0,return_request,pending
1186,124,9208,,24,1,0,return_request,resolved
1187,112,13814,,24,1,0,return_request,resolved
1188,112,17776,21,8,1,0,product_inquiry,resolved
1189,114,10438,,24,1,0,technical_issue,resolved
1190,121,41687,,48,1,0,return_request,resolved
1191,124,40908,27,72,1,1,return_request,resolved
1192,120,49024,,24,1,0,return_request,resolved
1193,112,1309,18,4,1,0,delivery_problem,resolved
1194,114,20187,,24,1,0,return_request,resolved
1195,120,37821,,24,1,0,return_request,resolved
1196,121,44611,,48,1,0,return_request,resolved
1197,119,31879,27,4,1,0,return_request,resolved
1198,122,30880,,4,1,0,return_request,in_progress
1199,113,30646,,48,1,0,return_request,resolved
1200,117,8340,,24,1,0,technical_issue,in_progress
1201,116,38321,,24,1,0,warranty_claim,resolved
1202,120,33051,,8,1,0,return_request,resolved
1203,121,13989,,120,1,1,warranty_claim,resolved
1204,112,33987,,8,1,0,return_request,resolved
1205,125,27190,18,24,1,0,warranty_claim,resolved
1206,124,39169,15,48,1,0,technical_issue,resolved
1207,118,42565,,8,1,0,billing_issue,resolved
1208,126,39906,20,120,1,1,return_request,resolved
1209,124,3199,,48,1,0,return_request,resolved
1210,120,4840,,48,1,0,product_inquiry,resolved
1211,119,5358,2,8,1,0,return_request,pending
1212,127,46320,16,4,1,0,return_request,pending
1213,123,1479,17,24,1,0,return_request,resolved
1214,122,39154,,48,1,0,return_request,resolved
1215,116,38990,,24,1,0,return_request,resolved
1216,115,35767,,8,1,0,return_request,pending
1217,128,38343,,8,1,0,return_request,resolved
1218,128,8584,,48,1,0,return_request,resolved
1219,117,33600,,8,1,0,return_request,resolved
1220,123,41447,6,72,1,1,warranty_claim,in_progress
1221,117,32121,18,4,1,0,return_request,resolved
1222,125,18805,25,72,1,1,warranty_claim,resolved
1223,125,4034,,24,1,0,product_inquiry,pending
1224,126,39744,,8,1,0,return_request,resolved
1225,119,48599,,72,1,1,return_request,resolved
1226,119,1245,,24,1,0,return_request,resolved
1227,128,24435,,120,1,1,return_request,resolved
1228,122,27992,5,72,1,1,technical_issue,resolved
1229,119,42563,,24,1,0,return_request,resolved
1230,114,6407,,168,1,1,return_request,resolved
1231,122,5079,,8,1,0,return_request,resolved
1232,118,32564,,4,1,0,warranty_claim,resolved
1233,115,35777,,48,1,0,return_request,resolved
1234,121,25707,,24,1,0,billing_issue,in_progress
1235,119,1921,,8,1,0,return_request,resolved
1236,125,23539,,8,1,0,return_request,resolved
1237,122,39092,,24,1,0,return_request,resolved
1238,117,6590,7,48,1,0,billing_issue,pending
1239,117,33439,,8,1,0,return_request,resolved
1240,128,36445,1,24,1,0,technical_issue,resolved
1241,129,937,,2,1,0,product_inquiry,resolved
1242,125,22632,,24,1,0,return_request,resolved
1243,130,5407,13,24,1,0,billing_issue,resolved
1244,122,39505,,48,1,0,return_request,resolved
1245,116,4085,,168,1,1,warranty_claim,resolved
1246,122,41472,,2,1,0,return_request,resolved
1247,126,8796,,48,1,0,technical_issue,resolved
1248,116,28144,,72,1,1,return_request,in_progress
1249,120,26047,26,2,1,0,return_request,in_progress
1250,129,20312,,8,1,0,billing_issue,resolved
1251,117,44625,,4,1,0,return_request,pending
1252,124,33368,19,8,1,0,warranty_claim,resolved
1253,119,20824,,24,1,0,billing_issue,resolved
1254,122,36291,,24,1,0,return_request,resolved
1255,126,39849,24,24,1,0,technical_issue,resolved
1256,121,24141,,4,1,0,return_request,resolved
1257,122,38134,28,48,1,0,technical_issue,resolved
1258,121,15295,,24,1,0,billing_issue,in_progress
1259,124,44769,,8,1,0,return_request,resolved
1260,128,15561,,8,1,0,return_request,resolved
1261,120,30594,,24,1,0,return_request,resolved
1262,125,38633,,24,1,0,return_request,in_progress
1263,117,46931,,4,1,0,return_request,in_progress
1264,127,7237,,8,1,0,return_request,pending
1265,122,28142,,2,1,0,return_request,resolved
1266,124,41875,,48,1,0,return_request,resolved
1267,127,19063,,24,1,0,return_request,resolved
1268,122,6579,,24,1,0,return_request,resolved
1269,127,2716,,4,1,0,return_request,resolved
1270,128,18092,,4,1,0,return_request,pending
1271,131,41044,,48,1,0,return_request,resolved
1272,129,8146,,8,1,0,billing_issue,resolved
1273,122,47206,,24,1,0,return_request,resolved
1274,121,18473,,120,1,1,return_request,resolved
1275,122,31265,,24,1,0,return_request,resolved
1276,121,11029,,8,1,0,return_request,resolved
1277,123,23144,,72,1,1,return_request,resolved
1278,127,14165,,120,1,1,return_request,resolved
1279,118,38403,,4,1,0,return_request,resolved
1280,127,27926,,4,1,0,return_request,resolved
1281,126,27825,,72,1,1,return_request,resolved
1282,128,23609,,8,1,0,return_request,resolved
1283,128,3699,,72,1,1,return_request,pending
1284,124,20026,,8,1,0,return_request,resolved
1285,120,29662,,4,1,0,product_inquiry,resolved
1286,125,26540,,120,1,1,technical_issue,resolved
1287,128,10042,,4,1,0,return_request,in_progress
1288,120,25401,,72,1,1,return_request,resolved
1289,122,22323,,8,1,0,return_request,resolved
1290,124,23351,18,72,1,1,technical_issue,pending
1291,122,7833,,4,1,0,return_request,resolved
1292,126,1486,,24,1,0,return_request,pending
1293,125,2649,,120,1,1,technical_issue,pending
1294,124,47191,,8,1,0,return_request,resolved
1295,127,38842,,48,1,0,return_request,resolved
1296,123,1920,,4,1,0,return_request,in_progress
1297,123,45615,,72,1,1,return_request,resolved
1298,122,34230,13,4,1,0,delivery_problem,resolved
1299,126,44682,,24,1,0,technical_issue,resolved
1300,134,27917,,8,1,0,technical_issue,resolved
1301,126,33449,,24,1,0,return_request,resolved
1302,123,20300,,48,1,0,return_request,resolved
1303,123,12298,,168,1,1,return_request,resolved
1304,134,31649,10,8,1,0,technical_issue,resolved
1305,129,15416,,4,1,0,return_request,resolved
1306,134,49533,,4,1,0,technical_issue,resolved
1307,130,16171,,8,1,0,delivery_problem,resolved
1308,124,2859,,48,1,0,delivery_problem,resolved
1309,122,38572,,24,1,0,return_request,resolved
1310,126,5736,,8,1,0,return_request,resolved
1311,123,21992,,24,1,0,return_request,resolved
1312,127,17383,,24,1,0,return_request,resolved
1313,136,6271,,8,1,0,return_request,resolved
1314,127,20129,,2,1,0,return_request,pending
1315,125,5575,,120,1,1,return_request,resolved
1316,128,29395,12,72,1,1,warranty_claim,resolved
1317,122,6967,,24,1,0,billing_issue,resolved
1318,122,39679,,24,1,0,return_request,in_progress
1319,133,15004,,8,1,0,return_request,resolved
1320,136,47755,15,4,1,0,technical_issue,resolved
1321,130,11232,,8,1,0,return_request,resolved
1322,127,25624,23,4,1,0,product_inquiry,resolved
1323,128,10433,,48,1,0,return_request,resolved
1324,132,2855,,48,1,0,return_request,resolved
1325,127,16837,,2,1,0,delivery_problem,resolved
1326,127,20470,,24,1,0,warranty_claim,resolved
1327,131,43167,10,24,1,0,billing_issue,resolved
1328,125,7576,8,4,1,0,delivery_problem,resolved
1329,132,45105,,48,1,0,return_request,resolved
1330,132,32854,,24,1,0,return_request,resolved
1331,136,41385,,24,1,0,delivery_problem,in_progress
1332,129,21199,,48,1,0,delivery_problem,resolved
1333,125,34923,,2,1,0,return_request,resolved
1334,135,44821,,72,1,1,technical_issue,resolved
1335,124,12797,,24,1,0,warranty_claim,pending
1336,130,47113,25,8,1,0,warranty_claim,resolved
1337,127,36956,18,2,1,0,warranty_claim,resolved
1338,131,39079,,48,1,0,warranty_claim,resolved
1339,127,34145,,8,1,0,return_request,pending
1340,129,45924,2,4,1,0,billing_issue,resolved
1341,130,23289,,48,1,0,return_request,resolved
1342,129,44091,23,24,1,0,return_request,resolved
1343,133,10678,,120,1,1,return_request,resolved
1344,139,1102,,24,1,0,return_request,resolved
1345,138,41943,,48,1,0,return_request,resolved
1346,134,10851,,4,1,0,return_request,resolved
1347,125,43076,9,120,1,1,technical_issue,resolved
1348,133,15024,,48,1,0,technical_issue,resolved
1349,128,16217,,72,1,1,return_request,resolved
1350,129,43886,,8,1,0,return_request,resolved
1351,128,27038,,8,1,0,return_request,resolved
1352,139,17002,23,168,1,1,billing_issue,pending
1353,133,10294,,8,1,0,return_request,resolved
1354,129,14768,,48,1,0,return_request,resolved
1355,129,9868,,8,1,0,product_inquiry,in_progress
1356,126,8234,,24,1,0,return_request,pending
1357,129,17169,,8,1,0,return_request,resolved
1358,134,38724,,72,1,1,return_request,resolved
1359,126,46380,,24,1,0,delivery_problem,resolved
1360,136,11176,,2,1,0,delivery_problem,resolved
1361,137,10092,8,8,1,0,technical_issue,resolved
1362,140,31345,,120,1,1,return_request,resolved
1363,129,33068,,2,1,0,delivery_problem,resolved
1364,134,31761,,168,1,1,return_request,resolved
1365,140,28702,,24,1,0,return_request,resolved
1366,127,40712,,72,1,1,return_request,resolved
1367,140,5530,,24,1,0,delivery_problem,resolved
1368,132,47176,,24,1,0,return_request,resolved
1369,129,47905,,4,1,0,return_request,resolved
1370,136,21002,,72,1,1,return_request,in_progress
1371,135,44329,,48,1,0,technical_issue,resolved
1372,128,34521,,24,1,0,warranty_claim,resolved
1373,127,36628,,4,1,0,return_request,resolved
1374,138,45683,,24,1,0,return_request,resolved
1375,134,4099,,4,1,0,return_request,resolved
1376,136,31928,,8,1,0,return_request,resolved
1377,128,2668,,8,1,0,return_request,resolved
1378,137,29570,,24,1,0,return_request,resolved
1379,132,37216,,2,1,0,return_request,resolved
1380,136,24777,,4,1,0,technical_issue,resolved
1381,131,35752,,48,1,0,return_request,resolved
1382,134,34958,28,24,1,0,billing_issue,resolved
1383,136,41229,,48,1,0,return_request,resolved
1384,134,24984,,48,1,0,return_request,resolved
1385,130,37711,,4,1,0,return_request,resolved
1386,129,11242,,8,1,0,return_request,resolved
1387,139,48689,,48,1,0,return_request,pending
1388,140,8724,25,48,1,0,billing_issue,resolved
1389,129,3126,,48,1,0,return_request,in_progress
1390,136,43023,7,24,1,0,billing_issue,resolved
1391,140,22217,26,72,1,1,return_request,resolved
1392,130,35757,,24,1,0,return_request,pending
1393,136,31008,,8,1,0,return_request,resolved
1394,142,10881,,8,1,0,return_request,resolved
1395,129,40064,,8,1,0,return_request,resolved
1396,129,4858,,4,1,0,return_request,resolved
1397,136,12141,,48,1,0,return_request,resolved
1398,131,34117,,48,1,0,billing_issue,resolved
1399,140,37266,,2,1,0,return_request,resolved
1400,143,29183,18,120,1,1,warranty_claim,resolved
1401,134,23375,,4,1,0,return_request,resolved
1402,134,34152,,8,1,0,return_request,resolved
1403,138,38721,,24,1,0,billing_issue,resolved
1404,131,5168,,24,1,0,product_inquiry,resolved
1405,130,17487,,4,1,0,return_request,resolved
1406,132,19766,,2,1,0,return_request,resolved
1407,140,34635,,24,1,0,return_request,resolved
1408,132,9378,,4,1,0,return_request,resolved
1409,136,18047,,72,1,1,technical_issue,resolved
1410,136,28843,,24,1,0,warranty_claim,pending
1411,134,29010,,24,1,0,return_request,resolved
1412,134,35542,,4,1,0,delivery_problem,resolved
1413,136,31421,,24,1,0,return_request,resolved
1414,145,39799,,8,1,0,technical_issue,resolved
1415,133,33354,,2,1,0,return_request,resolved
1416,141,48335,,168,1,1,technical_issue,resolved
1417,141,49415,26,72,1,1,billing_issue,resolved
1418,145,17487,,48,1,0,return_request,resolved
1419,141,18079,3,24,1,0,billing_issue,resolved
1420,136,16071,8,72,1,1,technical_issue,resolved
1421,138,20440,,24,1,0,warranty_claim,resolved
1422,141,45355,,8,1,0,return_request,resolved
1423,146,7070,,8,1,0,return_request,resolved
1424,144,27565,,48,1,0,return_request,resolved
1425,142,45887,,8,1,0,technical_issue,resolved
1426,137,584,,8,1,0,return_request,resolved
1427,136,47235,,8,1,0,return_request,resolved
1428,146,33805,,24,1,0,return_request,pending
1429,145,12638,,48,1,0,return_request,resolved
1430,146,6151,,48,1,0,return_request,resolved
1431,136,11269,,48,1,0,return_request,resolved
1432,136,7915,,72,1,1,technical_issue,resolved
1433,133,25847,,120,1,1,return_request,pending
1434,141,48201,11,8,1,0,return_request,resolved
1435,142,32167,,168,1,1,product_inquiry,resolved
1436,137,36539,,48,1,0,return_request,resolved
1437,143,46098,20,24,1,0,technical_issue,in_progress
1438,135,36577,,8,1,0,return_request,resolved
1439,147,46331,7,4,1,0,delivery_problem,resolved
1440,135,4983,,24,1,0,return_request,resolved
1441,137,426,,2,1,0,return_request,resolved
1442,143,30909,,24,1,0,return_request,resolved
1443,139,49712,,48,1,0,return_request,resolved
1444,135,31194,,24,1,0,return_request,resolved
1445,147,1349,,24,1,0,billing_issue,resolved
1446,136,2063,,8,1,0,product_inquiry,resolved
1447,134,3953,,24,1,0,delivery_problem,resolved
1448,145,41729,,24,1,0,return_request,resolved
1449,144,45608,,48,1,0,delivery_problem,resolved
1450,135,37544,,24,1,0,return_request,resolved
1451,143,32457,,8,1,0,delivery_problem,resolved
1452,138,21167,,2,1,0,return_request,in_progress
1453,143,20225,,4,1,0,return_request,resolved
1454,143,35571,28,24,1,0,billing_issue,resolved
1455,139,15681,,4,1,0,return_request,in_progress
1456,136,48244,,24,1,0,delivery_problem,pending
1457,142,13974,,4,1,0,return_request,resolved
1458,146,41819,,72,1,1,product_inquiry,resolved
1459,145,33520,,24,1,0,technical_issue,resolved
1460,144,12817,26,24,1,0,warranty_claim,resolved
1461,140,20674,,4,1,0,return_request,resolved
1462,149,11514,,8,1,0,return_request,resolved
1463,140,3953,,168,1,1,return_request,resolved
1464,138,40516,,24,1,0,technical_issue,resolved
1465,138,4711,,8,1,0,return_request,resolved
1466,146,6767,,48,1,0,warranty_claim,resolved
1467,151,18707,,120,1,1,return_request,pending
1468,146,17878,,4,1,0,technical_issue,resolved
1469,144,43079,,2,1,0,return_request,resolved
1470,148,14856,,24,1,0,warranty_claim,resolved
1471,150,30220,,4,1,0,return_request,resolved
1472,141,15547,,4,1,0,return_request,resolved
1473,139,3719,,8,1,0,return_request,resolved
1474,137,45733,,72,1,1,return_request,resolved
1475,143,49369,,8,1,0,delivery_problem,resolved
1476,150,5240,10,72,1,1,delivery_problem,resolved
1477,148,3807,,4,1,0,return_request,resolved
1478,142,47471,,4,1,0,return_request,resolved
1479,151,46465,,4,1,0,return_request,resolved
1480,145,44569,,48,1,0,return_request,resolved
1481,149,19463,,24,1,0,return_request,resolved
1482,140,2988,,72,1,1,return_request,pending
1483,147,29410,,24,1,0,billing_issue,resolved
1484,139,7486,,24,1,0,return_request,resolved
1485,141,26220,,24,1,0,return_request,resolved
1486,149,7971,,24,1,0,warranty_claim,resolved
1487,152,1766,,24,1,0,return_request,resolved
1488,141,9876,,24,1,0,return_request,resolved
1489,153,6411,,24,1,0,return_request,resolved
1490,143,2941,28,24,1,0,delivery_problem,resolved
1491,147,39374,4,8,1,0,return_request,resolved
1492,143,14550,,24,1,0,return_request,resolved
1493,148,28363,,8,1,0,return_request,resolved
1494,144,7587,,24,1,0,return_request,resolved
1495,143,27713,,24,1,0,return_request,resolved
1496,151,44482,,120,1,1,return_request,resolved
1497,143,24514,,120,1,1,delivery_problem,resolved
1498,148,11551,,4,1,0,return_request,resolved
1499,151,35874,,8,1,0,product_inquiry,resolved
1500,153,43082,,120,1,1,return_request,resolved
1501,145,30236,,24,1,0,return_request,resolved
1502,141,27519,7,24,1,0,delivery_problem,resolved
1503,141,21406,,48,1,0,return_request,resolved
1504,141,30320,,2,1,0,return_request,in_progress
1505,147,39083,,2,1,0,delivery_problem,resolved
1506,153,14542,,24,1,0,technical_issue,resolved
1507,141,44111,,4,1,0,return_request,resolved
1508,141,7997,,48,1,0,return_request,resolved
1509,148,48650,,48,1,0,return_request,resolved
1510,152,26591,,8,1,0,return_request,resolved
1511,140,867,,72,1,1,warranty_claim,in_progress
1512,153,23806,,48,1,0,return_request,resolved
1513,150,29167,,2,1,0,return_request,resolved
1514,142,2628,,4,1,0,return_request,pending
1515,155,19946,,8,1,0,return_request,resolved
1516,147,21825,7,4,1,0,delivery_problem,resolved
1517,143,5074,6,48,1,0,delivery_problem,in_progress
1518,150,9051,,2,1,0,return_request,resolved
1519,148,39431,,24,1,0,technical_issue,resolved
1520,143,26324,,8,1,0,return_request,resolved
1521,150,8366,,72,1,1,return_request,resolved
1522,153,36440,,2,1,0,return_request,resolved
1523,146,39281,23,8,1,0,return_request,resolved
1524,155,43293,,8,1,0,billing_issue,resolved
1525,148,24550,,168,1,1,warranty_claim,resolved
1526,143,44441,1,24,1,0,return_request,resolved
1527,147,40866,,4,1,0,return_request,in_progress
1528,145,7763,27,2,1,0,product_inquiry,in_progress
1529,144,3456,,48,1,0,return_request,resolved
1530,144,47259,,4,1,0,return_request,resolved
1531,154,45193,,2,1,0,technical_issue,resolved
1532,155,43242,11,8,1,0,technical_issue,resolved
1533,154,32782,,120,1,1,return_request,pending
1534,143,42581,14,8,1,0,warranty_claim,pending
1535,150,31004,,48,1,0,return_request,resolved
1536,152,31243,20,2,1,0,return_request,resolved
1537,147,257,,48,1,0,delivery_problem,resolved
1538,148,19857,,24,1,0,return_request,resolved
1539,152,12750,,2,1,0,return_request,resolved
1540,144,28609,,4,1,0,technical_issue,resolved
1541,150,29423,6,48,1,0,delivery_problem,pending
1542,156,21188,,120,1,1,return_request,resolved
1543,149,48627,,4,1,0,return_request,resolved
1544,150,14118,,8,1,0,return_request,resolved
1545,150,36462,5,48,1,0,delivery_problem,resolved
1546,145,25337,,4,1,0,return_request,resolved
1547,144,306,,72,1,1,return_request,pending
1548,146,20694,,24,1,0,return_request,resolved
1549,150,9984,,48,1,0,product_inquiry,resolved
1550,157,37655,,24,1,0,product_inquiry,resolved
1551,148,37473,,24,1,0,return_request,resolved
1552,149,43684,,8,1,0,technical_issue,resolved
1553,145,20988,14,8,1,0,technical_issue,resolved
1554,150,42973,,24,1,0,technical_issue,resolved
1555,158,20522,5,4,1,0,technical_issue,resolved
1556,150,47294,,24,1,0,technical_issue,resolved
1557,154,34541,,72,1,1,product_inquiry,resolved
1558,157,32894,17,120,1,1,delivery_problem,resolved
1559,146,11038,,24,1,0,return_request,resolved
1560,158,32886,,4,1,0,delivery_problem,resolved
1561,154,6317,,24,1,0,return_request,resolved
1562,154,26946,,72,1,1,technical_issue,resolved
1563,152,38751,,8,1,0,technical_issue,resolved
1564,153,41319,,8,1,0,technical_issue,resolved
1565,158,14621,,8,1,0,return_request,resolved
1566,159,23523,,2,1,0,billing_issue,pending
1567,149,11461,13,8,1,0,technical_issue,resolved
1568,152,23186,19,48,1,0,return_request,resolved
1569,151,18354,,48,1,0,return_request,resolved
1570,155,26100,,8,1,0,return_request,resolved
1571,158,14556,,24,1,0,billing_issue,resolved
1572,147,45305,,8,1,0,return_request,resolved
1573,159,30630,,8,1,0,return_request,resolved
1574,159,9142,23,24,1,0,delivery_problem,resolved
1575,151,14597,,24,1,0,technical_issue,resolved
1576,149,15874,,4,1,0,return_request,resolved
1577,157,20741,,2,1,0,return_request,resolved
1578,154,38530,,4,1,0,return_request,resolved
1579,150,470,,48,1,0,return_request,resolved
1580,148,44517,,48,1,0,return_request,resolved
1581,151,8167,19,72,1,1,delivery_problem,in_progress
1582,149,17308,,24,1,0,return_request,resolved
1583,156,43227,,8,1,0,warranty_claim,pending
1584,149,37412,,8,1,0,return_request,in_progress
1585,157,29672,,72,1,1,technical_issue,resolved
1586,150,46123,,48,1,0,return_request,resolved
1587,155,1603,,48,1,0,return_request,pending
1588,151,37845,,8,1,0,return_request,resolved
1589,149,44080,,8,1,0,return_request,resolved
1590,152,906,,24,1,0,return_request,resolved
1591,156,47442,,2,1,0,warranty_claim,pending
1592,154,33001,,8,1,0,return_request,resolved
1593,150,23569,,2,1,0,return_request,resolved
1594,157,38222,,168,1,1,billing_issue,resolved
1595,161,22815,,2,1,0,return_request,resolved
1596,158,42064,,8,1,0,return_request,pending
1597,162,11361,,168,1,1,return_request,resolved
1598,157,40428,,48,1,0,return_request,resolved
1599,157,18381,,120,1,1,return_request,resolved
1600,160,29238,,4,1,0,delivery_problem,resolved
1601,155,41317,,48,1,0,return_request,in_progress
1602,161,47223,,2,1,0,return_request,resolved
1603,159,7500,,8,1,0,return_request,resolved
1604,158,24751,,4,1,0,product_inquiry,resolved
1605,162,49726,,24,1,0,return_request,resolved
1606,165,14613,,4,1,0,return_request,pending
1607,154,25389,,4,1,0,return_request,resolved
1608,156,35333,,2,1,0,return_request,resolved
1609,158,3546,,2,1,0,return_request,in_progress
1610,159,15360,,72,1,1,return_request,resolved
1611,156,36725,,4,1,0,delivery_problem,resolved
1612,159,20842,,24,1,0,return_request,resolved
1613,152,30010,,8,1,0,return_request,resolved
1614,163,41139,,2,1,0,return_request,resolved
1615,158,25863,,120,1,1,delivery_problem,resolved
1616,164,20866,,2,1,0,return_request,resolved
1617,155,32888,,2,1,0,return_request,in_progress
1618,156,23612,,120,1,1,return_request,resolved
1619,162,46813,,4,1,0,return_request,resolved
1620,153,49116,,120,1,1,warranty_claim,resolved
1621,159,26954,,48,1,0,return_request,resolved
1622,158,26386,,2,1,0,return_request,resolved
1623,156,3239,,120,1,1,product_inquiry,resolved
1624,155,21480,,48,1,0,return_request,resolved
1625,156,15778,,8,1,0,return_request,resolved
1626,164,19512,,24,1,0,return_request,resolved
1627,156,32638,,4,1,0,billing_issue,resolved
1628,166,2786,,4,1,0,return_request,resolved
1629,167,39304,,120,1,1,return_request,resolved
1630,157,19992,,24,1,0,technical_issue,resolved
1631,156,44902,,8,1,0,return_request,resolved
1632,167,10556,,4,1,0,return_request,in_progress
1633,159,49340,,4,1,0,return_request,resolved
1634,167,19377,1,8,1,0,delivery_problem,resolved
1635,158,34205,,2,1,0,return_request,resolved
1636,161,25395,13,8,1,0,delivery_problem,resolved
1637,162,14690,2,4,1,0,return_request,resolved
1638,163,26314,,2,1,0,return_request,pending
1639,168,47543,,2,1,0,return_request,resolved
1640,154,19673,23,4,1,0,return_request,resolved
1641,154,39235,,24,1,0,return_request,resolved
1642,160,25085,,8,1,0,technical_issue,resolved
1643,158,8693,,2,1,0,technical_issue,resolved
1644,166,20551,,8,1,0,return_request,resolved
1645,162,43671,,4,1,0,billing_issue,resolved
1646,161,9437,,24,1,0,return_request,resolved
1647,166,14422,,72,1,1,return_request,pending
1648,165,21518,,4,1,0,return_request,resolved
1649,159,14657,,24,1,0,return_request,resolved
1650,168,6382,,48,1,0,return_request,resolved
1651,161,8687,,72,1,1,return_request,pending
1652,156,43710,,4,1,0,billing_issue,resolved
1653,164,24047,,48,1,0,return_request,resolved
1654,155,49477,,24,1,0,return_request,resolved
1655,166,5331,14,4,1,0,warranty_claim,resolved
1656,157,17996,,4,1,0,return_request,resolved
1657,163,11261,,72,1,1,billing_issue,resolved
1658,159,412,,24,1,0,return_request,pending
1659,160,34578,,8,1,0,return_request,resolved
1660,158,7509,8,4,1,0,technical_issue,resolved
1661,158,2772,18,4,1,0,delivery_problem,resolved
1662,163,12838,,48,1,0,return_request,resolved
1663,157,22182,,48,1,0,return_request,resolved
1664,170,23207,,8,1,0,return_request,resolved
1665,163,37086,3,24,1,0,delivery_problem,resolved
1666,161,30953,18,8,1,0,return_request,resolved
1667,169,11154,,48,1,0,return_request,resolved
1668,163,2611,,8,1,0,return_request,resolved
1669,161,4764,,24,1,0,warranty_claim,resolved
1670,163,38176,11,120,1,1,technical_issue,resolved
1671,160,6502,,8,1,0,billing_issue,resolved
1672,168,43938,28,24,1,0,product_inquiry,resolved
1673,169,12520,,2,1,0,return_request,resolved
1674,163,39925,,24,1,0,product_inquiry,resolved
1675,160,30816,,120,1,1,return_request,resolved
1676,167,15057,,24,1,0,technical_issue,resolved
1677,161,19986,,8,1,0,billing_issue,in_progress
1678,160,46403,19,120,1,1,billing_issue,resolved
1679,166,27613,,8,1,0,return_request,resolved
1680,170,18409,9,4,1,0,delivery_problem,resolved
1681,167,21386,,8,1,0,delivery_problem,resolved
1682,159,47445,,120,1,1,technical_issue,resolved
1683,168,119,,72,1,1,technical_issue,resolved
1684,168,49729,,24,1,0,product_inquiry,resolved
1685,163,29706,,8,1,0,return_request,resolved
1686,170,29958,,24,1,0,product_inquiry,resolved
1687,160,46806,,8,1,0,technical_issue,resolved
1688,168,39395,,48,1,0,return_request,resolved
1689,165,34944,16,4,1,0,billing_issue,resolved
1690,166,13684,,2,1,0,return_request,in_progress
1691,172,25599,,24,1,0,return_request,resolved
1692,168,5762,,48,1,0,return_request,resolved
1693,168,15889,,8,1,0,return_request,resolved
1694,165,27522,,24,1,0,return_request,resolved
1695,166,37335,,8,1,0,return_request,resolved
1696,168,32547,14,48,1,0,warranty_claim,resolved
1697,163,25423,21,168,1,1,billing_issue,resolved
1698,162,26752,,24,1,0,return_request,resolved
1699,163,11526,,8,1,0,return_request,resolved
1700,172,21415,,24,1,0,return_request,resolved
1701,168,37667,,24,1,0,return_request,resolved
1702,163,23395,,4,1,0,return_request,resolved
1703,163,49490,,168,1,1,delivery_problem,resolved
1704,173,43370,,24,1,0,return_request,resolved
1705,159,185,,8,1,0,return_request,resolved
1706,168,1933,,8,1,0,return_request,resolved
1707,167,41251,,8,1,0,return_request,resolved
1708,160,15543,,24,1,0,return_request,resolved
1709,162,45085,,4,1,0,delivery_problem,resolved
1710,168,753,,8,1,0,return_request,resolved
1711,173,48965,,24,1,0,return_request,resolved
1712,171,6460,,4,1,0,return_request,resolved
1713,164,2945,,168,1,1,return_request,resolved
1714,174,34913,,24,1,0,return_request,resolved
1715,163,1925,15,4,1,0,warranty_claim,resolved
1716,166,28543,,4,1,0,return_request,pending
1717,162,45099,,72,1,1,return_request,resolved
1718,165,6979,,120,1,1,return_request,resolved
1719,163,2803,,2,1,0,return_request,resolved
1720,167,35277,19,24,1,0,technical_issue,resolved
1721,166,25592,,2,1,0,delivery_problem,resolved
1722,170,43495,3,8,1,0,product_inquiry,resolved
1723,171,46850,,2,1,0,return_request,resolved
1724,169,34051,,24,1,0,return_request,resolved
1725,171,21715,,48,1,0,return_request,resolved
1726,170,29996,,8,1,0,technical_issue,resolved
1727,161,10259,,48,1,0,return_request,resolved
1728,167,40066,,8,1,0,return_request,pending
1729,174,9967,,8,1,0,delivery_problem,in_progress
1730,169,16006,,8,1,0,product_inquiry,pending
1731,173,14638,,72,1,1,return_request,in_progress
1732,174,1085,,48,1,0,return_request,in_progress
1733,172,44532,,24,1,0,return_request,resolved
1734,170,38936,,48,1,0,billing_issue,resolved
1735,175,15283,,72,1,1,warranty_claim,resolved
1736,174,34624,,48,1,0,return_request,resolved
1737,164,20258,,48,1,0,return_request,resolved
1738,174,36463,,8,1,0,warranty_claim,resolved
1739,172,5332,,24,1,0,return_request,resolved
1740,172,26174,,8,1,0,technical_issue,resolved
1741,166,6247,28,2,1,0,billing_issue,resolved
1742,168,21219,18,4,1,0,billing_issue,resolved
1743,167,30373,,72,1,1,return_request,resolved
1744,174,13989,,2,1,0,return_request,resolved
1745,174,5892,,24,1,0,return_request,resolved
1746,168,17670,,8,1,0,return_request,pending
1747,166,12342,,24,1,0,return_request,resolved
1748,170,30461,,8,1,0,return_request,resolved
1749,177,45582,,2,1,0,return_request,resolved
1750,164,11398,,2,1,0,return_request,resolved
1751,170,31213,,48,1,0,warranty_claim,resolved
1752,172,41231,2,8,1,0,technical_issue,resolved
1753,177,973,25,24,1,0,technical_issue,resolved
1754,166,46284,,24,1,0,return_request,pending
1755,171,27988,,24,1,0,billing_issue,resolved
1756,177,21655,,4,1,0,billing_issue,resolved
1757,174,15075,,8,1,0,return_request,resolved
1758,166,48213,28,120,1,1,warranty_claim,resolved
1759,166,4297,,4,1,0,warranty_claim,resolved
1760,167,42825,,72,1,1,technical_issue,resolved
1761,174,42251,,8,1,0,warranty_claim,resolved
1762,171,25647,28,8,1,0,warranty_claim,resolved
1763,165,11026,,2,1,0,return_request,resolved
1764,168,48464,,120,1,1,delivery_problem,resolved
1765,172,41901,,72,1,1,return_request,resolved
1766,170,18444,,24,1,0,product_inquiry,resolved
1767,175,42267,,24,1,0,return_request,resolved
1768,176,48835,25,4,1,0,delivery_problem,resolved
1769,172,33906,,48,1,0,product_inquiry,resolved
1770,176,48936,,8,1,0,return_request,resolved
1771,174,22764,,8,1,0,return_request,in_progress
1772,172,31813,,168,1,1,return_request,resolved
1773,169,1190,18,72,1,1,billing_issue,in_progress
1774,177,39955,,48,1,0,return_request,resolved
1775,174,23257,,4,1,0,billing_issue,resolved
1776,171,21179,,72,1,1,return_request,resolved
1777,175,20419,,48,1,0,return_request,in_progress
1778,178,31053,,2,1,0,technical_issue,resolved
1779,168,21649,,24,1,0,return_request,in_progress
1780,170,1884,,24,1,0,return_request,resolved
1781,172,33300,,8,1,0,return_request,in_progress
1782,167,13961,,8,1,0,billing_issue,resolved
1783,172,39632,,120,1,1,warranty_claim,in_progress
1784,172,33387,,48,1,0,return_request,pending
1785,176,1387,7,24,1,0,technical_issue,resolved
1786,172,14259,,8,1,0,delivery_problem,resolved
1787,180,39815,,4,1,0,return_request,resolved
1788,178,8206,7,24,1,0,return_request,resolved
1789,168,14994,,4,1,0,return_request,resolved
1790,178,24986,,4,1,0,return_request,resolved
1791,178,12320,28,8,1,0,return_request,resolved
1792,177,12747,,48,1,0,warranty_claim,resolved
1793,181,44465,,120,1,1,delivery_problem,resolved
1794,170,42814,,8,1,0,technical_issue,resolved
1795,169,13092,,48,1,0,return_request,resolved
1796,178,14099,,24,1,0,technical_issue,resolved
1797,177,3079,,8,1,0,return_request,pending
1798,178,19182,1,48,1,0,return_request,resolved
1799,181,23992,27,120,1,1,billing_issue,resolved
1800,179,24304,,4,1,0,return_request,resolved
1801,179,35253,,24,1,0,return_request,resolved
1802,182,18718,,8,1,0,product_inquiry,in_progress
1803,168,6976,16,4,1,0,billing_issue,resolved
1804,170,8762,,72,1,1,return_request,resolved
1805,170,27475,,168,1,1,return_request,resolved
1806,180,4322,,2,1,0,delivery_problem,resolved
1807,174,1146,,8,1,0,return_request,resolved
1808,178,27749,,120,1,1,technical_issue,in_progress
1809,172,42427,,48,1,0,return_request,resolved
1810,176,7679,,4,1,0,warranty_claim,resolved
1811,182,37676,,24,1,0,billing_issue,resolved
1812,177,18549,5,2,1,0,technical_issue,resolved
1813,170,32642,,24,1,0,product_inquiry,resolved
1814,176,11158,,24,1,0,return_request,resolved
1815,178,17575,9,120,1,1,warranty_claim,resolved
1816,174,20237,,8,1,0,return_request,resolved
1817,173,2972,,24,1,0,product_inquiry,resolved
1818,177,23228,,48,1,0,return_request,resolved
1819,184,31849,,4,1,0,return_request,resolved
1820,171,40454,,2,1,0,return_request,in_progress
1821,172,13732,,8,1,0,product_inquiry,resolved
1822,184,15977,,72,1,1,return_request,resolved
1823,181,7973,,72,1,1,return_request,pending
1824,170,1730,,48,1,0,technical_issue,resolved
1825,172,28880,,4,1,0,return_request,resolved
1826,171,40461,,4,1,0,return_request,resolved
1827,179,11944,,2,1,0,return_request,in_progress
1828,174,29806,,24,1,0,return_request,resolved
1829,170,8763,,168,1,1,technical_issue,in_progress
1830,172,18202,,4,1,0,return_request,resolved
1831,184,23820,,72,1,1,return_request,resolved
1832,175,34212,,8,1,0,return_request,resolved
1833,181,30818,,4,1,0,return_request,resolved
1834,179,33122,,48,1,0,return_request,in_progress
1835,172,43514,,4,1,0,return_request,pending
1836,183,36910,,48,1,0,return_request,resolved
1837,177,47342,,24,1,0,return_request,in_progress
1838,180,33448,,24,1,0,billing_issue,resolved
1839,180,46135,,72,1,1,return_request,resolved
1840,185,40498,,24,1,0,return_request,resolved
1841,175,13868,,4,1,0,return_request,resolved
1842,173,14246,,48,1,0,return_request,resolved
1843,186,9357,,2,1,0,return_request,resolved
1844,186,28608,,120,1,1,return_request,resolved
1845,182,11020,,24,1,0,return_request,resolved
1846,174,19949,13,72,1,1,technical_issue,resolved
1847,177,20685,,72,1,1,return_request,resolved
1848,184,20926,,72,1,1,product_inquiry,resolved
1849,187,12323,7,2,1,0,warranty_claim,in_progress
1850,184,26337,,8,1,0,delivery_problem,resolved
1851,186,39657,17,24,1,0,technical_issue,resolved
1852,187,24879,,2,1,0,return_request,resolved
1853,174,1972,,8,1,0,technical_issue,resolved
1854,187,29071,,48,1,0,delivery_problem,resolved
1855,180,15432,,8,1,0,billing_issue,resolved
1856,179,9921,,120,1,1,warranty_claim,resolved
1857,180,22617,,2,1,0,return_request,resolved
1858,188,29992,,8,1,0,delivery_problem,in_progress
1859,182,32820,,168,1,1,return_request,resolved
1860,183,6614,,4,1,0,return_request,resolved
1861,179,30200,,8,1,0,return_request,resolved
1862,182,49461,15,120,1,1,technical_issue,resolved
1863,174,41996,,8,1,0,return_request,resolved
1864,181,47693,,24,1,0,technical_issue,resolved
1865,175,22239,,72,1,1,return_request,resolved
1866,189,7770,,8,1,0,return_request,resolved
1867,185,6665,,8,1,0,warranty_claim,resolved
1868,177,49979,,120,1,1,return_request,in_progress
1869,179,47209,,2,1,0,return_request,in_progress
1870,186,16012,,48,1,0,return_request,resolved
1871,181,22084,17,8,1,0,delivery_problem,resolved
1872,184,3919,,4,1,0,technical_issue,resolved
1873,178,11949,,4,1,0,return_request,resolved
1874,183,44128,,4,1,0,technical_issue,resolved
1875,180,11890,,2,1,0,return_request,resolved
1876,183,48258,,72,1,1,return_request,resolved
1877,179,19689,,24,1,0,warranty_claim,pending
1878,187,19305,,24,1,0,return_request,resolved
1879,189,10637,5,72,1,1,warranty_claim,resolved
1880,189,28541,,4,1,0,return_request,resolved
1881,180,25623,16,8,1,0,billing_issue,resolved
1882,185,44464,14,2,1,0,delivery_problem,resolved
1883,182,5000,,8,1,0,return_request,resolved
1884,178,754,,24,1,0,return_request,in_progress
1885,187,15892,,4,1,0,return_request,resolved
1886,186,45428,,72,1,1,return_request,resolved
1887,188,30228,,2,1,0,return_request,resolved
1888,181,35178,,24,1,0,billing_issue,resolved
1889,190,29411,,24,1,0,return_request,pending
1890,180,13781,,24,1,0,return_request,resolved
1891,179,18730,15,4,1,0,return_request,resolved
1892,187,24308,,8,1,0,product_inquiry,resolved
1893,183,37883,,4,1,0,return_request,in_progress
1894,178,10962,,72,1,1,product_inquiry,resolved
1895,177,34501,,24,1,0,billing_issue,resolved
1896,185,13157,,48,1,0,return_request,resolved
1897,180,32279,,72,1,1,return_request,resolved
1898,177,15284,,24,1,0,return_request,resolved
1899,185,8223,,24,1,0,return_request,resolved
1900,180,39479,,8,1,0,return_request,resolved
1901,183,45730,,48,1,0,return_request,resolved
1902,187,39841,,2,1,0,billing_issue,pending
1903,191,46599,,2,1,0,return_request,resolved
1904,181,25498,,2,1,0,return_request,in_progress
1905,178,24622,,8,1,0,billing_issue,resolved
1906,186,42745,,24,1,0,return_request,resolved
1907,184,39875,,24,1,0,return_request,resolved
1908,188,32750,,48,1,0,return_request,resolved
1909,178,7971,,8,1,0,return_request,resolved
1910,180,29,,8,1,0,delivery_problem,resolved
1911,186,45069,,4,1,0,return_request,resolved
1912,179,30995,,24,1,0,return_request,pending
1913,179,12967,,8,1,0,return_request,resolved
1914,189,46696,,2,1,0,return_request,resolved
1915,180,28938,,48,1,0,return_request,resolved
1916,184,19703,,72,1,1,technical_issue,resolved
1917,192,42754,27,8,1,0,technical_issue,resolved
1918,183,44679,,4,1,0,return_request,resolved
1919,178,2097,,48,1,0,return_request,resolved
1920,187,25080,,48,1,0,return_request,resolved
1921,192,4513,,24,1,0,return_request,resolved
1922,179,29963,,24,1,0,return_request,in_progress
1923,186,4498,,24,1,0,return_request,resolved
1924,190,11396,,24,1,0,return_request,in_progress
1925,183,39938,,4,1,0,return_request,pending
1926,187,45394,,4,1,0,return_request,resolved
1927,185,48516,,24,1,0,return_request,resolved
1928,185,43061,5,168,1,1,technical_issue,resolved
1929,188,10710,,4,1,0,return_request,resolved
1930,186,32516,23,4,1,0,return_request,resolved
1931,191,39372,8,48,1,0,return_request,resolved
1932,186,6481,,24,1,0,return_request,resolved
1933,190,49835,,24,1,0,return_request,resolved
1934,186,4127,22,72,1,1,return_request,resolved
1935,192,11650,4,8,1,0,technical_issue,in_progress
1936,182,49722,,168,1,1,billing_issue,resolved
1937,187,34856,,2,1,0,return_request,resolved
1938,193,14139,,4,1,0,return_request,resolved
1939,194,45583,,24,1,0,return_request,pending
1940,194,19865,,48,1,0,return_request,resolved
1941,180,31893,,24,1,0,billing_issue,resolved
1942,186,28518,,24,1,0,return_request,resolved
1943,180,13396,17,48,1,0,return_request,resolved
1944,183,32077,,24,1,0,return_request,resolved
1945,181,13526,,8,1,0,return_request,resolved
1946,180,11680,28,8,1,0,delivery_problem,resolved
1947,181,48146,,72,1,1,return_request,resolved
1948,181,23028,,24,1,0,billing_issue,resolved
1949,193,20596,15,24,1,0,billing_issue,resolved
1950,193,36344,,4,1,0,return_request,resolved
1951,184,42109,,24,1,0,billing_issue,resolved
1952,193,46467,,24,1,0,return_request,pending
1953,187,4859,,8,1,0,return_request,resolved
1954,190,6658,12,48,1,0,product_inquiry,resolved
1955,194,41178,10,48,1,0,technical_issue,pending
1956,187,40923,,8,1,0,return_request,in_progress
1957,191,14738,,48,1,0,technical_issue,resolved
1958,189,24363,,48,1,0,return_request,resolved
1959,191,47444,,2,1,0,return_request,resolved
1960,190,40792,,24,1,0,return_request,resolved
1961,184,15758,,24,1,0,return_request,resolved
1962,189,20548,,8,1,0,return_request,resolved
1963,196,17471,,2,1,0,return_request,resolved
1964,185,10145,,8,1,0,return_request,resolved
1965,188,11100,,72,1,1,return_request,pending
1966,184,9893,,8,1,0,technical_issue,resolved
1967,189,17159,,24,1,0,return_request,resolved
1968,192,46909,,24,1,0,return_request,resolved
1969,196,48370,,72,1,1,delivery_problem,resolved
1970,195,26787,,4,1,0,billing_issue,resolved
1971,193,46747,,2,1,0,return_request,resolved
1972,183,32994,,24,1,0,return_request,resolved
1973,190,4824,5,72,1,1,product_inquiry,resolved
1974,196,2380,,24,1,0,billing_issue,pending
1975,188,21003,,4,1,0,return_request,resolved
1976,193,44110,,8,1,0,delivery_problem,resolved
1977,196,2725,,2,1,0,return_request,resolved
1978,185,23807,,8,1,0,return_request,resolved
1979,196,2711,,168,1,1,return_request,resolved
1980,186,15737,,72,1,1,return_request,resolved
1981,194,11091,,24,1,0,return_request,resolved
1982,184,41866,,8,1,0,technical_issue,resolved
1983,193,1646,,8,1,0,return_request,resolved
1984,194,9962,,120,1,1,return_request,resolved
1985,190,49279,,72,1,1,return_request,pending
1986,193,878,,8,1,0,return_request,resolved
1987,191,20226,,48,1,0,return_request,in_progress
1988,190,21170,8,2,1,0,billing_issue,resolved
1989,197,48891,25,48,1,0,warranty_claim,pending
1990,190,17100,,24,1,0,return_request,resolved
1991,199,48084,,2,1,0,product_inquiry,resolved
1992,185,17881,,8,1,0,return_request,in_progress
1993,191,12771,,72,1,1,return_request,resolved
1994,190,37498,,4,1,0,return_request,in_progress
1995,196,15547,,2,1,0,return_request,resolved
1996,197,7031,,120,1,1,delivery_problem,resolved
1997,185,40107,,72,1,1,return_request,resolved
1998,197,46513,,48,1,0,return_request,resolved
1999,188,35615,,24,1,0,return_request,resolved
2000,191,48847,,2,1,0,return_request,resolved
2001,188,7830,,24,1,0,return_request,resolved
2002,200,3610,8,8,1,0,billing_issue,resolved
2003,189,47287,,48,1,0,warranty_claim,resolved
2004,200,46690,,24,1,0,delivery_problem,resolved
2005,200,18021,,8,1,0,return_request,in_progress
2006,195,24223,,24,1,0,return_request,resolved
2007,199,47951,,48,1,0,return_request,resolved
2008,197,1734,,4,1,0,delivery_problem,resolved
2009,188,40426,,8,1,0,return_request,resolved
2010,190,29593,,48,1,0,return_request,resolved
2011,191,11041,,2,1,0,return_request,resolved
2012,196,1887,,48,1,0,technical_issue,resolved
2013,193,30747,16,4,1,0,return_request,resolved
2014,193,20643,,48,1,0,return_request,resolved
2015,193,9744,,24,1,0,return_request,resolved
2016,200,31456,,8,1,0,return_request,resolved
2017,190,37103,,48,1,0,return_request,resolved
2018,190,39945,,8,1,0,return_request,resolved
2019,193,33031,,8,1,0,return_request,pending
2020,190,10422,16,4,1,0,delivery_problem,resolved
2021,187,12896,,2,1,0,return_request,resolved
2022,188,17389,,4,1,0,return_request,resolved
2023,191,8340,,24,1,0,warranty_claim,in_progress
2024,189,11885,,72,1,1,product_inquiry,resolved
2025,196,7831,,168,1,1,return_request,in_progress
2026,196,17358,,8,1,0,return_request,pending
2027,195,21705,13,2,1,0,delivery_problem,resolved
2028,198,18851,,24,1,0,delivery_problem,resolved
2029,188,22959,,24,1,0,return_request,resolved
2030,202,43117,17,4,1,0,technical_issue,resolved
2031,190,39750,,4,1,0,return_request,in_progress
2032,200,1266,,4,1,0,product_inquiry,pending
2033,197,21263,,8,1,0,technical_issue,resolved
2034,195,41051,,24,1,0,product_inquiry,resolved
2035,201,4314,,24,1,0,return_request,resolved
2036,195,18926,,24,1,0,product_inquiry,in_progress
2037,191,14924,,24,1,0,return_request,resolved
2038,193,2737,25,24,1,0,billing_issue,resolved
2039,197,2388,,8,1,0,billing_issue,resolved
2040,201,42869,1,4,1,0,technical_issue,resolved
2041,189,2936,,4,1,0,return_request,resolved
2042,194,29140,17,8,1,0,return_request,resolved
2043,199,31563,,2,1,0,return_request,resolved
2044,202,45216,,8,1,0,return_request,resolved
2045,195,14464,12,48,1,0,product_inquiry,pending
2046,202,17676,,120,1,1,return_request,resolved
2047,194,18223,,48,1,0,return_request,resolved
2048,202,27453,8,4,1,0,return_request,resolved
2049,202,45233,,48,1,0,return_request,pending
2050,196,27590,,2,1,0,return_request,resolved
2051,193,3495,,8,1,0,return_request,resolved
2052,202,4979,16,48,1,0,return_request,resolved
2053,198,33241,,120,1,1,billing_issue,resolved
2054,198,44790,,2,1,0,return_request,in_progress
2055,191,10772,,120,1,1,product_inquiry,resolved
2056,196,34474,14,24,1,0,return_request,resolved
2057,198,38008,,4,1,0,return_request,resolved
2058,199,28814,,72,1,1,return_request,pending
2059,201,19884,,8,1,0,return_request,resolved
2060,202,15342,,2,1,0,return_request,resolved
2061,194,11368,,2,1,0,return_request,resolved
2062,197,24449,,8,1,0,technical_issue,pending
2063,202,48171,,4,1,0,return_request,resolved
2064,196,25909,11,2,1,0,billing_issue,in_progress
2065,203,19711,,120,1,1,return_request,resolved
2066,199,43004,,2,1,0,return_request,resolved
2067,200,21376,,24,1,0,return_request,in_progress
2068,195,2951,,8,1,0,delivery_problem,resolved
2069,191,31038,13,72,1,1,return_request,pending
2070,204,30660,,4,1,0,return_request,resolved
2071,195,38349,,24,1,0,return_request,resolved
2072,191,17451,,8,1,0,warranty_claim,resolved
2073,199,38538,,8,1,0,billing_issue,resolved
2074,202,39069,,8,1,0,return_request,resolved
2075,191,22192,,8,1,0,return_request,resolved
2076,199,3861,,4,1,0,return_request,resolved
2077,200,42651,,48,1,0,return_request,resolved
2078,201,22339,,120,1,1,return_request,resolved
2079,200,49857,,48,1,0,return_request,resolved
2080,204,19903,,24,1,0,return_request,resolved
2081,204,3868,,4,1,0,return_request,resolved
2082,203,25150,22,24,1,0,delivery_problem,resolved
2083,197,21181,,24,1,0,return_request,resolved
2084,200,24608,,120,1,1,return_request,resolved
2085,191,49683,,2,1,0,return_request,resolved
2086,196,43316,,8,1,0,return_request,resolved
2087,201,35842,,24,1,0,return_request,resolved
2088,193,32865,,24,1,0,return_request,resolved
2089,198,36512,,4,1,0,return_request,resolved
2090,196,31359,,8,1,0,return_request,resolved
2091,194,34587,,48,1,0,return_request,resolved
2092,202,12156,,2,1,0,return_request,resolved
2093,204,39985,,2,1,0,return_request,in_progress
2094,201,31529,24,24,1,0,return_request,resolved
2095,192,9389,16,24,1,0,delivery_problem,resolved
2096,198,23765,,24,1,0,return_request,resolved
2097,197,42103,,72,1,1,return_request,resolved
2098,202,38471,27,4,1,0,technical_issue,resolved
2099,192,41075,,48,1,0,return_request,resolved
2100,195,49668,,24,1,0,return_request,resolved
2101,194,39531,,48,1,0,return_request,resolved
2102,195,39441,,24,1,0,return_request,resolved
2103,205,35918,,2,1,0,return_request,resolved
2104,197,40869,24,8,1,0,billing_issue,resolved
2105,193,13838,,48,1,0,return_request,resolved
2106,194,38566,,8,1,0,return_request,resolved
2107,205,18118,,24,1,0,return_request,resolved
2108,201,23212,26,4,1,0,billing_issue,resolved
2109,200,20997,,72,1,1,technical_issue,resolved
2110,199,4484,,8,1,0,return_request,resolved
2111,195,29453,,8,1,0,return_request,resolved
2112,203,35492,,72,1,1,return_request,resolved
2113,195,16353,,2,1,0,return_request,resolved
2114,193,37682,,2,1,0,return_request,resolved
2115,194,13576,,24,1,0,technical_issue,resolved
2116,206,21171,,24,1,0,return_request,resolved
2117,197,30944,22,4,1,0,delivery_problem,resolved
2118,193,42765,,8,1,0,technical_issue,pending
2119,193,16515,,48,1,0,return_request,resolved
2120,194,48734,,72,1,1,return_request,resolved
2121,193,9627,,4,1,0,return_request,resolved
2122,207,4759,,4,1,0,technical_issue,resolved
2123,205,7948,,4,1,0,return_request,resolved
2124,197,11612,,8,1,0,return_request,resolved
2125,206,25517,,2,1,0,return_request,resolved
2126,205,15532,,4,1,0,return_request,resolved
2127,204,33326,,4,1,0,billing_issue,resolved
2128,200,30804,,24,1,0,delivery_problem,resolved
2129,204,3523,,120,1,1,return_request,resolved
2130,205,38919,,120,1,1,billing_issue,resolved
2131,199,43664,8,4,1,0,technical_issue,resolved
2132,195,36356,,4,1,0,product_inquiry,resolved
2133,205,40314,,24,1,0,return_request,resolved
2134,196,29354,,48,1,0,return_request,pending
2135,194,44817,,4,1,0,return_request,resolved
2136,196,3237,,4,1,0,return_request,resolved
2137,197,40561,,4,1,0,return_request,resolved
2138,197,1041,,2,1,0,return_request,resolved
2139,202,46735,,24,1,0,return_request,resolved
2140,206,19431,,8,1,0,delivery_problem,resolved
2141,205,2244,,8,1,0,warranty_claim,resolved
2142,201,44403,1,48,1,0,return_request,resolved
2143,205,41427,,24,1,0,return_request,resolved
2144,195,47856,14,168,1,1,return_request,resolved
2145,207,29557,,24,1,0,return_request,resolved
2146,198,46471,,8,1,0,return_request,resolved
2147,206,45567,27,24,1,0,product_inquiry,resolved
2148,205,35154,,48,1,0,return_request,resolved
2149,198,30188,,4,1,0,return_request,resolved
2150,200,13662,,4,1,0,return_request,resolved
2151,196,43470,,24,1,0,return_request,resolved
2152,210,10020,10,48,1,0,technical_issue,resolved
2153,205,33884,,48,1,0,return_request,resolved
2154,209,45786,,24,1,0,return_request,resolved
2155,204,35029,,24,1,0,technical_issue,resolved
2156,197,35557,,48,1,0,return_request,resolved
2157,199,32742,,72,1,1,return_request,resolved
2158,199,33565,,8,1,0,return_request,resolved
2159,201,7950,,48,1,0,return_request,in_progress
2160,208,35606,,4,1,0,billing_issue,resolved
2161,208,40216,,48,1,0,return_request,pending
2162,211,44104,,4,1,0,return_request,in_progress
2163,202,19302,,120,1,1,delivery_problem,resolved
2164,201,38514,,72,1,1,return_request,resolved
2165,207,48602,,8,1,0,return_request,resolved
2166,205,36530,,24,1,0,technical_issue,in_progress
2167,204,17747,,48,1,0,technical_issue,resolved
2168,211,31387,,168,1,1,return_request,pending
2169,209,24831,22,2,1,0,billing_issue,resolved
2170,204,27640,,4,1,0,delivery_problem,in_progress
2171,212,25441,,8,1,0,return_request,in_progress
2172,208,4937,,8,1,0,return_request,resolved
2173,209,19120,,72,1,1,return_request,resolved
2174,202,34457,,24,1,0,return_request,resolved
2175,213,28466,,24,1,0,return_request,pending
2176,209,24948,14,48,1,0,delivery_problem,resolved
2177,199,33670,,72,1,1,delivery_problem,in_progress
2178,213,40825,,48,1,0,return_request,resolved
2179,204,16367,,8,1,0,return_request,resolved
2180,208,33186,,24,1,0,billing_issue,resolved
2181,200,39932,,24,1,0,return_request,resolved
2182,201,33653,,72,1,1,return_request,resolved
2183,210,48530,,48,1,0,product_inquiry,resolved
2184,201,2921,8,8,1,0,warranty_claim,resolved
2185,214,18397,,48,1,0,return_request,resolved
2186,212,13196,,8,1,0,technical_issue,resolved
2187,205,21125,7,48,1,0,return_request,resolved
2188,207,22904,,24,1,0,warranty_claim,resolved
2189,211,29182,,8,1,0,billing_issue,resolved
2190,211,40787,2,24,1,0,billing_issue,resolved
2191,202,12799,,4,1,0,return_request,resolved
2192,210,31288,12,8,1,0,technical_issue,resolved
2193,211,49753,,8,1,0,return_request,pending
2194,202,9746,,24,1,0,delivery_problem,resolved
2195,212,19413,,4,1,0,return_request,resolved
2196,201,13089,,2,1,0,return_request,resolved
2197,209,36438,24,48,1,0,technical_issue,resolved
2198,205,15448,,48,1,0,return_request,resolved
2199,212,46975,,48,1,0,delivery_problem,resolved
2200,213,10003,,8,1,0,return_request,resolved
2201,214,20741,,48,1,0,return_request,resolved
2202,201,8645,,48,1,0,billing_issue,resolved
2203,203,40447,,2,1,0,billing_issue,resolved
2204,204,6118,,48,1,0,return_request,resolved
2205,206,35174,,72,1,1,return_request,resolved
2206,208,33553,,8,1,0,return_request,resolved
2207,210,29707,15,24,1,0,return_request,resolved
2208,205,8808,,48,1,0,return_request,resolved
2209,206,27971,,72,1,1,delivery_problem,resolved
2210,208,26770,,120,1,1,return_request,resolved
2211,214,24672,,72,1,1,return_request,resolved
2212,203,24568,,2,1,0,return_request,resolved
2213,214,13482,,2,1,0,return_request,resolved
2214,213,13888,,72,1,1,return_request,resolved
2215,214,37499,,24,1,0,return_request,resolved
2216,211,45574,17,8,1,0,technical_issue,resolved
2217,216,41812,27,72,1,1,billing_issue,resolved
2218,215,27557,26,8,1,0,return_request,resolved
2219,209,28872,23,4,1,0,return_request,resolved
2220,205,47133,22,24,1,0,return_request,resolved
2221,218,40800,,48,1,0,return_request,resolved
2222,212,31367,,24,1,0,return_request,resolved
2223,210,12147,,8,1,0,return_request,in_progress
2224,204,13349,,24,1,0,return_request,resolved
2225,215,46297,,8,1,0,product_inquiry,resolved
2226,216,48268,,8,1,0,technical_issue,resolved
2227,214,36692,,2,1,0,delivery_problem,pending
2228,214,47238,,2,1,0,return_request,resolved
2229,218,153,,4,1,0,return_request,resolved
2230,212,20044,,24,1,0,return_request,resolved
2231,207,49730,26,24,1,0,return_request,resolved
2232,218,27174,,72,1,1,return_request,resolved
2233,208,1048,,2,1,0,return_request,resolved
2234,208,42370,,8,1,0,return_request,resolved
2235,212,22454,,24,1,0,product_inquiry,pending
2236,216,21062,,2,1,0,return_request,resolved
2237,220,12812,,48,1,0,return_request,resolved
2238,211,1619,,4,1,0,return_request,resolved
2239,214,6026,,48,1,0,warranty_claim,pending
2240,220,541,,2,1,0,return_request,resolved
2241,208,27943,,48,1,0,return_request,resolved
2242,215,3755,,48,1,0,return_request,resolved
2243,211,45296,,2,1,0,return_request,resolved
2244,217,3348,,24,1,0,return_request,resolved
2245,211,35913,,48,1,0,technical_issue,resolved
2246,208,11084,,72,1,1,return_request,resolved
2247,206,32069,,48,1,0,return_request,resolved
2248,209,7512,,48,1,0,return_request,resolved
2249,216,35103,,24,1,0,return_request,resolved
2250,216,49930,4,4,1,0,billing_issue,resolved
2251,210,3140,,48,1,0,return_request,resolved
2252,206,22859,,72,1,1,return_request,resolved
2253,213,17266,28,4,1,0,technical_issue,resolved
2254,213,1600,,8,1,0,technical_issue,resolved
2255,219,26836,,24,1,0,billing_issue,resolved
2256,221,47261,27,2,1,0,technical_issue,resolved
2257,220,29923,,8,1,0,billing_issue,resolved
2258,208,15346,,4,1,0,technical_issue,resolved
2259,217,44480,20,24,1,0,billing_issue,resolved
2260,211,34132,,120,1,1,return_request,resolved
2261,221,2218,,72,1,1,return_request,resolved
2262,208,41258,,48,1,0,return_request,pending
2263,208,27444,28,8,1,0,product_inquiry,resolved
2264,220,27423,,24,1,0,return_request,resolved
2265,208,16189,,48,1,0,delivery_problem,resolved
2266,209,42649,,72,1,1,return_request,resolved
2267,219,16742,,4,1,0,return_request,resolved
2268,217,28541,,48,1,0,return_request,resolved
2269,220,23648,,8,1,0,technical_issue,resolved
2270,219,13534,,48,1,0,delivery_problem,resolved
2271,214,35449,8,2,1,0,technical_issue,resolved
2272,217,46717,,24,1,0,delivery_problem,resolved
2273,222,32186,,72,1,1,technical_issue,resolved
2274,218,43350,,48,1,0,return_request,resolved
2275,211,38249,,4,1,0,return_request,resolved
2276,218,49377,,48,1,0,return_request,resolved
2277,215,11274,,8,1,0,return_request,pending
2278,214,1980,,2,1,0,return_request,resolved
2279,215,22380,1,8,1,0,return_request,resolved
2280,220,11734,,4,1,0,return_request,pending
2281,217,27148,,72,1,1,return_request,pending
2282,220,26550,,8,1,0,billing_issue,resolved
2283,219,11529,24,4,1,0,billing_issue,resolved
2284,219,2984,,72,1,1,return_request,resolved
2285,216,31701,,120,1,1,billing_issue,pending
2286,212,17524,,8,1,0,return_request,resolved
2287,221,20473,,24,1,0,return_request,resolved
2288,221,23682,,8,1,0,product_inquiry,resolved
2289,212,4709,,4,1,0,return_request,resolved
2290,211,12121,26,8,1,0,delivery_problem,resolved
2291,215,33543,,8,1,0,return_request,resolved
2292,224,31803,,4,1,0,return_request,pending
2293,223,41066,7,72,1,1,warranty_claim,resolved
2294,223,15343,2,4,1,0,billing_issue,resolved
2295,213,17762,4,8,1,0,billing_issue,resolved
2296,220,31132,,48,1,0,return_request,resolved
2297,218,33387,,120,1,1,return_request,resolved
2298,221,37469,,4,1,0,return_request,resolved
2299,214,43056,,48,1,0,return_request,resolved
2300,211,4614,,24,1,0,return_request,resolved
2301,221,39573,,8,1,0,billing_issue,resolved
2302,224,6883,,8,1,0,return_request,resolved
2303,213,28039,,120,1,1,return_request,resolved
2304,211,30165,,8,1,0,return_request,resolved
2305,221,33669,,4,1,0,return_request,resolved
2306,211,32089,,4,1,0,return_request,resolved
2307,215,6223,,8,1,0,return_request,resolved
2308,220,12012,,8,1,0,delivery_problem,resolved
2309,218,38722,3,24,1,0,delivery_problem,resolved
2310,223,17741,,24,1,0,return_request,resolved
2311,224,7007,,72,1,1,return_request,pending
2312,218,774,,8,1,0,return_request,resolved
2313,217,46608,,24,1,0,return_request,resolved
2314,217,16625,,8,1,0,technical_issue,in_progress
2315,213,32073,,48,1,0,product_inquiry,pending
2316,220,20226,,24,1,0,return_request,resolved
2317,218,34479,,4,1,0,billing_issue,resolved
2318,214,15731,26,4,1,0,delivery_problem,resolved
2319,218,33736,,2,1,0,return_request,resolved
2320,223,13680,,24,1,0,return_request,in_progress
2321,226,38797,,24,1,0,return_request,resolved
2322,216,24896,,4,1,0,return_request,resolved
2323,222,14003,,4,1,0,return_request,resolved
2324,214,22,10,24,1,0,product_inquiry,resolved
2325,213,16140,,4,1,0,return_request,resolved
2326,221,9715,,24,1,0,return_request,resolved
2327,215,45276,,48,1,0,return_request,resolved
2328,227,23391,,168,1,1,return_request,resolved
2329,219,44796,,24,1,0,return_request,resolved
2330,228,3675,,4,1,0,return_request,resolved
2331,219,47051,,4,1,0,delivery_problem,in_progress
2332,221,12744,,24,1,0,return_request,resolved
2333,215,11982,,48,1,0,return_request,resolved
2334,220,22674,,48,1,0,return_request,resolved
2335,223,29555,,24,1,0,delivery_problem,in_progress
2336,219,40201,19,120,1,1,return_request,resolved
2337,224,9911,,2,1,0,return_request,resolved
2338,224,17231,,48,1,0,return_request,resolved
2339,217,28209,,24,1,0,product_inquiry,resolved
2340,223,4599,,24,1,0,return_request,in_progress
2341,224,6806,14,2,1,0,product_inquiry,pending
2342,215,15806,,120,1,1,return_request,resolved
2343,218,12317,22,24,1,0,product_inquiry,resolved
2344,228,37868,,2,1,0,return_request,resolved
2345,224,43435,,4,1,0,return_request,resolved
2346,220,20184,,24,1,0,delivery_problem,resolved
2347,222,8543,,2,1,0,return_request,in_progress
2348,221,38512,,72,1,1,return_request,pending
2349,227,49533,,120,1,1,billing_issue,resolved
2350,228,31855,,4,1,0,return_request,resolved
2351,219,44429,23,48,1,0,return_request,resolved
2352,218,17732,,72,1,1,return_request,resolved
2353,221,48789,,24,1,0,return_request,resolved
2354,220,24222,4,2,1,0,return_request,resolved
2355,230,48099,,8,1,0,warranty_claim,resolved
2356,220,9381,,24,1,0,return_request,resolved
2357,222,45480,,4,1,0,technical_issue,resolved
2358,228,27785,,48,1,0,product_inquiry,in_progress
2359,230,7887,,48,1,0,return_request,resolved
2360,220,38944,18,8,1,0,billing_issue,resolved
2361,224,25678,,48,1,0,delivery_problem,resolved
2362,217,42522,,8,1,0,return_request,resolved
2363,230,21186,,24,1,0,return_request,resolved
2364,222,18278,,120,1,1,return_request,resolved
2365,225,9808,,48,1,0,return_request,resolved
2366,232,11855,,24,1,0,return_request,resolved
2367,227,30968,,2,1,0,return_request,resolved
2368,221,6133,,168,1,1,billing_issue,resolved
2369,226,5715,,24,1,0,return_request,resolved
2370,224,5218,,24,1,0,return_request,in_progress
2371,231,23645,,24,1,0,technical_issue,resolved
2372,232,36723,,8,1,0,billing_issue,pending
2373,221,11389,,8,1,0,return_request,resolved
2374,223,41089,,8,1,0,return_request,resolved
2375,224,39092,,2,1,0,technical_issue,resolved
2376,220,12341,21,120,1,1,warranty_claim,resolved
2377,231,13612,23,24,1,0,product_inquiry,resolved
2378,220,33542,3,8,1,0,return_request,resolved
2379,228,7831,,8,1,0,return_request,resolved
2380,228,47501,6,4,1,0,return_request,in_progress
2381,228,47581,,8,1,0,technical_issue,resolved
2382,226,16098,,8,1,0,return_request,in_progress
2383,233,40478,,4,1,0,return_request,resolved
2384,231,44611,,24,1,0,return_request,resolved
2385,226,40656,,8,1,0,return_request,resolved
2386,227,19807,,2,1,0,return_request,resolved
2387,224,34642,,48,1,0,technical_issue,resolved
2388,233,20980,,4,1,0,delivery_problem,resolved
2389,234,1554,,72,1,1,return_request,pending
2390,224,21728,,72,1,1,return_request,resolved
2391,228,3372,,24,1,0,return_request,resolved
2392,226,18550,,168,1,1,return_request,resolved
2393,235,24161,,24,1,0,product_inquiry,resolved
2394,223,40647,,8,1,0,return_request,pending
2395,224,9134,,24,1,0,return_request,resolved
2396,229,42914,,8,1,0,return_request,resolved
2397,228,47450,,48,1,0,return_request,in_progress
2398,237,38995,,4,1,0,return_request,resolved
2399,228,36721,,120,1,1,return_request,resolved
2400,234,4659,,8,1,0,billing_issue,resolved
2401,231,16624,,24,1,0,return_request,resolved
2402,231,43172,,4,1,0,return_request,resolved
2403,228,16632,,48,1,0,return_request,in_progress
2404,230,22377,4,48,1,0,warranty_claim,pending
2405,231,33829,,8,1,0,return_request,resolved
2406,233,43658,,168,1,1,product_inquiry,resolved
2407,225,34787,,24,1,0,return_request,resolved
2408,232,48067,,8,1,0,return_request,resolved
2409,239,45095,,24,1,0,delivery_problem,resolved
2410,239,34917,,8,1,0,return_request,resolved
2411,238,41238,18,72,1,1,billing_issue,resolved
2412,233,45127,,72,1,1,return_request,resolved
2413,237,48054,,8,1,0,return_request,resolved
2414,232,35424,,2,1,0,technical_issue,resolved
2415,226,9536,,24,1,0,return_request,resolved
2416,235,33399,,48,1,0,delivery_problem,resolved
2417,228,31979,1,8,1,0,billing_issue,resolved
2418,231,11780,,4,1,0,return_request,resolved
2419,233,7080,,4,1,0,return_request,in_progress
2420,238,4028,,24,1,0,warranty_claim,resolved
2421,235,13353,24,48,1,0,return_request,pending
2422,229,5126,,24,1,0,technical_issue,resolved
2423,229,23082,,168,1,1,delivery_problem,resolved
2424,226,7984,22,4,1,0,return_request,resolved
2425,234,25109,,72,1,1,return_request,pending
2426,239,23503,,48,1,0,return_request,resolved
2427,238,3588,,168,1,1,return_request,resolved
2428,240,15457,,8,1,0,return_request,resolved
2429,233,8466,,24,1,0,technical_issue,resolved
2430,232,28800,,24,1,0,return_request,resolved
2431,232,39729,,4,1,0,return_request,resolved
2432,227,10343,,8,1,0,return_request,resolved
2433,228,35357,10,72,1,1,product_inquiry,resolved
2434,234,32649,,24,1,0,return_request,pending
2435,229,33295,,8,1,0,return_request,resolved
2436,237,38675,,4,1,0,technical_issue,resolved
2437,239,38604,,24,1,0,technical_issue,resolved
2438,241,43140,,72,1,1,return_request,pending
2439,231,31782,,4,1,0,return_request,resolved
2440,228,37214,,72,1,1,return_request,resolved
2441,232,18472,,24,1,0,return_request,resolved
2442,241,24300,8,48,1,0,technical_issue,resolved
2443,232,23561,,72,1,1,return_request,in_progress
2444,229,29101,,4,1,0,return_request,pending
2445,230,10863,,8,1,0,return_request,resolved
2446,241,1141,,48,1,0,return_request,resolved
2447,234,4140,,48,1,0,return_request,resolved
2448,229,43672,,8,1,0,return_request,resolved
2449,231,38900,,24,1,0,return_request,in_progress
2450,234,43566,,4,1,0,return_request,resolved
2451,237,11496,,24,1,0,return_request,resolved
2452,242,33849,,2,1,0,delivery_problem,resolved
2453,244,22323,,4,1,0,return_request,resolved
2454,237,40341,,8,1,0,delivery_problem,resolved
2455,231,7081,,72,1,1,return_request,pending
2456,231,28536,,120,1,1,delivery_problem,resolved
2457,237,31889,17,24,1,0,product_inquiry,resolved
2458,234,4828,21,8,1,0,technical_issue,pending
2459,241,7632,19,24,1,0,return_request,resolved
2460,232,24080,,8,1,0,return_request,resolved
2461,239,8932,,168,1,1,return_request,resolved
2462,239,18115,,4,1,0,return_request,resolved
2463,239,41788,,8,1,0,return_request,resolved
2464,245,31629,,8,1,0,return_request,resolved
2465,232,39195,,8,1,0,product_inquiry,resolved
2466,242,23626,,8,1,0,return_request,resolved
2467,232,36704,,24,1,0,return_request,resolved
2468,240,13286,,8,1,0,return_request,resolved
2469,239,36864,,48,1,0,return_request,resolved
2470,233,14550,,8,1,0,return_request,resolved
2471,245,47508,,24,1,0,product_inquiry,resolved
2472,243,472,,72,1,1,return_request,pending
2473,234,44682,,8,1,0,warranty_claim,in_progress
2474,234,3222,,2,1,0,technical_issue,resolved
2475,235,37534,,2,1,0,return_request,resolved
2476,233,23629,,24,1,0,product_inquiry,in_progress
2477,244,4312,,2,1,0,return_request,resolved
2478,233,41332,,48,1,0,return_request,resolved
2479,239,15085,,8,1,0,delivery_problem,resolved
2480,236,39678,,8,1,0,return_request,resolved
2481,233,43904,,24,1,0,return_request,resolved
2482,240,24489,,4,1,0,billing_issue,resolved
2483,234,35072,22,8,1,0,technical_issue,resolved
2484,243,17204,,2,1,0,delivery_problem,resolved
2485,246,34980,,8,1,0,return_request,pending
2486,239,29108,,8,1,0,billing_issue,resolved
2487,240,35389,,8,1,0,return_request,resolved
2488,243,18310,,2,1,0,return_request,resolved
2489,248,48440,25,4,1,0,delivery_problem,resolved
2490,238,48300,2,24,1,0,technical_issue,resolved
2491,248,25063,,120,1,1,billing_issue,resolved
2492,244,772,,120,1,1,return_request,in_progress
2493,245,14486,27,4,1,0,return_request,resolved
2494,243,23932,,48,1,0,return_request,resolved
2495,248,29968,,4,1,0,return_request,resolved
2496,249,13233,,24,1,0,technical_issue,resolved
2497,235,17993,,2,1,0,return_request,resolved
2498,246,12682,,2,1,0,return_request,resolved
2499,247,6922,,48,1,0,return_request,resolved
2500,244,35522,26,8,1,0,delivery_problem,in_progress
2501,243,3096,,8,1,0,delivery_problem,resolved
2502,239,28620,,4,1,0,return_request,resolved
2503,239,29145,,48,1,0,billing_issue,pending
2504,242,49658,10,48,1,0,return_request,resolved
2505,245,40076,11,2,1,0,delivery_problem,resolved
2506,246,30944,,120,1,1,return_request,resolved
2507,243,32492,,2,1,0,return_request,resolved
2508,249,3860,,8,1,0,technical_issue,resolved
2509,247,2639,,8,1,0,return_request,resolved
2510,241,34799,,8,1,0,return_request,in_progress
2511,249,2798,,24,1,0,return_request,pending
2512,238,4964,,8,1,0,return_request,resolved
2513,246,33321,,24,1,0,return_request,resolved
2514,249,26611,,8,1,0,return_request,resolved
2515,246,35606,,8,1,0,delivery_problem,resolved
2516,247,18908,,8,1,0,return_request,resolved
2517,238,5543,,8,1,0,return_request,resolved
2518,239,17768,,48,1,0,return_request,resolved
2519,252,32831,,24,1,0,product_inquiry,resolved
2520,252,42785,3,48,1,0,technical_issue,resolved
2521,243,24938,16,120,1,1,return_request,resolved
2522,249,26935,,4,1,0,return_request,resolved
2523,242,42617,,24,1,0,return_request,resolved
2524,251,34774,,24,1,0,return_request,resolved
2525,245,44749,,24,1,0,warranty_claim,resolved
2526,249,14020,8,48,1,0,delivery_problem,resolved
2527,251,4985,,8,1,0,return_request,pending
2528,243,24768,,8,1,0,return_request,resolved
2529,251,32972,,2,1,0,return_request,resolved
2530,249,4241,,72,1,1,return_request,in_progress
2531,240,10248,,8,1,0,return_request,resolved
2532,248,30166,28,24,1,0,delivery_problem,pending
2533,241,33241,,8,1,0,return_request,resolved
2534,239,20859,6,48,1,0,warranty_claim,resolved
2535,248,989,,48,1,0,return_request,resolved
2536,240,10043,,4,1,0,return_request,in_progress
2537,242,13165,,4,1,0,warranty_claim,resolved
2538,252,8328,,4,1,0,return_request,in_progress
2539,244,19536,,120,1,1,return_request,resolved
2540,249,6829,21,8,1,0,billing_issue,resolved
2541,250,13839,,24,1,0,product_inquiry,resolved
2542,240,10474,,4,1,0,return_request,resolved
2543,252,4230,,24,1,0,technical_issue,resolved
2544,249,40269,14,4,1,0,technical_issue,pending
2545,247,19281,,4,1,0,return_request,resolved
2546,245,22092,,2,1,0,product_inquiry,in_progress
2547,242,4478,,2,1,0,return_request,pending
2548,242,23112,,8,1,0,return_request,resolved
2549,242,990,,120,1,1,return_request,resolved
2550,248,2707,,24,1,0,return_request,resolved
2551,247,45692,15,4,1,0,technical_issue,resolved
2552,254,2906,26,48,1,0,technical_issue,in_progress
2553,254,43923,,120,1,1,product_inquiry,resolved
2554,253,37319,23,8,1,0,return_request,resolved
2555,256,49622,16,48,1,0,technical_issue,pending
2556,255,3459,,2,1,0,return_request,resolved
2557,242,7070,,8,1,0,return_request,resolved
2558,254,30939,24,48,1,0,delivery_problem,resolved
2559,251,27031,,120,1,1,return_request,in_progress
2560,256,14679,,8,1,0,billing_issue,resolved
2561,242,15977,,24,1,0,delivery_problem,resolved
2562,254,8363,,8,1,0,return_request,resolved
2563,247,6817,,2,1,0,return_request,resolved
2564,246,27125,,4,1,0,return_request,resolved
2565,253,37532,,48,1,0,return_request,resolved
2566,252,9689,,8,1,0,return_request,resolved
2567,249,6667,25,4,1,0,product_inquiry,resolved
2568,248,32409,,4,1,0,return_request,in_progress
2569,255,6831,,2,1,0,billing_issue,resolved
2570,254,45225,,4,1,0,return_request,resolved
2571,248,9034,25,4,1,0,warranty_claim,resolved
2572,245,28148,,72,1,1,return_request,resolved
2573,244,9270,,72,1,1,return_request,in_progress
2574,250,13864,,48,1,0,billing_issue,resolved
2575,252,42070,,48,1,0,return_request,resolved
2576,244,45497,,72,1,1,return_request,resolved
2577,258,19449,,24,1,0,return_request,resolved
2578,257,11822,,48,1,0,return_request,resolved
2579,251,24180,,24,1,0,return_request,resolved
2580,250,49259,,8,1,0,technical_issue,resolved
2581,254,20532,,4,1,0,billing_issue,resolved
2582,248,38351,,72,1,1,warranty_claim,resolved
2583,254,24627,,4,1,0,return_request,resolved
2584,246,10072,,2,1,0,return_request,resolved
2585,250,24004,,48,1,0,technical_issue,resolved
2586,251,13996,,72,1,1,return_request,resolved
2587,260,26650,,8,1,0,return_request,resolved
2588,251,21840,,48,1,0,warranty_claim,resolved
2589,248,19135,,2,1,0,return_request,resolved
2590,259,20356,,24,1,0,return_request,resolved
2591,258,38977,,8,1,0,return_request,in_progress
2592,253,8095,27,48,1,0,technical_issue,resolved
2593,247,27770,,8,1,0,return_request,resolved
2594,255,12419,,4,1,0,return_request,resolved
2595,259,10432,,4,1,0,return_request,resolved
2596,247,42336,,24,1,0,return_request,resolved
2597,256,15935,,2,1,0,delivery_problem,resolved
2598,258,44817,,4,1,0,return_request,resolved
2599,260,40775,,24,1,0,return_request,resolved
2600,247,4463,,72,1,1,return_request,resolved
2601,248,26722,,2,1,0,return_request,resolved
2602,255,8843,,24,1,0,technical_issue,resolved
2603,247,47728,,4,1,0,return_request,pending
2604,255,25201,,2,1,0,return_request,resolved
2605,247,33201,,48,1,0,technical_issue,resolved
2606,259,43061,,4,1,0,delivery_problem,resolved
2607,251,33381,,48,1,0,return_request,resolved
2608,257,8456,,24,1,0,return_request,resolved
2609,248,36831,23,2,1,0,technical_issue,resolved
2610,248,37826,,24,1,0,return_request,resolved
2611,259,44362,6,24,1,0,return_request,resolved
2612,260,42518,,72,1,1,return_request,resolved
2613,251,1566,,24,1,0,return_request,resolved
2614,249,36701,,48,1,0,return_request,resolved
2615,252,45229,,8,1,0,return_request,resolved
2616,261,43044,,24,1,0,return_request,resolved
2617,251,20601,,120,1,1,billing_issue,resolved
2618,260,31224,,24,1,0,return_request,in_progress
2619,251,49391,,2,1,0,product_inquiry,resolved
2620,257,43686,,8,1,0,return_request,resolved
2621,260,41650,,24,1,0,technical_issue,resolved
2622,256,11139,,48,1,0,delivery_problem,resolved
2623,250,10820,,2,1,0,return_request,resolved
2624,249,12897,,4,1,0,return_request,resolved
2625,256,1739,,24,1,0,return_request,in_progress
2626,249,21889,,24,1,0,warranty_claim,resolved
2627,250,24306,,8,1,0,return_request,pending
2628,260,16507,,4,1,0,return_request,resolved
2629,251,10244,,168,1,1,return_request,resolved
2630,249,10860,,72,1,1,return_request,resolved
2631,253,7696,,72,1,1,return_request,in_progress
2632,258,7144,,2,1,0,technical_issue,resolved
2633,259,30895,,168,1,1,return_request,resolved
2634,260,28970,,2,1,0,technical_issue,resolved
2635,250,18746,,8,1,0,return_request,resolved
2636,260,11590,14,2,1,0,billing_issue,resolved
2637,258,46139,,48,1,0,delivery_problem,in_progress
2638,257,2824,,2,1,0,return_request,in_progress
2639,251,43111,,4,1,0,billing_issue,resolved
2640,260,12947,,2,1,0,return_request,resolved
2641,250,26152,,4,1,0,return_request,resolved
2642,264,9927,,4,1,0,return_request,pending
2643,260,6131,,8,1,0,return_request,resolved
2644,256,26344,,8,1,0,return_request,resolved
2645,252,8440,7,8,1,0,delivery_problem,resolved
2646,262,23343,,8,1,0,technical_issue,resolved
2647,251,45365,,8,1,0,return_request,resolved
2648,256,30842,,24,1,0,billing_issue,resolved
2649,258,4285,,8,1,0,return_request,resolved
2650,255,1799,,8,1,0,delivery_problem,resolved
2651,262,21986,,72,1,1,return_request,resolved
2652,256,12360,,24,1,0,technical_issue,resolved
2653,258,20793,,8,1,0,return_request,resolved
2654,258,44654,,2,1,0,delivery_problem,resolved
2655,254,589,,24,1,0,return_request,resolved
2656,253,33375,10,24,1,0,delivery_problem,resolved
2657,263,42186,13,72,1,1,return_request,resolved
2658,260,15078,,48,1,0,return_request,resolved
2659,264,35590,,48,1,0,return_request,resolved
2660,252,25423,,48,1,0,return_request,resolved
2661,261,9252,,2,1,0,return_request,resolved
2662,255,13571,,8,1,0,return_request,resolved
2663,252,11672,,4,1,0,return_request,pending
2664,252,13951,,48,1,0,return_request,resolved
2665,260,38400,5,8,1,0,return_request,resolved
2666,257,38146,,24,1,0,return_request,resolved
2667,259,14307,,24,1,0,return_request,resolved
2668,267,9458,,24,1,0,return_request,resolved
2669,253,37258,,24,1,0,billing_issue,in_progress
2670,254,21839,,8,1,0,return_request,resolved
2671,259,2518,9,2,1,0,product_inquiry,resolved
2672,258,2933,,168,1,1,billing_issue,resolved
2673,254,2570,17,24,1,0,billing_issue,resolved
2674,266,32923,14,24,1,0,return_request,in_progress
2675,259,5082,21,24,1,0,billing_issue,resolved
2676,261,5613,,24,1,0,return_request,resolved
2677,257,2877,,8,1,0,return_request,resolved
2678,268,48901,,48,1,0,return_request,resolved
2679,266,5282,26,8,1,0,technical_issue,resolved
2680,255,35403,28,2,1,0,technical_issue,pending
2681,259,41651,,72,1,1,return_request,resolved
2682,256,40321,,8,1,0,return_request,resolved
2683,262,10491,,24,1,0,return_request,resolved
2684,257,15102,11,24,1,0,technical_issue,resolved
2685,263,16833,,48,1,0,return_request,resolved
2686,259,31286,,48,1,0,return_request,resolved
2687,262,16531,,2,1,0,return_request,resolved
2688,263,3755,24,72,1,1,warranty_claim,resolved
2689,261,2026,,2,1,0,technical_issue,resolved
2690,267,21490,,4,1,0,return_request,resolved
2691,262,30662,,72,1,1,return_request,in_progress
2692,261,7703,,48,1,0,return_request,resolved
2693,266,27255,27,48,1,0,product_inquiry,resolved
2694,264,20125,,8,1,0,billing_issue,resolved
2695,268,48847,,2,1,0,return_request,resolved
2696,255,571,,48,1,0,billing_issue,resolved
2697,270,16252,,24,1,0,return_request,resolved
2698,257,6268,,120,1,1,return_request,pending
2699,258,35622,,8,1,0,return_request,resolved
2700,267,33390,,4,1,0,billing_issue,in_progress
2701,260,43337,,24,1,0,return_request,resolved
2702,261,12099,,24,1,0,return_request,resolved
2703,267,27363,27,2,1,0,delivery_problem,resolved
2704,269,12430,,24,1,0,return_request,resolved
2705,269,29960,3,8,1,0,billing_issue,resolved
2706,269,40314,,72,1,1,return_request,resolved
2707,263,45093,,2,1,0,return_request,resolved
2708,270,28055,,48,1,0,technical_issue,resolved
2709,267,3719,,72,1,1,technical_issue,pending
2710,269,41033,,4,1,0,return_request,resolved
2711,264,46378,,72,1,1,return_request,resolved
2712,262,30598,,24,1,0,delivery_problem,pending
2713,267,43315,,4,1,0,return_request,in_progress
2714,268,36427,,4,1,0,billing_issue,resolved
2715,264,26756,,72,1,1,return_request,resolved
2716,262,14605,,8,1,0,delivery_problem,resolved
2717,272,39404,,24,1,0,return_request,resolved
2718,268,9850,,8,1,0,return_request,resolved
2719,258,47329,,24,1,0,return_request,resolved
2720,258,14686,,8,1,0,return_request,pending
2721,261,33410,24,8,1,0,billing_issue,resolved
2722,258,49781,,24,1,0,return_request,resolved
2723,267,28169,12,24,1,0,billing_issue,resolved
2724,267,45269,24,48,1,0,return_request,resolved
2725,267,23314,,168,1,1,return_request,resolved
2726,258,1313,,48,1,0,return_request,resolved
2727,261,37966,,168,1,1,return_request,resolved
2728,259,22025,6,120,1,1,product_inquiry,resolved
2729,268,25999,2,48,1,0,billing_issue,resolved
2730,262,34326,,4,1,0,return_request,resolved
2731,259,4239,,24,1,0,return_request,resolved
2732,269,2044,18,8,1,0,technical_issue,in_progress
2733,261,22257,,8,1,0,technical_issue,resolved
2734,269,10146,,24,1,0,return_request,resolved
2735,262,37400,,2,1,0,return_request,resolved
2736,259,13305,26,8,1,0,delivery_problem,in_progress
2737,271,431,,48,1,0,return_request,resolved
2738,261,7027,,4,1,0,return_request,resolved
2739,266,13012,,48,1,0,return_request,resolved
2740,271,28985,,24,1,0,billing_issue,resolved
2741,263,15201,24,24,1,0,delivery_problem,resolved
2742,270,31317,,24,1,0,return_request,resolved
2743,265,22522,,2,1,0,return_request,resolved
2744,264,41564,,8,1,0,return_request,pending
2745,273,10426,,48,1,0,return_request,resolved
2746,271,25217,,4,1,0,return_request,resolved
2747,269,284,,48,1,0,return_request,resolved
2748,268,17186,10,24,1,0,warranty_claim,resolved
2749,265,7204,,24,1,0,technical_issue,resolved
2750,274,43866,26,8,1,0,delivery_problem,resolved
2751,273,6390,15,24,1,0,warranty_claim,resolved
2752,267,3624,16,24,1,0,billing_issue,in_progress
2753,274,7746,,72,1,1,return_request,resolved
2754,271,18584,9,2,1,0,technical_issue,pending
2755,270,36764,,4,1,0,return_request,resolved
2756,264,10351,,8,1,0,return_request,resolved
2757,267,6838,,24,1,0,return_request,resolved
2758,267,6507,,8,1,0,technical_issue,resolved
2759,268,29404,,8,1,0,return_request,resolved
2760,276,26002,,24,1,0,technical_issue,resolved
2761,268,47606,2,24,1,0,billing_issue,resolved
2762,264,3703,,8,1,0,return_request,resolved
2763,275,2267,,72,1,1,delivery_problem,in_progress
2764,263,36662,,8,1,0,warranty_claim,resolved
2765,273,22017,,8,1,0,warranty_claim,resolved
2766,264,39016,,8,1,0,delivery_problem,resolved
2767,264,48921,,8,1,0,return_request,pending
2768,266,16752,,24,1,0,warranty_claim,resolved
2769,271,12016,,4,1,0,return_request,resolved
2770,263,49165,,24,1,0,return_request,resolved
2771,269,1555,,24,1,0,return_request,resolved
2772,274,21576,,72,1,1,return_request,resolved
2773,264,27608,22,4,1,0,billing_issue,resolved
2774,272,39185,,72,1,1,return_request,resolved
2775,268,43923,,48,1,0,return_request,resolved
2776,270,37034,,8,1,0,return_request,resolved
2777,275,33466,,8,1,0,return_request,resolved
2778,274,7108,,120,1,1,return_request,resolved
2779,267,40413,,48,1,0,product_inquiry,resolved
2780,266,8422,,24,1,0,return_request,pending
2781,275,35889,,2,1,0,return_request,resolved
2782,270,8025,,2,1,0,return_request,resolved
2783,264,10867,,24,1,0,return_request,resolved
2784,277,42368,3,8,1,0,billing_issue,resolved
2785,276,28987,,48,1,0,return_request,resolved
2786,278,34448,,2,1,0,product_inquiry,resolved
2787,268,33897,,8,1,0,technical_issue,resolved
2788,268,21200,,168,1,1,return_request,resolved
2789,278,21516,,48,1,0,return_request,resolved
2790,271,38956,,48,1,0,technical_issue,resolved
2791,269,32139,4,8,1,0,product_inquiry,resolved
2792,269,28403,,2,1,0,return_request,resolved
2793,265,46329,,8,1,0,billing_issue,resolved
2794,278,38087,,24,1,0,return_request,resolved
2795,271,21671,,24,1,0,return_request,resolved
2796,272,49000,,4,1,0,technical_issue,in_progress
2797,270,42011,,8,1,0,return_request,resolved
2798,272,2180,,24,1,0,return_request,resolved
2799,273,4410,,24,1,0,delivery_problem,resolved
2800,275,34196,24,48,1,0,delivery_problem,resolved
2801,279,27529,,4,1,0,return_request,resolved
2802,269,45589,,120,1,1,return_request,resolved
2803,266,26681,,8,1,0,return_request,resolved
2804,267,20211,,72,1,1,technical_issue,resolved
2805,272,46600,,24,1,0,return_request,resolved
2806,266,49434,,2,1,0,return_request,resolved
2807,277,23345,,4,1,0,technical_issue,resolved
2808,275,8435,,72,1,1,return_request,resolved
2809,276,20678,1,48,1,0,delivery_problem,resolved
2810,268,34829,,4,1,0,billing_issue,resolved
2811,267,32284,15,24,1,0,warranty_claim,resolved
2812,270,34940,21,48,1,0,product_inquiry,resolved
2813,273,47376,,8,1,0,delivery_problem,resolved
2814,275,47150,6,8,1,0,delivery_problem,resolved
2815,280,44853,,24,1,0,billing_issue,resolved
2816,281,123,,4,1,0,return_request,resolved
2817,276,32043,,2,1,0,return_request,resolved
2818,276,34380,,24,1,0,billing_issue,resolved
2819,278,29837,,2,1,0,return_request,pending
2820,272,39053,,8,1,0,return_request,resolved
2821,276,48879,,24,1,0,return_request,resolved
2822,268,10525,17,8,1,0,return_request,pending
2823,277,22492,,8,1,0,return_request,resolved
2824,280,26035,,24,1,0,return_request,resolved
2825,276,22589,,24,1,0,delivery_problem,resolved
2826,282,23243,2,48,1,0,technical_issue,resolved
2827,279,20179,,48,1,0,return_request,resolved
2828,270,5046,9,72,1,1,return_request,resolved
2829,269,34006,,24,1,0,return_request,resolved
2830,274,31761,25,4,1,0,return_request,resolved
2831,275,41071,,72,1,1,return_request,resolved
2832,270,39416,,24,1,0,product_inquiry,resolved
2833,272,24815,,24,1,0,return_request,resolved
2834,274,32106,,48,1,0,return_request,resolved
2835,283,43945,,8,1,0,technical_issue,resolved
2836,273,16866,,2,1,0,product_inquiry,resolved
2837,275,22386,,4,1,0,return_request,resolved
2838,271,18584,19,8,1,0,technical_issue,resolved
2839,280,15562,,4,1,0,return_request,resolved
2840,280,23809,,4,1,0,return_request,resolved
2841,270,45563,,2,1,0,technical_issue,resolved
2842,284,22180,14,24,1,0,product_inquiry,resolved
2843,281,18034,,24,1,0,return_request,in_progress
2844,283,7295,,4,1,0,return_request,resolved
2845,281,12811,,8,1,0,return_request,resolved
2846,280,33590,,8,1,0,return_request,resolved
2847,283,17538,,24,1,0,return_request,resolved
2848,279,17461,25,24,1,0,billing_issue,pending
2849,277,21364,,48,1,0,return_request,resolved
2850,280,47570,,48,1,0,return_request,resolved
2851,283,30296,27,4,1,0,return_request,resolved
2852,277,29357,,48,1,0,return_request,resolved
2853,283,11052,,72,1,1,return_request,resolved
2854,281,682,18,72,1,1,product_inquiry,resolved
2855,280,15245,,2,1,0,technical_issue,resolved
2856,275,32365,,72,1,1,return_request,resolved
2857,275,27715,,72,1,1,return_request,resolved
2858,273,15946,,2,1,0,return_request,resolved
2859,278,8435,,24,1,0,return_request,resolved
2860,274,29394,28,48,1,0,delivery_problem,resolved
2861,272,31665,,24,1,0,technical_issue,resolved
2862,277,19668,,24,1,0,product_inquiry,resolved
2863,271,35584,,72,1,1,delivery_problem,resolved
2864,276,6995,,24,1,0,return_request,resolved
2865,283,29287,,4,1,0,return_request,resolved
2866,272,5533,,24,1,0,return_request,pending
2867,278,35003,,8,1,0,billing_issue,resolved
2868,284,20876,,2,1,0,return_request,resolved
2869,282,40112,,4,1,0,return_request,resolved
2870,281,3036,,8,1,0,return_request,resolved
2871,284,16481,,120,1,1,return_request,resolved
2872,272,29209,,2,1,0,return_request,resolved
2873,280,17132,,24,1,0,return_request,resolved
2874,275,28650,17,48,1,0,delivery_problem,resolved
2875,277,38825,18,24,1,0,return_request,resolved
2876,284,2362,,4,1,0,return_request,resolved
2877,274,33607,22,4,1,0,technical_issue,resolved
2878,275,22319,,4,1,0,return_request,resolved
2879,284,40071,,48,1,0,return_request,resolved
2880,279,31626,,24,1,0,return_request,resolved
2881,283,34379,,4,1,0,return_request,resolved
2882,276,37922,,48,1,0,return_request,resolved
2883,278,19541,,24,1,0,return_request,resolved
2884,273,17308,7,72,1,1,delivery_problem,resolved
2885,273,45566,,2,1,0,return_request,resolved
2886,277,46240,,168,1,1,return_request,pending
2887,279,34378,,24,1,0,return_request,resolved
2888,278,342,,72,1,1,return_request,pending
2889,286,10345,,24,1,0,billing_issue,in_progress
2890,288,6450,,4,1,0,return_request,resolved
2891,287,16846,,24,1,0,return_request,resolved
2892,285,8106,13,8,1,0,warranty_claim,resolved
2893,275,21144,,8,1,0,return_request,resolved
2894,277,1436,,48,1,0,billing_issue,resolved
2895,277,36399,,24,1,0,return_request,resolved
2896,281,8226,18,8,1,0,return_request,resolved
2897,280,6305,,8,1,0,technical_issue,resolved
2898,275,23363,,24,1,0,return_request,resolved
2899,275,38053,,120,1,1,return_request,resolved
2900,280,30917,20,48,1,0,return_request,resolved
2901,275,37510,,120,1,1,return_request,resolved
2902,278,21802,8,72,1,1,delivery_problem,resolved
2903,283,5946,,24,1,0,return_request,resolved
2904,279,9603,,24,1,0,delivery_problem,resolved
2905,279,8481,,4,1,0,return_request,resolved
2906,279,44072,,4,1,0,return_request,resolved
2907,283,22390,15,4,1,0,delivery_problem,resolved
2908,284,25682,,72,1,1,return_request,resolved
2909,281,25499,,48,1,0,return_request,resolved
2910,275,6942,,24,1,0,return_request,resolved
2911,289,17232,,2,1,0,return_request,resolved
2912,287,17701,,120,1,1,billing_issue,resolved
2913,283,36319,,2,1,0,return_request,resolved
2914,282,47898,,72,1,1,return_request,resolved
2915,276,48174,,2,1,0,return_request,resolved
2916,286,39259,,4,1,0,return_request,resolved
2917,290,47574,7,48,1,0,delivery_problem,resolved
2918,278,17539,,2,1,0,return_request,in_progress
2919,290,6187,,24,1,0,return_request,resolved
2920,281,33774,27,4,1,0,warranty_claim,resolved
2921,281,44060,,48,1,0,return_request,resolved
2922,281,9998,,24,1,0,return_request,pending
2923,278,28997,,48,1,0,return_request,resolved
2924,289,4979,,24,1,0,return_request,resolved
2925,285,13441,,72,1,1,return_request,resolved
2926,285,9225,,48,1,0,return_request,resolved
2927,282,39397,,8,1,0,return_request,resolved
2928,288,808,,24,1,0,return_request,resolved
2929,285,13818,,24,1,0,return_request,resolved
2930,287,44530,3,120,1,1,technical_issue,resolved
2931,285,40571,,4,1,0,return_request,resolved
2932,279,41521,,24,1,0,product_inquiry,resolved
2933,279,30243,,48,1,0,return_request,resolved
2934,291,2456,,2,1,0,return_request,resolved
2935,286,6274,7,24,1,0,billing_issue,resolved
2936,292,4654,,24,1,0,billing_issue,resolved
2937,281,32418,,8,1,0,return_request,resolved
2938,287,28223,14,48,1,0,return_request,resolved
2939,287,43922,,2,1,0,return_request,resolved
2940,288,34374,,8,1,0,return_request,resolved
2941,287,48177,,4,1,0,return_request,resolved
2942,283,23733,,24,1,0,return_request,resolved
2943,286,28993,,120,1,1,delivery_problem,resolved
2944,287,22119,,2,1,0,return_request,pending
2945,285,17306,16,4,1,0,technical_issue,resolved
2946,288,23891,,24,1,0,return_request,resolved
2947,291,12358,12,48,1,0,technical_issue,resolved
2948,289,12724,,24,1,0,return_request,resolved
2949,282,32621,27,24,1,0,return_request,resolved
2950,282,25278,11,8,1,0,return_request,resolved
2951,284,5162,,48,1,0,product_inquiry,resolved
2952,280,31425,,168,1,1,product_inquiry,resolved
2953,291,39962,1,24,1,0,delivery_problem,resolved
2954,279,38717,,8,1,0,delivery_problem,resolved
2955,291,35087,,48,1,0,return_request,resolved
2956,286,26438,,168,1,1,return_request,resolved
2957,281,47587,,48,1,0,delivery_problem,resolved
2958,284,6494,,4,1,0,return_request,resolved
2959,288,43775,,8,1,0,return_request,resolved
2960,290,9498,,72,1,1,return_request,resolved
2961,293,6559,,8,1,0,return_request,resolved
2962,292,45511,,48,1,0,return_request,in_progress
2963,284,43529,,48,1,0,return_request,resolved
2964,286,43650,,72,1,1,return_request,resolved
2965,282,45888,,8,1,0,return_request,in_progress
2966,289,941,,24,1,0,return_request,resolved
2967,283,40878,,48,1,0,technical_issue,resolved
2968,289,3973,,2,1,0,return_request,resolved
2969,285,31027,,8,1,0,return_request,resolved
2970,281,41607,,4,1,0,return_request,resolved
2971,282,20113,24,24,1,0,billing_issue,resolved
2972,290,37239,,2,1,0,return_request,resolved
2973,283,29467,2,2,1,0,product_inquiry,resolved
2974,295,35270,,8,1,0,return_request,in_progress
2975,294,41250,,120,1,1,delivery_problem,resolved
2976,293,10093,,48,1,0,return_request,resolved
2977,289,13166,,8,1,0,return_request,resolved
2978,285,21489,,8,1,0,technical_issue,in_progress
2979,283,4354,,4,1,0,return_request,resolved
2980,286,30074,,24,1,0,return_request,resolved
2981,289,25492,,2,1,0,return_request,resolved
2982,291,23115,,120,1,1,return_request,pending
2983,296,19556,,48,1,0,return_request,resolved
2984,286,27755,,2,1,0,return_request,resolved
2985,296,21389,23,24,1,0,return_request,pending
2986,283,42134,,24,1,0,return_request,resolved
2987,296,1724,,4,1,0,return_request,resolved
2988,283,41752,,2,1,0,return_request,resolved
2989,287,28961,,8,1,0,return_request,pending
2990,286,6974,,168,1,1,return_request,resolved
2991,291,31496,22,4,1,0,return_request,resolved
2992,290,43507,,24,1,0,product_inquiry,resolved
2993,293,4588,,8,1,0,billing_issue,pending
2994,293,8328,,24,1,0,return_request,resolved
2995,293,19758,,24,1,0,return_request,resolved
2996,286,14922,,8,1,0,return_request,resolved
2997,290,34219,,48,1,0,return_request,resolved
2998,283,26719,,8,1,0,return_request,resolved
2999,286,22021,,8,1,0,return_request,resolved
3000,295,29632,,48,1,0,return_request,resolved
3001,295,29135,,24,1,0,return_request,resolved
3002,294,27593,,120,1,1,return_request,resolved
3003,289,7710,,2,1,0,return_request,resolved
3004,297,20868,,24,1,0,product_inquiry,resolved
3005,297,23992,1,24,1,0,delivery_problem,resolved
3006,289,47687,25,4,1,0,technical_issue,resolved
3007,286,43977,,8,1,0,return_request,resolved
3008,296,40225,,24,1,0,product_inquiry,resolved
3009,298,7012,,24,1,0,billing_issue,resolved
3010,293,24100,,24,1,0,return_request,resolved
3011,289,31601,,2,1,0,return_request,resolved
3012,289,18140,,48,1,0,return_request,resolved
3013,286,7838,,24,1,0,technical_issue,resolved
3014,286,15701,,120,1,1,return_request,in_progress
3015,287,37888,,120,1,1,return_request,resolved
3016,288,7413,,120,1,1,return_request,resolved
3017,297,27053,,4,1,0,return_request,resolved
3018,297,25406,,8,1,0,return_request,resolved
3019,290,33377,,48,1,0,return_request,resolved
3020,293,33323,19,48,1,0,technical_issue,pending
3021,285,3271,,24,1,0,return_request,resolved
3022,293,23761,,72,1,1,return_request,resolved
3023,285,21888,,4,1,0,warranty_claim,resolved
3024,294,23321,,24,1,0,return_request,resolved
3025,285,34206,,8,1,0,technical_issue,pending
3026,298,15231,11,4,1,0,return_request,resolved
3027,299,16135,,168,1,1,billing_issue,resolved
3028,293,10171,,120,1,1,return_request,resolved
3029,298,3499,6,8,1,0,technical_issue,resolved
3030,287,3619,,2,1,0,return_request,resolved
3031,296,6796,,72,1,1,return_request,resolved
3032,294,30835,1,2,1,0,delivery_problem,in_progress
3033,295,27925,11,8,1,0,delivery_problem,resolved
3034,288,44286,,4,1,0,return_request,resolved
3035,293,2359,,4,1,0,return_request,resolved
3036,286,28588,,72,1,1,return_request,resolved
3037,292,40026,21,4,1,0,warranty_claim,resolved
3038,288,34858,,2,1,0,return_request,resolved
3039,290,5304,,4,1,0,return_request,resolved
3040,294,43609,,4,1,0,return_request,in_progress
3041,295,47045,,8,1,0,return_request,resolved
3042,287,19336,,8,1,0,return_request,resolved
3043,295,39323,,4,1,0,return_request,resolved
3044,291,18390,,48,1,0,return_request,in_progress
3045,290,25058,,4,1,0,return_request,in_progress
3046,291,16927,12,168,1,1,technical_issue,resolved
3047,297,23164,,24,1,0,technical_issue,resolved
3048,291,19870,,8,1,0,billing_issue,in_progress
3049,289,47561,,24,1,0,return_request,resolved
3050,291,49531,,2,1,0,return_request,pending
3051,289,44334,,72,1,1,return_request,resolved
3052,296,25798,,24,1,0,return_request,resolved
3053,299,23352,,2,1,0,billing_issue,resolved
3054,295,1871,,24,1,0,return_request,pending
3055,293,40682,,8,1,0,return_request,resolved
3056,292,38528,,24,1,0,return_request,in_progress
3057,296,33363,,72,1,1,return_request,resolved
3058,292,26568,,4,1,0,product_inquiry,resolved
3059,291,43246,,8,1,0,return_request,resolved
3060,298,47843,5,120,1,1,billing_issue,resolved
3061,300,43189,,24,1,0,return_request,in_progress
3062,301,36646,,120,1,1,return_request,resolved
3063,289,25318,,24,1,0,return_request,resolved
3064,299,32891,,24,1,0,delivery_problem,in_progress
3065,300,15159,,2,1,0,return_request,resolved
3066,295,26873,,4,1,0,billing_issue,resolved
3067,298,1383,,120,1,1,return_request,resolved
3068,297,36776,,8,1,0,return_request,resolved
3069,292,18757,,72,1,1,delivery_problem,in_progress
3070,301,28743,,2,1,0,return_request,resolved
3071,302,9689,,2,1,0,return_request,resolved
3072,293,17941,,2,1,0,return_request,resolved
3073,293,18855,,8,1,0,return_request,resolved
3074,290,20104,,2,1,0,warranty_claim,in_progress
3075,298,31500,,48,1,0,return_request,resolved
3076,302,23915,,72,1,1,return_request,resolved
3077,293,2080,,4,1,0,technical_issue,resolved
3078,300,11463,,4,1,0,return_request,resolved
3079,296,21728,20,2,1,0,technical_issue,resolved
3080,296,23685,,120,1,1,return_request,resolved
3081,302,10636,7,4,1,0,billing_issue,resolved
3082,298,6055,7,4,1,0,return_request,resolved
3083,295,30299,,8,1,0,delivery_problem,resolved
3084,301,18050,,48,1,0,warranty_claim,resolved
3085,304,31492,,168,1,1,return_request,resolved
3086,299,4272,,8,1,0,return_request,resolved
3087,305,36962,,48,1,0,return_request,resolved
3088,291,17085,15,120,1,1,return_request,resolved
3089,302,47509,,24,1,0,return_request,resolved
3090,300,19437,,48,1,0,return_request,resolved
3091,294,5232,,4,1,0,return_request,resolved
3092,302,47412,,8,1,0,return_request,resolved
3093,302,25213,14,72,1,1,return_request,resolved
3094,305,49136,,48,1,0,return_request,resolved
3095,300,31094,,48,1,0,return_request,resolved
3096,306,16044,21,4,1,0,technical_issue,resolved
3097,298,49640,,24,1,0,return_request,resolved
3098,296,32150,,4,1,0,return_request,resolved
3099,294,24955,,2,1,0,return_request,resolved
3100,299,42942,,8,1,0,return_request,resolved
3101,293,29764,,4,1,0,technical_issue,resolved
3102,302,28905,,2,1,0,return_request,resolved
3103,305,5505,,24,1,0,product_inquiry,resolved
3104,307,21674,,24,1,0,return_request,resolved
3105,307,4552,,8,1,0,return_request,resolved
3106,305,6010,,24,1,0,return_request,in_progress
3107,302,43339,17,4,1,0,delivery_problem,in_progress
3108,293,31337,,48,1,0,delivery_problem,resolved
3109,294,23286,,8,1,0,delivery_problem,resolved
3110,296,47138,21,4,1,0,warranty_claim,resolved
3111,303,37968,,24,1,0,technical_issue,resolved
3112,299,39613,,24,1,0,return_request,resolved
3113,300,39352,,48,1,0,return_request,resolved
3114,307,36084,,4,1,0,return_request,in_progress
3115,296,43546,,24,1,0,return_request,resolved
3116,302,39003,,24,1,0,return_request,resolved
3117,299,12343,,120,1,1,return_request,resolved
3118,295,25393,,8,1,0,return_request,resolved
3119,298,19565,,48,1,0,return_request,resolved
3120,305,26418,,4,1,0,return_request,resolved
3121,296,15189,,2,1,0,return_request,resolved
3122,303,31226,18,8,1,0,return_request,resolved
3123,300,6135,,168,1,1,return_request,resolved
3124,300,1695,,120,1,1,return_request,in_progress
3125,309,21320,,4,1,0,return_request,resolved
3126,304,27818,,24,1,0,return_request,resolved
3127,297,17389,,8,1,0,return_request,resolved
3128,301,48413,,8,1,0,return_request,resolved
3129,297,24468,,4,1,0,return_request,resolved
3130,300,6906,,24,1,0,return_request,resolved
3131,308,28465,,2,1,0,product_inquiry,pending
3132,301,30387,23,8,1,0,warranty_claim,resolved
3133,299,33874,,2,1,0,technical_issue,in_progress
3134,305,18029,,24,1,0,return_request,resolved
3135,308,26510,,4,1,0,technical_issue,resolved
3136,306,38990,,48,1,0,return_request,pending
3137,304,706,,48,1,0,return_request,resolved
3138,309,43550,,8,1,0,return_request,in_progress
3139,306,14467,,120,1,1,billing_issue,resolved
3140,303,37149,,48,1,0,return_request,resolved
3141,309,17084,,8,1,0,return_request,resolved
3142,307,26748,17,4,1,0,billing_issue,resolved
3143,301,38607,,8,1,0,delivery_problem,resolved
3144,296,44463,,24,1,0,return_request,resolved
3145,310,25990,,72,1,1,return_request,in_progress
3146,305,32608,,168,1,1,return_request,resolved
3147,310,17062,,4,1,0,return_request,resolved
3148,297,17264,19,48,1,0,technical_issue,resolved
3149,305,34451,,168,1,1,return_request,resolved
3150,302,34219,,4,1,0,return_request,resolved
3151,304,9027,,24,1,0,return_request,resolved
3152,310,27231,,8,1,0,return_request,resolved
3153,308,31031,,24,1,0,warranty_claim,resolved
3154,298,21458,,8,1,0,technical_issue,resolved
3155,300,41597,,24,1,0,delivery_problem,in_progress
3156,311,19946,,24,1,0,return_request,resolved
3157,297,9336,,8,1,0,billing_issue,resolved
3158,306,8684,4,8,1,0,billing_issue,resolved
3159,300,4795,,8,1,0,return_request,resolved
3160,305,14032,20,24,1,0,delivery_problem,resolved
3161,312,48667,6,8,1,0,technical_issue,pending
3162,303,31952,2,8,1,0,return_request,pending
3163,304,32855,,8,1,0,return_request,resolved
3164,301,32654,,4,1,0,return_request,resolved
3165,304,34308,,8,1,0,technical_issue,resolved
3166,305,18915,,24,1,0,return_request,resolved
3167,304,5063,,72,1,1,return_request,resolved
3168,303,38824,,2,1,0,return_request,in_progress
3169,307,38630,,2,1,0,return_request,resolved
3170,302,46799,,4,1,0,warranty_claim,resolved
3171,301,28833,,2,1,0,return_request,resolved
3172,299,25274,21,48,1,0,technical_issue,resolved
3173,300,39681,,24,1,0,return_request,resolved
3174,312,28491,,48,1,0,technical_issue,resolved
3175,302,3660,,72,1,1,return_request,resolved
3176,305,22413,,72,1,1,return_request,resolved
3177,306,18856,,24,1,0,return_request,resolved
3178,299,3957,,8,1,0,return_request,pending
3179,312,40357,10,4,1,0,warranty_claim,resolved
3180,300,10267,,4,1,0,return_request,resolved
3181,311,25407,,24,1,0,return_request,resolved
3182,299,24031,,48,1,0,billing_issue,resolved
3183,308,27877,5,24,1,0,delivery_problem,pending
3184,303,42764,,2,1,0,delivery_problem,pending
3185,301,38037,,24,1,0,return_request,resolved
3186,301,8306,,48,1,0,technical_issue,resolved
3187,304,3142,,48,1,0,technical_issue,resolved
3188,307,148,,72,1,1,warranty_claim,pending
3189,300,25704,,120,1,1,return_request,resolved
3190,304,8151,,8,1,0,return_request,resolved
3191,311,11392,,48,1,0,billing_issue,resolved
3192,312,15352,,4,1,0,return_request,resolved
3193,303,49533,,2,1,0,billing_issue,pending
3194,313,23178,,2,1,0,return_request,resolved
3195,308,33702,4,4,1,0,product_inquiry,resolved
3196,303,23086,,8,1,0,return_request,resolved
3197,306,18511,,72,1,1,return_request,resolved
3198,307,29831,,24,1,0,delivery_problem,resolved
3199,301,30806,,4,1,0,return_request,resolved
3200,305,28801,,72,1,1,warranty_claim,resolved
3201,311,22690,,72,1,1,return_request,resolved
3202,308,27740,,8,1,0,technical_issue,resolved
3203,309,8361,,8,1,0,billing_issue,resolved
3204,304,45646,,2,1,0,return_request,resolved
3205,309,32675,,48,1,0,return_request,resolved
3206,310,36798,17,8,1,0,return_request,resolved
3207,303,38184,,72,1,1,return_request,resolved
3208,311,18287,3,8,1,0,product_inquiry,resolved
3209,303,30468,,2,1,0,product_inquiry,resolved
3210,304,6526,,4,1,0,return_request,resolved
3211,310,5346,1,48,1,0,warranty_claim,resolved
3212,315,2401,,4,1,0,return_request,resolved
3213,311,7580,,24,1,0,return_request,pending
3214,313,1000,,8,1,0,return_request,resolved
3215,302,11527,1,24,1,0,technical_issue,resolved
3216,315,37975,21,72,1,1,billing_issue,resolved
3217,313,5057,,120,1,1,technical_issue,resolved
3218,316,49219,26,72,1,1,technical_issue,resolved
3219,311,26748,,4,1,0,return_request,resolved
3220,310,46592,,8,1,0,return_request,resolved
3221,310,47664,,24,1,0,technical_issue,resolved
3222,312,15513,,24,1,0,technical_issue,pending
3223,305,26203,,24,1,0,return_request,resolved
3224,304,34798,23,8,1,0,return_request,in_progress
3225,309,7746,,2,1,0,billing_issue,resolved
3226,314,26997,,8,1,0,delivery_problem,in_progress
3227,308,21395,,24,1,0,return_request,resolved
3228,308,7700,,48,1,0,return_request,resolved
3229,305,37971,,72,1,1,return_request,resolved
3230,304,22286,,4,1,0,return_request,resolved
3231,303,41527,,48,1,0,return_request,resolved
3232,308,12368,,24,1,0,return_request,resolved
3233,311,40093,,2,1,0,delivery_problem,resolved
3234,317,16885,22,24,1,0,billing_issue,resolved
3235,315,22277,3,24,1,0,warranty_claim,resolved
3236,316,39114,,4,1,0,product_inquiry,resolved
3237,312,48118,,24,1,0,return_request,resolved
3238,311,43305,,2,1,0,return_request,resolved
3239,312,25075,,72,1,1,product_inquiry,resolved
3240,309,19237,,4,1,0,return_request,resolved
3241,317,20566,6,8,1,0,return_request,resolved
3242,308,19700,,24,1,0,return_request,resolved
3243,318,46951,,2,1,0,return_request,resolved
3244,304,40885,,8,1,0,return_request,resolved
3245,305,29811,,168,1,1,return_request,pending
3246,317,11469,,24,1,0,return_request,resolved
3247,305,20420,,4,1,0,return_request,resolved
3248,318,8636,,8,1,0,return_request,resolved
3249,309,4277,,120,1,1,return_request,in_progress
3250,319,31325,,8,1,0,return_request,resolved
3251,312,336,,120,1,1,billing_issue,resolved
3252,307,14850,24,8,1,0,technical_issue,resolved
3253,305,25182,,72,1,1,delivery_problem,resolved
3254,310,12252,,4,1,0,return_request,pending
3255,311,40530,5,24,1,0,delivery_problem,resolved
3256,311,22918,1,120,1,1,return_request,in_progress
3257,310,18120,,24,1,0,return_request,resolved
3258,311,48596,,8,1,0,return_request,resolved
3259,314,47120,28,4,1,0,product_inquiry,pending
3260,313,23687,,72,1,1,delivery_problem,resolved
3261,309,15486,,72,1,1,billing_issue,pending
3262,305,45128,,48,1,0,return_request,resolved
3263,308,35599,,72,1,1,return_request,resolved
3264,317,27144,,8,1,0,return_request,resolved
3265,318,36344,,8,1,0,return_request,resolved
3266,309,48551,,24,1,0,return_request,resolved
3267,320,24904,8,24,1,0,technical_issue,pending
3268,313,39300,,8,1,0,warranty_claim,resolved
3269,311,5211,,48,1,0,return_request,resolved
3270,319,33239,13,8,1,0,warranty_claim,resolved
3271,308,45658,,48,1,0,return_request,resolved
3272,313,15236,,24,1,0,return_request,resolved
3273,320,21265,,24,1,0,return_request,resolved
3274,314,39716,,120,1,1,return_request,resolved
3275,317,34442,,8,1,0,return_request,pending
3276,312,25474,,8,1,0,technical_issue,resolved
3277,311,23013,,4,1,0,return_request,resolved
3278,310,8272,,4,1,0,return_request,resolved
3279,307,7349,,8,1,0,delivery_problem,pending
3280,317,10368,,4,1,0,return_request,in_progress
3281,307,15158,,8,1,0,return_request,resolved
3282,310,32286,,24,1,0,return_request,resolved
3283,316,17024,26,4,1,0,delivery_problem,resolved
3284,309,17416,,8,1,0,return_request,pending
3285,308,2488,,24,1,0,return_request,resolved
3286,315,19024,1,48,1,0,technical_issue,resolved
3287,306,24119,,2,1,0,return_request,resolved
3288,313,46359,27,72,1,1,technical_issue,pending
3289,317,40076,,8,1,0,technical_issue,resolved
3290,309,4601,,8,1,0,return_request,pending
3291,321,35040,,4,1,0,return_request,resolved
3292,313,10588,,48,1,0,return_request,resolved
3293,311,47759,,72,1,1,return_request,resolved
3294,308,49342,,24,1,0,return_request,pending
3295,311,41801,,168,1,1,technical_issue,resolved
3296,308,6976,,8,1,0,return_request,resolved
3297,307,46388,,4,1,0,return_request,pending
3298,307,8404,,24,1,0,return_request,in_progress
3299,312,5669,,48,1,0,return_request,resolved
3300,317,49806,22,4,1,0,billing_issue,resolved
3301,308,22601,4,48,1,0,warranty_claim,resolved
3302,313,27975,,4,1,0,return_request,resolved
3303,315,36765,,72,1,1,return_request,resolved
3304,315,22388,,8,1,0,return_request,resolved
3305,314,46447,,168,1,1,return_request,resolved
3306,309,7640,1,24,1,0,delivery_problem,resolved
3307,308,5158,,8,1,0,return_request,resolved
3308,313,32059,,72,1,1,return_request,resolved
3309,308,44916,23,48,1,0,delivery_problem,resolved
3310,312,45124,,72,1,1,return_request,resolved
3311,308,25465,28,24,1,0,warranty_claim,resolved
3312,314,11931,,24,1,0,return_request,resolved
3313,309,13921,,72,1,1,return_request,resolved
3314,321,1106,,8,1,0,return_request,resolved
3315,319,1616,,8,1,0,return_request,resolved
3316,322,20888,,4,1,0,return_request,resolved
3317,320,1937,,48,1,0,return_request,in_progress
3318,308,30514,,72,1,1,return_request,resolved
3319,311,49139,8,4,1,0,return_request,resolved
3320,311,20511,,8,1,0,return_request,resolved
3321,323,27710,17,24,1,0,billing_issue,resolved
3322,317,2861,,2,1,0,return_request,resolved
3323,313,4925,,120,1,1,billing_issue,resolved
3324,312,39149,,2,1,0,return_request,resolved
3325,311,33944,,24,1,0,delivery_problem,resolved
3326,319,6097,,24,1,0,return_request,resolved
3327,312,31683,16,24,1,0,warranty_claim,pending
3328,321,43810,,24,1,0,return_request,resolved
3329,320,34474,,48,1,0,return_request,resolved
3330,322,36006,,24,1,0,return_request,resolved
3331,310,6814,,4,1,0,return_request,resolved
3332,314,29012,,24,1,0,return_request,resolved
3333,310,29024,,24,1,0,return_request,resolved
3334,316,35846,,168,1,1,return_request,resolved
3335,312,42374,,24,1,0,return_request,resolved
3336,322,11938,12,24,1,0,billing_issue,resolved
3337,320,12691,,8,1,0,return_request,pending
3338,311,4145,,72,1,1,return_request,resolved
3339,321,43252,4,2,1,0,return_request,resolved
3340,312,14186,,24,1,0,delivery_problem,resolved
3341,313,31219,10,8,1,0,billing_issue,resolved
3342,322,31869,15,4,1,0,return_request,resolved
3343,315,18575,,72,1,1,return_request,resolved
3344,320,1328,,8,1,0,billing_issue,resolved
3345,310,31686,,8,1,0,return_request,resolved
3346,312,15051,10,4,1,0,warranty_claim,in_progress
3347,310,33326,,72,1,1,return_request,resolved
3348,321,4386,2,72,1,1,delivery_problem,resolved
3349,323,24513,,8,1,0,return_request,in_progress
3350,311,934,,24,1,0,return_request,resolved
3351,311,26593,,2,1,0,return_request,resolved
3352,323,11927,,4,1,0,return_request,resolved
3353,318,6398,,24,1,0,return_request,resolved
3354,318,36077,,48,1,0,return_request,resolved
3355,319,38769,,2,1,0,return_request,pending
3356,319,14625,,24,1,0,technical_issue,resolved
3357,316,18389,5,4,1,0,return_request,resolved
3358,316,2327,,24,1,0,return_request,resolved
3359,321,2518,,120,1,1,return_request,resolved
3360,319,45769,,24,1,0,return_request,resolved
3361,318,36929,28,48,1,0,billing_issue,pending
3362,318,17934,,168,1,1,return_request,resolved
3363,313,23092,,24,1,0,delivery_problem,resolved
3364,315,36806,,8,1,0,return_request,resolved
3365,314,4155,,4,1,0,return_request,resolved
3366,321,34310,,4,1,0,billing_issue,resolved
3367,314,35779,,120,1,1,return_request,pending
3368,315,47745,,24,1,0,technical_issue,resolved
3369,311,47273,,8,1,0,billing_issue,resolved
3370,311,22014,24,72,1,1,delivery_problem,resolved
3371,321,24649,,24,1,0,delivery_problem,resolved
3372,317,48739,4,24,1,0,return_request,resolved
3373,320,1128,,120,1,1,return_request,resolved
3374,320,48671,,72,1,1,billing_issue,resolved
3375,317,37200,,8,1,0,return_request,resolved
3376,324,43722,,24,1,0,return_request,resolved
3377,321,8450,,4,1,0,return_request,resolved
3378,320,35131,,8,1,0,return_request,resolved
3379,319,18888,,24,1,0,return_request,resolved
3380,321,37860,,24,1,0,return_request,resolved
3381,313,1322,,2,1,0,return_request,in_progress
3382,324,31048,12,48,1,0,delivery_problem,resolved
3383,322,287,,24,1,0,return_request,resolved
3384,321,27138,,4,1,0,delivery_problem,resolved
3385,322,32569,,8,1,0,return_request,resolved
3386,323,11505,,24,1,0,return_request,resolved
3387,319,33433,,4,1,0,return_request,resolved
3388,319,17604,,72,1,1,return_request,resolved
3389,317,6500,,48,1,0,delivery_problem,resolved
3390,314,7005,,24,1,0,return_request,resolved
3391,323,32710,,24,1,0,return_request,resolved
3392,319,44078,,2,1,0,return_request,resolved
3393,327,7220,,2,1,0,product_inquiry,resolved
3394,326,11589,,72,1,1,return_request,in_progress
3395,315,36508,,8,1,0,return_request,resolved
3396,315,33309,,48,1,0,billing_issue,resolved
3397,327,43448,,120,1,1,return_request,resolved
3398,324,5050,11,2,1,0,product_inquiry,resolved
3399,318,2131,,24,1,0,return_request,resolved
3400,320,36771,,2,1,0,return_request,resolved
3401,318,8500,,24,1,0,return_request,resolved
3402,323,16960,,48,1,0,warranty_claim,pending
3403,317,41195,,24,1,0,return_request,resolved
3404,320,9906,,48,1,0,return_request,resolved
3405,327,18327,,48,1,0,return_request,resolved
3406,320,9430,,48,1,0,return_request,resolved
3407,324,30840,,48,1,0,return_request,resolved
3408,315,45652,,4,1,0,return_request,resolved
3409,328,32905,24,4,1,0,billing_issue,resolved
3410,318,40551,,4,1,0,delivery_problem,resolved
3411,327,25669,12,120,1,1,delivery_problem,pending
3412,322,3864,20,2,1,0,billing_issue,resolved
3413,327,24377,,48,1,0,billing_issue,resolved
3414,323,3529,,24,1,0,return_request,resolved
3415,321,29875,,72,1,1,return_request,resolved
3416,324,25705,4,24,1,0,technical_issue,resolved
3417,316,46024,,4,1,0,return_request,resolved
3418,318,47789,,4,1,0,return_request,resolved
3419,325,32478,,48,1,0,delivery_problem,resolved
3420,330,28531,7,24,1,0,technical_issue,pending
3421,320,35890,,4,1,0,technical_issue,resolved
3422,330,26654,,4,1,0,return_request,resolved
3423,317,18451,,120,1,1,return_request,resolved
3424,319,47140,,24,1,0,return_request,resolved
3425,323,44762,,24,1,0,return_request,resolved
3426,321,43842,23,48,1,0,delivery_problem,resolved
3427,330,14161,,72,1,1,technical_issue,resolved
3428,330,11970,,8,1,0,return_request,resolved
3429,325,2031,,8,1,0,product_inquiry,resolved
3430,317,8720,,8,1,0,technical_issue,resolved
3431,331,22873,,8,1,0,return_request,pending
3432,326,10347,,120,1,1,product_inquiry,resolved
3433,323,21790,,72,1,1,return_request,resolved
3434,330,2181,,8,1,0,return_request,pending
3435,328,13878,,24,1,0,return_request,resolved
3436,324,6088,,4,1,0,return_request,in_progress
3437,326,9328,,8,1,0,return_request,resolved
3438,325,37690,,72,1,1,return_request,pending
3439,330,7685,,72,1,1,return_request,resolved
3440,325,49753,,48,1,0,return_request,resolved
3441,328,22601,,8,1,0,return_request,resolved
3442,319,23454,,24,1,0,return_request,resolved
3443,325,6983,,24,1,0,technical_issue,resolved
3444,325,33885,,48,1,0,return_request,in_progress
3445,320,23036,,24,1,0,return_request,resolved
3446,331,4004,,8,1,0,return_request,resolved
3447,320,5304,,4,1,0,return_request,resolved
3448,323,19995,,24,1,0,technical_issue,resolved
3449,319,25870,,120,1,1,technical_issue,resolved
3450,317,39359,,4,1,0,return_request,resolved
3451,326,22304,,4,1,0,return_request,resolved
3452,326,43620,,72,1,1,return_request,resolved
3453,325,20188,7,48,1,0,warranty_claim,resolved
3454,319,16448,,8,1,0,return_request,resolved
3455,321,35154,,8,1,0,delivery_problem,resolved
3456,321,30337,20,8,1,0,billing_issue,resolved
3457,319,35756,8,4,1,0,product_inquiry,resolved
3458,332,32862,,48,1,0,technical_issue,resolved
3459,323,18917,,2,1,0,return_request,resolved
3460,322,35225,,48,1,0,return_request,resolved
3461,332,6883,,8,1,0,return_request,resolved
3462,328,36399,25,48,1,0,product_inquiry,in_progress
3463,318,7023,,4,1,0,technical_issue,resolved
3464,318,28556,,48,1,0,return_request,resolved
3465,319,20257,5,120,1,1,delivery_problem,resolved
3466,329,31171,,8,1,0,delivery_problem,resolved
3467,330,5648,1,24,1,0,technical_issue,resolved
3468,320,1935,,24,1,0,return_request,resolved
3469,325,21342,,24,1,0,return_request,in_progress
3470,319,40772,,24,1,0,return_request,pending
3471,328,12227,,8,1,0,return_request,resolved
3472,330,27771,,48,1,0,return_request,resolved
3473,333,43779,1,24,1,0,technical_issue,resolved
3474,332,44464,,4,1,0,return_request,resolved
3475,324,32922,,8,1,0,return_request,resolved
3476,320,25707,,48,1,0,return_request,resolved
3477,320,39603,12,8,1,0,delivery_problem,resolved
3478,326,20271,,8,1,0,warranty_claim,resolved
3479,322,13241,,4,1,0,return_request,resolved
3480,329,33427,17,8,1,0,return_request,resolved
3481,320,5317,27,48,1,0,delivery_problem,resolved
3482,333,48723,,72,1,1,return_request,resolved
3483,328,25884,,48,1,0,return_request,resolved
3484,326,11571,,48,1,0,product_inquiry,in_progress
3485,320,40020,,24,1,0,technical_issue,resolved
3486,329,17648,,8,1,0,billing_issue,resolved
3487,323,46673,,4,1,0,return_request,resolved
3488,322,26186,,4,1,0,return_request,resolved
3489,330,22446,,24,1,0,return_request,resolved
3490,329,9717,,24,1,0,return_request,resolved
3491,323,597,,24,1,0,return_request,resolved
3492,330,6616,,4,1,0,return_request,resolved
3493,324,788,,48,1,0,delivery_problem,resolved
3494,326,42698,,24,1,0,technical_issue,resolved
3495,329,20903,,2,1,0,return_request,in_progress
3496,331,4334,,2,1,0,return_request,resolved
3497,322,19246,,24,1,0,return_request,resolved
3498,320,43054,,8,1,0,return_request,resolved
3499,332,11847,,2,1,0,return_request,pending
3500,332,37076,,8,1,0,return_request,resolved
3501,326,24735,5,8,1,0,return_request,resolved
3502,321,46471,3,4,1,0,return_request,resolved
3503,324,28706,,72,1,1,warranty_claim,in_progress
3504,334,47469,1,8,1,0,return_request,resolved
3505,329,6458,22,48,1,0,return_request,resolved
3506,328,22740,,4,1,0,return_request,resolved
3507,333,30633,2,48,1,0,return_request,resolved
3508,320,6597,4,24,1,0,return_request,resolved
3509,332,28319,,120,1,1,return_request,resolved
3510,322,10172,22,48,1,0,technical_issue,resolved
3511,325,41082,,24,1,0,return_request,resolved
3512,323,13545,,8,1,0,return_request,resolved
3513,323,14047,,8,1,0,billing_issue,resolved
3514,333,3123,,2,1,0,return_request,resolved
3515,327,18290,,4,1,0,return_request,pending
3516,324,7978,9,48,1,0,return_request,resolved
3517,322,18040,,48,1,0,return_request,in_progress
3518,326,30713,,24,1,0,return_request,resolved
3519,333,15423,,8,1,0,technical_issue,resolved
3520,322,8286,,8,1,0,technical_issue,resolved
3521,326,2972,,8,1,0,return_request,resolved
3522,326,18259,28,24,1,0,technical_issue,resolved
3523,325,32260,,4,1,0,return_request,resolved
3524,328,25054,,8,1,0,return_request,pending
3525,325,37502,,72,1,1,return_request,resolved
3526,326,39159,,4,1,0,warranty_claim,resolved
3527,330,45463,28,8,1,0,product_inquiry,resolved
3528,335,44644,,8,1,0,return_request,resolved
3529,329,43073,1,8,1,0,delivery_problem,resolved
3530,327,3749,,24,1,0,return_request,resolved
3531,333,25214,,8,1,0,technical_issue,resolved
3532,324,30162,,24,1,0,return_request,resolved
3533,323,28780,,48,1,0,return_request,pending
3534,322,20642,,24,1,0,return_request,resolved
3535,330,21991,5,8,1,0,delivery_problem,resolved
3536,336,18269,,8,1,0,return_request,in_progress
3537,327,7614,,4,1,0,return_request,resolved
3538,328,5551,,24,1,0,delivery_problem,resolved
3539,323,13283,,24,1,0,warranty_claim,resolved
3540,332,39131,8,2,1,0,technical_issue,resolved
3541,330,11267,,8,1,0,return_request,resolved
3542,326,23660,,24,1,0,return_request,resolved
3543,329,19425,,24,1,0,return_request,resolved
3544,324,25624,24,72,1,1,delivery_problem,resolved
3545,330,14464,,24,1,0,return_request,resolved
3546,333,12919,28,24,1,0,delivery_problem,resolved
3547,328,45989,,24,1,0,return_request,resolved
3548,330,24967,12,48,1,0,product_inquiry,resolved
3549,326,46844,,48,1,0,return_request,resolved
3550,324,24389,,4,1,0,return_request,in_progress
3551,329,27012,,48,1,0,delivery_problem,resolved
3552,325,41467,,24,1,0,return_request,resolved
3553,333,9780,,48,1,0,return_request,resolved
3554,329,21321,,8,1,0,return_request,resolved
3555,329,8589,28,24,1,0,return_request,resolved
3556,324,33857,7,2,1,0,return_request,resolved
3557,335,10201,,8,1,0,return_request,resolved
3558,336,27448,,48,1,0,return_request,resolved
3559,337,340,,24,1,0,return_request,resolved
3560,334,16368,,120,1,1,billing_issue,resolved
3561,327,45511,,24,1,0,return_request,resolved
3562,325,35048,2,4,1,0,technical_issue,resolved
3563,332,11641,,72,1,1,return_request,resolved
3564,324,39091,,24,1,0,return_request,resolved
3565,327,38973,,24,1,0,return_request,resolved
3566,335,37832,,72,1,1,return_request,resolved
3567,331,3062,,24,1,0,return_request,resolved
3568,327,48534,,24,1,0,return_request,resolved
3569,330,30550,,4,1,0,product_inquiry,pending
3570,332,5178,,48,1,0,return_request,pending
3571,324,8152,,72,1,1,return_request,resolved
3572,326,25241,,48,1,0,return_request,resolved
3573,337,39990,,24,1,0,return_request,resolved
3574,334,19915,,8,1,0,return_request,resolved
3575,323,6672,26,2,1,0,billing_issue,pending
3576,324,27480,,4,1,0,return_request,resolved
3577,334,25486,,48,1,0,return_request,resolved
3578,336,33330,,8,1,0,return_request,resolved
3579,325,947,,8,1,0,delivery_problem,resolved
3580,328,7364,,8,1,0,warranty_claim,pending
3581,328,17845,,24,1,0,return_request,resolved
3582,330,5206,,4,1,0,return_request,resolved
3583,331,37564,,8,1,0,technical_issue,in_progress
3584,328,12930,,48,1,0,return_request,resolved
3585,338,11135,,120,1,1,return_request,resolved
3586,325,38815,,8,1,0,return_request,resolved
3587,337,20828,,24,1,0,return_request,resolved
3588,338,8679,,2,1,0,return_request,resolved
3589,337,32436,,4,1,0,return_request,resolved
3590,328,46227,,24,1,0,warranty_claim,resolved
3591,324,42711,,24,1,0,return_request,resolved
3592,332,35183,,48,1,0,delivery_problem,resolved
3593,326,45611,,120,1,1,return_request,pending
3594,326,33348,,4,1,0,warranty_claim,resolved
3595,338,7801,8,72,1,1,warranty_claim,in_progress
3596,324,20071,,8,1,0,return_request,resolved
3597,331,45099,,24,1,0,return_request,resolved
3598,332,14298,,2,1,0,return_request,resolved
3599,337,40787,13,8,1,0,billing_issue,resolved
3600,338,42884,,48,1,0,warranty_claim,resolved
3601,325,27462,,24,1,0,return_request,resolved
3602,327,30176,,4,1,0,return_request,resolved
3603,329,16703,,4,1,0,delivery_problem,resolved
3604,328,28116,,24,1,0,technical_issue,resolved
3605,324,6419,,24,1,0,return_request,resolved
3606,328,26631,,8,1,0,billing_issue,resolved
3607,336,5935,,8,1,0,return_request,in_progress
3608,335,20518,,8,1,0,return_request,resolved
3609,328,5509,,8,1,0,billing_issue,pending
3610,329,2274,,72,1,1,return_request,resolved
3611,327,31673,,24,1,0,delivery_problem,resolved
3612,332,29199,,8,1,0,warranty_claim,resolved
3613,339,27126,22,24,1,0,delivery_problem,in_progress
3614,333,19909,,48,1,0,return_request,resolved
3615,330,47507,,4,1,0,return_request,resolved
3616,338,43544,3,4,1,0,return_request,resolved
3617,332,6942,,2,1,0,return_request,resolved
3618,334,20842,,2,1,0,billing_issue,resolved
3619,332,39225,,72,1,1,billing_issue,resolved
3620,334,8794,5,24,1,0,technical_issue,resolved
3621,332,46770,,4,1,0,return_request,resolved
3622,325,25051,,168,1,1,warranty_claim,resolved
3623,337,45140,,4,1,0,return_request,resolved
3624,334,42919,,2,1,0,return_request,resolved
3625,331,45462,25,2,1,0,return_request,resolved
3626,338,42795,,24,1,0,return_request,in_progress
3627,332,9863,,24,1,0,return_request,resolved
3628,327,34331,,4,1,0,return_request,resolved
3629,327,31748,,8,1,0,return_request,resolved
3630,335,27313,,48,1,0,return_request,resolved
3631,327,31459,,4,1,0,return_request,in_progress
3632,338,13192,,48,1,0,return_request,resolved
3633,327,43956,28,48,1,0,return_request,resolved
3634,328,36600,,24,1,0,return_request,pending
3635,328,7913,,72,1,1,return_request,pending
3636,328,25438,,24,1,0,return_request,resolved
3637,330,34111,,48,1,0,technical_issue,resolved
3638,327,17862,,72,1,1,return_request,resolved
3639,340,3107,,4,1,0,return_request,resolved
3640,327,41463,,24,1,0,return_request,resolved
3641,329,38920,,24,1,0,delivery_problem,resolved
3642,329,9965,,8,1,0,return_request,resolved
3643,331,15211,,4,1,0,return_request,resolved
3644,327,12093,,48,1,0,billing_issue,resolved
3645,340,45630,,4,1,0,return_request,resolved
3646,327,29902,,24,1,0,return_request,resolved
3647,334,18809,,48,1,0,return_request,resolved
3648,326,2948,10,8,1,0,delivery_problem,resolved
3649,335,24403,,168,1,1,return_request,pending
3650,326,33366,,24,1,0,return_request,resolved
3651,340,27986,,24,1,0,return_request,in_progress
3652,337,49451,,48,1,0,technical_issue,resolved
3653,340,42378,,24,1,0,return_request,resolved
3654,336,4323,,8,1,0,technical_issue,resolved
3655,333,17450,,72,1,1,return_request,resolved
3656,331,12564,1,4,1,0,return_request,resolved
3657,332,1659,,8,1,0,return_request,resolved
3658,338,35642,,24,1,0,return_request,resolved
3659,327,28958,,48,1,0,technical_issue,resolved
3660,333,8289,,72,1,1,return_request,resolved
3661,339,271,,24,1,0,return_request,in_progress
3662,341,47959,,24,1,0,delivery_problem,resolved
3663,328,47995,,4,1,0,return_request,resolved
3664,329,20428,,48,1,0,return_request,resolved
3665,329,17389,5,24,1,0,technical_issue,pending
3666,341,32578,18,8,1,0,delivery_problem,resolved
3667,340,2686,17,8,1,0,technical_issue,pending
3668,336,40348,,120,1,1,return_request,resolved
3669,333,26261,,48,1,0,billing_issue,resolved
3670,340,42264,,8,1,0,return_request,resolved
3671,331,36931,,120,1,1,return_request,resolved
3672,329,35990,,48,1,0,return_request,resolved
3673,328,7604,,24,1,0,technical_issue,resolved
3674,334,34216,,8,1,0,return_request,resolved
3675,338,36409,,24,1,0,return_request,resolved
3676,329,43897,,168,1,1,product_inquiry,resolved
3677,332,7859,24,4,1,0,warranty_claim,resolved
3678,336,36232,,24,1,0,return_request,resolved
3679,339,42825,,48,1,0,return_request,in_progress
3680,332,3348,,4,1,0,return_request,resolved
3681,339,1850,,48,1,0,technical_issue,resolved
3682,329,18254,8,4,1,0,delivery_problem,resolved
3683,336,25603,17,8,1,0,delivery_problem,resolved
3684,341,47394,,72,1,1,return_request,resolved
3685,333,49603,,8,1,0,return_request,resolved
3686,342,40789,,8,1,0,return_request,resolved
3687,329,41453,18,48,1,0,billing_issue,resolved
3688,330,15384,,48,1,0,billing_issue,resolved
3689,331,875,19,8,1,0,return_request,resolved
3690,342,17432,15,4,1,0,delivery_problem,resolved
3691,337,11309,24,8,1,0,warranty_claim,resolved
3692,340,41833,,2,1,0,return_request,resolved
3693,334,45325,4,24,1,0,technical_issue,resolved
3694,338,6933,,8,1,0,return_request,resolved
3695,342,18255,,48,1,0,return_request,resolved
3696,339,30232,,72,1,1,return_request,resolved
3697,338,12331,,24,1,0,return_request,resolved
3698,329,809,,120,1,1,return_request,resolved
3699,338,39840,,2,1,0,technical_issue,resolved
3700,330,17369,,4,1,0,return_request,pending
3701,330,2730,,4,1,0,return_request,pending
3702,343,45827,,8,1,0,return_request,resolved
3703,329,5769,,72,1,1,return_request,resolved
3704,333,29,,48,1,0,product_inquiry,resolved
3705,331,40229,,8,1,0,return_request,resolved
3706,337,12774,,24,1,0,technical_issue,resolved
3707,337,44795,,4,1,0,return_request,resolved
3708,333,33090,22,24,1,0,technical_issue,resolved
3709,343,2634,1,24,1,0,technical_issue,resolved
3710,337,25599,27,48,1,0,delivery_problem,resolved
3711,343,12719,,72,1,1,return_request,resolved
3712,336,23383,,24,1,0,return_request,resolved
3713,340,23994,20,24,1,0,warranty_claim,pending
3714,343,46585,,48,1,0,return_request,resolved
3715,337,25447,,72,1,1,return_request,resolved
3716,337,27674,,24,1,0,return_request,resolved
3717,339,49544,,8,1,0,return_request,resolved
3718,339,43644,,120,1,1,return_request,resolved
3719,343,5232,,8,1,0,return_request,in_progress
3720,335,29976,,4,1,0,delivery_problem,resolved
3721,341,15761,5,120,1,1,technical_issue,resolved
3722,334,11655,,48,1,0,return_request,resolved
3723,333,45249,,24,1,0,return_request,resolved
3724,329,32326,,48,1,0,return_request,resolved
3725,336,29219,,72,1,1,return_request,resolved
3726,334,685,,2,1,0,return_request,resolved
3727,340,7417,9,48,1,0,billing_issue,resolved
3728,337,46338,,4,1,0,return_request,resolved
3729,332,42713,,48,1,0,return_request,resolved
3730,341,18956,19,2,1,0,technical_issue,resolved
3731,337,41096,,24,1,0,product_inquiry,resolved
3732,337,19255,,8,1,0,return_request,resolved
3733,340,16495,,8,1,0,return_request,resolved
3734,343,21684,,8,1,0,product_inquiry,resolved
3735,339,49319,,120,1,1,return_request,resolved
3736,332,2309,,24,1,0,return_request,resolved
3737,343,39861,,24,1,0,return_request,resolved
3738,340,2975,,48,1,0,warranty_claim,resolved
3739,343,6263,,8,1,0,return_request,resolved
3740,333,39669,,4,1,0,delivery_problem,resolved
3741,336,31495,,168,1,1,return_request,pending
3742,336,11279,12,2,1,0,delivery_problem,pending
3743,333,44762,,8,1,0,return_request,resolved
3744,342,44163,,8,1,0,return_request,resolved
3745,340,10666,,8,1,0,return_request,resolved
3746,340,35238,,24,1,0,return_request,in_progress
3747,342,22537,,72,1,1,technical_issue,resolved
3748,341,24128,,24,1,0,warranty_claim,in_progress
3749,343,35291,,24,1,0,return_request,resolved
3750,341,32577,,24,1,0,return_request,resolved
3751,341,45705,,120,1,1,return_request,resolved
3752,330,23976,,24,1,0,billing_issue,in_progress
3753,332,28818,,8,1,0,return_request,pending
3754,330,30605,,8,1,0,delivery_problem,resolved
3755,338,40856,,24,1,0,return_request,resolved
3756,335,1811,,72,1,1,return_request,resolved
3757,334,5739,17,8,1,0,technical_issue,resolved
3758,333,6906,,4,1,0,technical_issue,resolved
3759,335,6039,,48,1,0,return_request,resolved
3760,338,3032,26,24,1,0,billing_issue,pending
3761,333,27115,,8,1,0,return_request,resolved
3762,339,1150,,2,1,0,return_request,resolved
3763,338,981,,72,1,1,technical_issue,pending
3764,335,21976,17,24,1,0,technical_issue,resolved
3765,334,8842,,48,1,0,warranty_claim,resolved
3766,345,44616,,24,1,0,return_request,resolved
3767,337,1941,,72,1,1,return_request,resolved
3768,340,45928,,4,1,0,technical_issue,resolved
3769,344,41201,,24,1,0,return_request,resolved
3770,342,5446,,8,1,0,product_inquiry,in_progress
3771,340,40034,21,2,1,0,warranty_claim,resolved
3772,336,7,,48,1,0,warranty_claim,resolved
3773,344,2037,,4,1,0,return_request,resolved
3774,338,29090,,4,1,0,billing_issue,in_progress
3775,333,30063,,24,1,0,technical_issue,resolved
3776,343,47343,,48,1,0,return_request,resolved
3777,335,33375,12,2,1,0,technical_issue,resolved
3778,334,48605,,8,1,0,return_request,resolved
3779,331,4154,,24,1,0,return_request,resolved
3780,345,17577,,24,1,0,return_request,resolved
3781,339,24481,,48,1,0,return_request,resolved
3782,335,17557,,72,1,1,return_request,pending
3783,339,40458,,24,1,0,return_request,resolved
3784,335,43012,,24,1,0,return_request,resolved
3785,342,13710,,48,1,0,return_request,resolved
3786,344,17478,,24,1,0,technical_issue,pending
3787,344,36369,4,168,1,1,return_request,in_progress
3788,340,5705,,24,1,0,return_request,resolved
3789,332,12082,,24,1,0,return_request,in_progress
3790,333,21926,13,24,1,0,billing_issue,resolved
3791,340,7849,8,4,1,0,return_request,resolved
3792,343,43482,,24,1,0,return_request,resolved
3793,340,16339,,48,1,0,warranty_claim,resolved
3794,337,21808,,2,1,0,return_request,resolved
3795,344,36430,,8,1,0,return_request,resolved
3796,342,14661,,8,1,0,warranty_claim,resolved
3797,339,14336,,120,1,1,return_request,resolved
3798,344,23495,,24,1,0,return_request,in_progress
3799,339,20593,,4,1,0,delivery_problem,resolved
3800,337,45934,16,24,1,0,billing_issue,resolved
3801,335,32186,,8,1,0,return_request,resolved
3802,332,46973,,168,1,1,return_request,resolved
3803,337,5799,,24,1,0,warranty_claim,resolved
3804,335,22963,,8,1,0,return_request,resolved
3805,345,25161,,8,1,0,delivery_problem,resolved
3806,338,23004,,24,1,0,return_request,resolved
3807,333,457,,4,1,0,return_request,pending
3808,335,20949,,2,1,0,return_request,resolved
3809,343,39689,,24,1,0,return_request,resolved
3810,339,37819,,4,1,0,return_request,resolved
3811,345,5561,,8,1,0,return_request,resolved
3812,345,38380,,168,1,1,return_request,in_progress
3813,341,45291,,24,1,0,technical_issue,resolved
3814,347,34530,,48,1,0,return_request,resolved
3815,335,38503,,2,1,0,return_request,resolved
3816,345,13571,,8,1,0,return_request,resolved
3817,334,25597,,2,1,0,return_request,resolved
3818,336,22540,,24,1,0,return_request,resolved
3819,341,24046,,24,1,0,return_request,resolved
3820,335,22936,,72,1,1,return_request,resolved
3821,341,32244,,24,1,0,return_request,resolved
3822,346,116,,24,1,0,return_request,resolved
3823,335,18405,,120,1,1,return_request,in_progress
3824,338,5638,19,8,1,0,technical_issue,resolved
3825,335,615,,72,1,1,return_request,resolved
3826,336,46657,,4,1,0,return_request,resolved
3827,336,45559,,24,1,0,return_request,resolved
3828,336,31062,,4,1,0,technical_issue,resolved
3829,338,2221,,48,1,0,return_request,pending
3830,347,35366,,48,1,0,return_request,pending
3831,341,7700,,8,1,0,return_request,pending
3832,347,10118,,48,1,0,technical_issue,resolved
3833,337,14038,,24,1,0,return_request,resolved
3834,336,1543,,24,1,0,technical_issue,pending
3835,348,47507,,72,1,1,return_request,resolved
3836,347,30774,14,24,1,0,warranty_claim,in_progress
3837,339,11882,,8,1,0,technical_issue,resolved
3838,345,21563,,2,1,0,return_request,resolved
3839,345,20314,,72,1,1,return_request,resolved
3840,346,40437,,8,1,0,return_request,resolved
3841,344,42296,,120,1,1,return_request,resolved
3842,336,937,,4,1,0,return_request,in_progress
3843,338,7998,,168,1,1,return_request,resolved
3844,338,20506,,24,1,0,return_request,resolved
3845,343,26413,,48,1,0,return_request,pending
3846,341,49466,,2,1,0,return_request,resolved
3847,335,8067,21,24,1,0,technical_issue,resolved
3848,347,25025,,48,1,0,return_request,resolved
3849,340,16982,,8,1,0,return_request,resolved
3850,342,26358,,8,1,0,return_request,in_progress
3851,348,26588,,8,1,0,return_request,resolved
3852,346,38426,,24,1,0,return_request,resolved
3853,335,10057,,120,1,1,warranty_claim,resolved
3854,349,49570,,8,1,0,return_request,resolved
3855,342,7714,,4,1,0,return_request,resolved
3856,349,12508,,4,1,0,return_request,in_progress
3857,338,20799,,48,1,0,return_request,resolved
3858,338,26906,,8,1,0,return_request,pending
3859,346,44405,,2,1,0,delivery_problem,resolved
3860,348,13157,,48,1,0,technical_issue,in_progress
3861,336,4860,,72,1,1,return_request,resolved
3862,347,17948,,2,1,0,return_request,resolved
3863,343,4945,,72,1,1,return_request,in_progress
3864,336,31799,,24,1,0,technical_issue,resolved
3865,344,38552,,4,1,0,return_request,resolved
3866,336,8019,,72,1,1,return_request,resolved
3867,336,23907,,2,1,0,delivery_problem,resolved
3868,339,46431,,2,1,0,return_request,pending
3869,337,18409,,48,1,0,return_request,pending
3870,341,9585,,8,1,0,return_request,resolved
3871,347,28737,,24,1,0,return_request,in_progress
3872,344,48900,,24,1,0,technical_issue,pending
3873,344,19973,,8,1,0,return_request,resolved
3874,343,39579,,24,1,0,delivery_problem,resolved
3875,345,36582,,4,1,0,return_request,resolved
3876,346,12306,,2,1,0,billing_issue,resolved
3877,336,3581,,8,1,0,return_request,pending
3878,348,11776,,2,1,0,return_request,resolved
3879,344,24626,,72,1,1,technical_issue,resolved
3880,339,25492,,24,1,0,billing_issue,resolved
3881,349,44473,,8,1,0,delivery_problem,resolved
3882,341,10195,,24,1,0,return_request,resolved
3883,337,49737,,4,1,0,return_request,resolved
3884,336,31810,,48,1,0,return_request,resolved
3885,344,18037,,24,1,0,return_request,resolved
3886,348,42560,,168,1,1,return_request,resolved
3887,350,24652,,48,1,0,warranty_claim,resolved
3888,338,918,13,120,1,1,technical_issue,resolved
3889,341,2013,,2,1,0,billing_issue,resolved
3890,348,23283,,72,1,1,return_request,resolved
3891,336,46711,,24,1,0,return_request,resolved
3892,342,11931,,120,1,1,warranty_claim,resolved
3893,341,3739,16,120,1,1,technical_issue,resolved
3894,340,4644,9,120,1,1,delivery_problem,resolved
3895,350,22127,,8,1,0,return_request,pending
3896,346,1125,,24,1,0,return_request,resolved
3897,345,22777,,72,1,1,return_request,resolved
3898,345,35579,,2,1,0,return_request,resolved
3899,338,16803,,48,1,0,billing_issue,resolved
3900,337,23917,9,48,1,0,technical_issue,resolved
3901,348,1118,,72,1,1,delivery_problem,pending
3902,343,19409,,24,1,0,return_request,resolved
3903,339,31943,,24,1,0,return_request,resolved
3904,341,31184,,120,1,1,technical_issue,pending
3905,341,20081,,24,1,0,return_request,resolved
3906,341,21622,,48,1,0,return_request,resolved
3907,339,34521,,120,1,1,delivery_problem,pending
3908,337,6134,,120,1,1,return_request,resolved
3909,350,46245,,24,1,0,return_request,resolved
3910,339,28473,26,2,1,0,return_request,pending
3911,348,14489,,2,1,0,return_request,resolved
3912,345,31159,,4,1,0,return_request,resolved
3913,347,18591,,120,1,1,return_request,pending
3914,339,36263,,24,1,0,return_request,resolved
3915,338,26572,,48,1,0,return_request,resolved
3916,345,46788,,24,1,0,return_request,resolved
3917,348,13354,,24,1,0,return_request,resolved
3918,342,3589,23,8,1,0,product_inquiry,resolved
3919,344,2828,,24,1,0,return_request,resolved
3920,347,22605,,2,1,0,technical_issue,resolved
3921,347,10826,,24,1,0,return_request,resolved
3922,337,45596,,168,1,1,return_request,in_progress
3923,351,39461,12,4,1,0,delivery_problem,in_progress
3924,346,3395,,8,1,0,return_request,resolved
3925,337,17967,,120,1,1,return_request,in_progress
3926,349,20518,,48,1,0,return_request,resolved
3927,340,39934,,168,1,1,return_request,resolved
3928,341,37300,,168,1,1,return_request,in_progress
3929,344,31499,,8,1,0,return_request,resolved
3930,338,34427,,24,1,0,return_request,resolved
3931,340,30810,,8,1,0,return_request,resolved
3932,343,49029,,72,1,1,return_request,resolved
3933,340,27421,,8,1,0,technical_issue,resolved
3934,345,24934,,8,1,0,return_request,resolved
3935,343,33435,,4,1,0,return_request,resolved
3936,337,28014,,72,1,1,return_request,in_progress
3937,341,15978,,72,1,1,return_request,resolved
3938,348,41728,,24,1,0,product_inquiry,resolved
3939,337,9165,6,24,1,0,delivery_problem,resolved
3940,340,3119,,120,1,1,return_request,resolved
3941,337,40547,,48,1,0,return_request,resolved
3942,351,25669,,24,1,0,warranty_claim,pending
3943,346,36324,,24,1,0,return_request,in_progress
3944,339,15702,,8,1,0,return_request,resolved
3945,348,4807,,8,1,0,return_request,resolved
3946,342,12230,,8,1,0,return_request,resolved
3947,345,42090,,4,1,0,return_request,resolved
3948,349,47476,,8,1,0,return_request,resolved
3949,340,27560,,4,1,0,return_request,in_progress
3950,352,4193,,24,1,0,billing_issue,resolved
3951,344,42105,,48,1,0,technical_issue,resolved
3952,345,43446,,4,1,0,technical_issue,resolved
3953,345,6288,25,48,1,0,technical_issue,pending
3954,340,23549,,48,1,0,return_request,resolved
3955,339,3386,,4,1,0,return_request,resolved
3956,351,5569,,48,1,0,delivery_problem,resolved
3957,349,30769,22,8,1,0,return_request,resolved
3958,351,31617,,48,1,0,return_request,resolved
3959,346,27334,2,2,1,0,delivery_problem,resolved
3960,351,36563,,8,1,0,billing_issue,resolved
3961,342,2331,,8,1,0,return_request,resolved
3962,346,11624,5,4,1,0,billing_issue,resolved
3963,342,14702,2,8,1,0,return_request,resolved
3964,341,43731,,24,1,0,return_request,resolved
3965,341,16228,,168,1,1,return_request,resolved
3966,348,26055,11,48,1,0,warranty_claim,resolved
3967,351,14341,,2,1,0,delivery_problem,resolved
3968,346,2128,,48,1,0,delivery_problem,pending
3969,339,37677,,2,1,0,return_request,in_progress
3970,350,44255,,48,1,0,billing_issue,resolved
3971,343,7273,25,8,1,0,product_inquiry,resolved
3972,345,16363,,8,1,0,return_request,resolved
3973,349,42662,,24,1,0,return_request,resolved
3974,343,19261,,4,1,0,return_request,resolved
3975,341,23365,,4,1,0,return_request,pending
3976,345,25352,,2,1,0,return_request,resolved
3977,345,4679,13,8,1,0,billing_issue,resolved
3978,343,33165,,48,1,0,return_request,resolved
3979,350,42273,,72,1,1,return_request,resolved
3980,340,35897,,24,1,0,technical_issue,resolved
3981,350,42976,,4,1,0,return_request,resolved
3982,345,22322,,4,1,0,return_request,resolved
3983,353,36511,,72,1,1,return_request,resolved
3984,353,39637,20,120,1,1,return_request,resolved
3985,339,36667,,2,1,0,return_request,resolved
3986,342,9923,,8,1,0,return_request,resolved
3987,349,29652,,120,1,1,return_request,resolved
3988,348,17216,,48,1,0,return_request,resolved
3989,344,32539,25,48,1,0,technical_issue,resolved
3990,339,17486,,8,1,0,technical_issue,pending
3991,352,3370,,2,1,0,return_request,resolved
3992,341,16395,,4,1,0,return_request,pending
3993,344,5435,,24,1,0,technical_issue,resolved
3994,352,10111,,48,1,0,return_request,pending
3995,353,13184,,2,1,0,return_request,resolved
3996,344,307,,8,1,0,return_request,resolved
3997,348,9164,,24,1,0,return_request,resolved
3998,346,20531,,8,1,0,return_request,resolved
3999,351,20516,,4,1,0,return_request,resolved
4000,348,45249,,4,1,0,return_request,resolved
4001,345,38320,,4,1,0,return_request,resolved
4002,342,30426,,8,1,0,return_request,resolved
4003,347,45896,22,2,1,0,warranty_claim,resolved
4004,343,28700,,4,1,0,return_request,resolved
4005,354,23720,,8,1,0,technical_issue,resolved
4006,346,46491,,24,1,0,return_request,resolved
4007,349,27594,12,48,1,0,return_request,in_progress
4008,351,14933,,24,1,0,technical_issue,resolved
4009,348,35483,,48,1,0,return_request,resolved
4010,352,20985,,24,1,0,return_request,resolved
4011,341,45902,9,8,1,0,return_request,resolved
4012,354,39885,,72,1,1,delivery_problem,resolved
4013,352,17354,,4,1,0,return_request,resolved
4014,346,19901,,120,1,1,return_request,resolved
4015,348,36850,,8,1,0,delivery_problem,resolved
4016,344,21320,,8,1,0,return_request,pending
4017,348,5984,,120,1,1,return_request,resolved
4018,350,4550,2,2,1,0,billing_issue,resolved
4019,347,29390,,4,1,0,return_request,resolved
4020,346,6226,,72,1,1,return_request,resolved
4021,342,8224,,24,1,0,return_request,resolved
4022,343,10110,,168,1,1,return_request,pending
4023,349,210,,24,1,0,return_request,resolved
4024,345,45457,,168,1,1,warranty_claim,pending
4025,345,22818,,8,1,0,technical_issue,resolved
4026,341,19186,,24,1,0,return_request,resolved
4027,352,22615,,4,1,0,return_request,resolved
4028,354,8185,,120,1,1,return_request,resolved
4029,341,25766,,4,1,0,return_request,resolved
4030,355,26546,,48,1,0,return_request,pending
4031,341,20438,,168,1,1,billing_issue,resolved
4032,342,40751,,4,1,0,return_request,resolved
4033,345,46577,,4,1,0,return_request,resolved
4034,350,4708,,8,1,0,return_request,resolved
4035,352,34437,,72,1,1,billing_issue,resolved
4036,343,3968,10,72,1,1,technical_issue,resolved
4037,346,18275,3,2,1,0,billing_issue,resolved
4038,342,1142,,72,1,1,technical_issue,resolved
4039,352,42448,,48,1,0,technical_issue,resolved
4040,343,24320,,24,1,0,return_request,resolved
4041,347,26797,,8,1,0,return_request,resolved
4042,353,32191,,2,1,0,return_request,resolved
4043,356,15625,23,4,1,0,delivery_problem,resolved
4044,349,13733,,4,1,0,return_request,resolved
4045,345,48997,,72,1,1,return_request,resolved
4046,348,14814,,2,1,0,return_request,resolved
4047,352,16932,,48,1,0,return_request,resolved
4048,353,10221,,24,1,0,return_request,resolved
4049,356,23464,,4,1,0,billing_issue,resolved
4050,342,42959,,8,1,0,return_request,pending
4051,347,44446,,48,1,0,return_request,resolved
4052,350,36261,,120,1,1,delivery_problem,in_progress
4053,348,41375,,48,1,0,return_request,resolved
4054,349,27013,,2,1,0,technical_issue,resolved
4055,353,39925,,8,1,0,return_request,resolved
4056,355,6794,,24,1,0,return_request,resolved
4057,343,10236,,48,1,0,warranty_claim,resolved
4058,353,21387,,4,1,0,return_request,resolved
4059,345,46335,,8,1,0,return_request,resolved
4060,352,7574,,2,1,0,return_request,resolved
4061,355,18105,,2,1,0,technical_issue,resolved
4062,346,25136,,8,1,0,return_request,in_progress
4063,353,1615,,8,1,0,return_request,resolved
4064,351,12832,,24,1,0,delivery_problem,resolved
4065,350,10273,,24,1,0,return_request,resolved
4066,356,15532,,72,1,1,return_request,resolved
4067,348,31343,,48,1,0,return_request,resolved
4068,349,19646,,24,1,0,return_request,resolved
4069,344,20653,,4,1,0,return_request,resolved
4070,349,15789,,4,1,0,delivery_problem,resolved
4071,345,45545,,2,1,0,return_request,resolved
4072,350,8382,,24,1,0,return_request,resolved
4073,347,48820,11,2,1,0,delivery_problem,resolved
4074,349,21555,,48,1,0,return_request,resolved
4075,358,32876,,4,1,0,return_request,resolved
4076,358,35505,,2,1,0,return_request,in_progress
4077,345,34616,,2,1,0,billing_issue,resolved
4078,354,25038,,24,1,0,return_request,resolved
4079,349,32626,,72,1,1,return_request,resolved
4080,351,10250,,24,1,0,warranty_claim,resolved
4081,354,22998,,24,1,0,return_request,resolved
4082,348,49740,,168,1,1,technical_issue,resolved
4083,354,47061,,24,1,0,warranty_claim,resolved
4084,351,22013,,72,1,1,return_request,resolved
4085,357,43613,,24,1,0,return_request,resolved
4086,349,19182,,8,1,0,return_request,resolved
4087,345,42124,,72,1,1,warranty_claim,resolved
4088,355,40398,,168,1,1,return_request,resolved
4089,344,7793,,4,1,0,return_request,resolved
4090,357,48183,7,48,1,0,return_request,resolved
4091,353,46672,21,8,1,0,billing_issue,resolved
4092,355,35445,,8,1,0,product_inquiry,in_progress
4093,349,4508,,48,1,0,delivery_problem,in_progress
4094,346,37845,,2,1,0,return_request,resolved
4095,346,19700,,24,1,0,billing_issue,resolved
4096,344,29561,,4,1,0,return_request,resolved
4097,344,29083,,8,1,0,return_request,in_progress
4098,347,44343,,24,1,0,return_request,resolved
4099,355,29600,,8,1,0,return_request,resolved
4100,351,31354,13,120,1,1,billing_issue,resolved
4101,353,23309,9,24,1,0,technical_issue,resolved
4102,345,9609,,8,1,0,return_request,resolved
4103,350,27147,,2,1,0,warranty_claim,resolved
4104,344,18638,21,24,1,0,billing_issue,resolved
4105,349,46106,,8,1,0,return_request,resolved
4106,357,11456,,48,1,0,return_request,resolved
4107,356,40066,11,72,1,1,return_request,resolved
4108,351,40455,,24,1,0,return_request,resolved
4109,354,25618,,24,1,0,return_request,resolved
4110,356,4206,18,72,1,1,technical_issue,resolved
4111,358,11807,,48,1,0,return_request,resolved
4112,346,34555,,24,1,0,return_request,resolved
4113,357,33911,,24,1,0,return_request,resolved
4114,351,10049,,24,1,0,return_request,resolved
4115,357,25839,,4,1,0,return_request,resolved
4116,350,7324,,8,1,0,product_inquiry,in_progress
4117,355,27415,,24,1,0,warranty_claim,pending
4118,355,33196,,4,1,0,warranty_claim,resolved
4119,350,29373,16,4,1,0,warranty_claim,resolved
4120,346,4087,10,24,1,0,product_inquiry,pending
4121,358,41066,,168,1,1,return_request,resolved
4122,358,41231,28,8,1,0,return_request,resolved
4123,347,31675,,72,1,1,billing_issue,in_progress
4124,354,37144,,24,1,0,return_request,resolved
4125,345,37595,,24,1,0,return_request,resolved
4126,348,24400,,72,1,1,delivery_problem,resolved
4127,350,33691,,48,1,0,delivery_problem,resolved
4128,351,20647,,4,1,0,technical_issue,resolved
4129,356,35496,,24,1,0,return_request,resolved
4130,350,23831,22,8,1,0,delivery_problem,resolved
4131,358,8802,,2,1,0,return_request,in_progress
4132,358,42618,6,48,1,0,delivery_problem,resolved
4133,355,23203,25,48,1,0,return_request,resolved
4134,352,2588,,8,1,0,warranty_claim,in_progress
4135,350,7719,28,8,1,0,delivery_problem,resolved
4136,355,7647,,72,1,1,return_request,resolved
4137,350,6505,,8,1,0,return_request,resolved
4138,346,24421,,24,1,0,return_request,resolved
4139,348,30105,,48,1,0,return_request,resolved
4140,358,47941,,4,1,0,billing_issue,resolved
4141,353,144,,168,1,1,warranty_claim,resolved
4142,349,22773,24,24,1,0,billing_issue,resolved
4143,357,32531,,8,1,0,return_request,resolved
4144,350,40968,4,24,1,0,technical_issue,resolved
4145,355,47053,,48,1,0,return_request,resolved
4146,357,3569,26,24,1,0,billing_issue,in_progress
4147,355,1554,,24,1,0,return_request,in_progress
4148,357,45996,,4,1,0,return_request,resolved
4149,347,33643,20,8,1,0,return_request,in_progress
4150,359,27897,,48,1,0,delivery_problem,resolved
4151,354,27499,,72,1,1,return_request,pending
4152,352,14543,21,4,1,0,delivery_problem,pending
4153,350,43468,,4,1,0,return_request,resolved
4154,356,10761,,4,1,0,return_request,resolved
4155,347,32038,15,24,1,0,return_request,resolved
4156,350,14302,,24,1,0,return_request,resolved
4157,347,19609,,8,1,0,billing_issue,resolved
4158,357,35655,,4,1,0,billing_issue,resolved
4159,359,2446,,24,1,0,return_request,resolved
4160,356,6328,,24,1,0,return_request,resolved
4161,359,20035,,72,1,1,return_request,resolved
4162,350,40082,,2,1,0,return_request,resolved
4163,359,29246,,8,1,0,technical_issue,resolved
4164,352,34434,,24,1,0,return_request,resolved
4165,348,39592,,24,1,0,delivery_problem,resolved
4166,361,44035,,24,1,0,return_request,resolved
4167,354,31124,,24,1,0,return_request,resolved
4168,347,36516,,8,1,0,return_request,resolved
4169,351,46607,,120,1,1,return_request,resolved
4170,349,41408,,4,1,0,return_request,resolved
4171,360,1793,,4,1,0,return_request,resolved
4172,349,39884,,24,1,0,product_inquiry,resolved
4173,356,35837,24,24,1,0,technical_issue,resolved
4174,354,48324,,8,1,0,return_request,resolved
4175,358,8608,,8,1,0,technical_issue,resolved
4176,347,36597,6,48,1,0,product_inquiry,resolved
4177,347,43287,,24,1,0,return_request,in_progress
4178,353,44412,,24,1,0,billing_issue,resolved
4179,351,19671,,8,1,0,delivery_problem,resolved
4180,361,37908,,2,1,0,return_request,resolved
4181,360,19507,,8,1,0,return_request,resolved
4182,357,8288,,24,1,0,billing_issue,resolved
4183,352,8161,,2,1,0,return_request,resolved
4184,355,30293,,120,1,1,return_request,resolved
4185,355,32994,,8,1,0,return_request,resolved
4186,358,31719,,2,1,0,return_request,resolved
4187,349,48361,,24,1,0,return_request,resolved
4188,361,23670,,48,1,0,technical_issue,resolved
4189,350,3009,,4,1,0,return_request,resolved
4190,351,24569,,72,1,1,return_request,resolved
4191,360,12881,,4,1,0,technical_issue,resolved
4192,355,40070,,2,1,0,return_request,pending
4193,349,38166,1,8,1,0,delivery_problem,resolved
4194,360,9383,,8,1,0,delivery_problem,resolved
4195,363,4232,,24,1,0,billing_issue,in_progress
4196,360,41290,,24,1,0,technical_issue,resolved
4197,363,49376,,24,1,0,return_request,resolved
4198,355,18746,,2,1,0,return_request,resolved
4199,359,44988,,2,1,0,return_request,resolved
4200,353,32576,,2,1,0,return_request,resolved
4201,355,26771,,24,1,0,warranty_claim,resolved
4202,353,31041,,2,1,0,return_request,resolved
4203,354,33698,,48,1,0,return_request,pending
4204,352,304,,24,1,0,delivery_problem,resolved
4205,356,38244,,4,1,0,return_request,resolved
4206,358,31414,,72,1,1,return_request,resolved
4207,363,18454,,24,1,0,return_request,resolved
4208,354,35748,,24,1,0,return_request,in_progress
4209,351,48731,,24,1,0,return_request,resolved
4210,357,4484,,48,1,0,return_request,resolved
4211,357,15039,,24,1,0,return_request,resolved
4212,361,13675,,8,1,0,return_request,resolved
4213,362,40360,,4,1,0,return_request,resolved
4214,352,12460,,48,1,0,return_request,resolved
4215,361,30586,,4,1,0,return_request,resolved
4216,362,49998,,8,1,0,technical_issue,resolved
4217,357,4748,,72,1,1,return_request,resolved
4218,350,42166,28,2,1,0,warranty_claim,resolved
4219,353,31575,,24,1,0,return_request,resolved
4220,356,318,12,24,1,0,delivery_problem,resolved
4221,362,30711,,2,1,0,return_request,resolved
4222,354,38064,,2,1,0,return_request,resolved
4223,363,24597,,4,1,0,return_request,resolved
4224,363,35062,,72,1,1,return_request,resolved
4225,351,6730,27,2,1,0,technical_issue,resolved
4226,359,12609,,48,1,0,return_request,resolved
4227,350,23166,,4,1,0,return_request,resolved
4228,351,47003,,2,1,0,warranty_claim,resolved
4229,352,40629,,24,1,0,delivery_problem,pending
4230,357,3416,,8,1,0,return_request,resolved
4231,362,6079,,72,1,1,return_request,resolved
4232,360,28559,9,8,1,0,product_inquiry,pending
4233,360,24252,,4,1,0,technical_issue,resolved
4234,362,26760,,24,1,0,return_request,resolved
4235,357,44776,,24,1,0,return_request,resolved
4236,355,22245,,24,1,0,return_request,resolved
4237,357,13805,,2,1,0,return_request,resolved
4238,361,20554,,4,1,0,return_request,resolved
4239,357,37816,,48,1,0,return_request,pending
4240,353,47697,,2,1,0,return_request,resolved
4241,354,36957,,24,1,0,technical_issue,resolved
4242,352,23344,20,24,1,0,technical_issue,resolved
4243,363,11041,,8,1,0,return_request,in_progress
4244,352,47552,15,24,1,0,billing_issue,resolved
4245,357,43341,,48,1,0,return_request,resolved
4246,361,26708,,8,1,0,return_request,resolved
4247,361,21777,,4,1,0,return_request,resolved
4248,358,21435,,8,1,0,return_request,resolved
4249,362,31766,27,8,1,0,return_request,resolved
4250,358,46959,,48,1,0,return_request,resolved
4251,365,25785,,120,1,1,return_request,resolved
4252,353,46034,23,4,1,0,delivery_problem,resolved
4253,360,8549,,24,1,0,return_request,resolved
4254,353,14317,26,8,1,0,warranty_claim,in_progress
4255,360,36286,,24,1,0,delivery_problem,resolved
4256,365,9174,,24,1,0,return_request,resolved
4257,365,31960,14,4,1,0,billing_issue,resolved
4258,353,18501,,8,1,0,billing_issue,resolved
4259,362,26811,,48,1,0,technical_issue,resolved
4260,352,677,,24,1,0,return_request,resolved
4261,358,49089,,8,1,0,return_request,resolved
4262,356,45675,,24,1,0,return_request,resolved
4263,357,11222,,4,1,0,billing_issue,resolved
4264,365,2812,,24,1,0,billing_issue,resolved
4265,365,15711,,4,1,0,return_request,resolved
4266,365,27656,,48,1,0,return_request,resolved
4267,356,22011,,24,1,0,return_request,resolved
4268,356,31549,,48,1,0,return_request,resolved
4269,355,41875,,48,1,0,product_inquiry,resolved
4270,357,15215,,48,1,0,return_request,resolved
4271,361,49763,,2,1,0,return_request,resolved
4272,355,38656,,4,1,0,return_request,resolved
4273,361,14345,,8,1,0,delivery_problem,resolved
4274,366,16978,,48,1,0,warranty_claim,resolved
4275,357,9084,,24,1,0,return_request,resolved
4276,363,7671,,24,1,0,return_request,resolved
4277,358,47443,,24,1,0,billing_issue,resolved
4278,364,6909,,2,1,0,return_request,resolved
4279,363,16003,,48,1,0,return_request,resolved
4280,360,19311,,2,1,0,return_request,resolved
4281,359,34973,,4,1,0,delivery_problem,resolved
4282,360,25774,,8,1,0,return_request,resolved
4283,357,49858,,8,1,0,return_request,resolved
4284,360,11300,,8,1,0,billing_issue,resolved
4285,360,22884,,8,1,0,return_request,resolved
4286,355,36334,,120,1,1,return_request,in_progress
4287,354,9450,,24,1,0,billing_issue,resolved
4288,352,39895,,24,1,0,delivery_problem,resolved
4289,359,30073,,24,1,0,return_request,resolved
4290,359,30259,,2,1,0,delivery_problem,resolved
4291,352,20368,,24,1,0,return_request,resolved
4292,362,31516,,8,1,0,return_request,resolved
4293,357,31193,,48,1,0,return_request,resolved
4294,352,19846,,24,1,0,return_request,resolved
4295,354,46919,,2,1,0,return_request,resolved
4296,356,25235,,8,1,0,delivery_problem,resolved
4297,361,48778,,8,1,0,return_request,resolved
4298,356,42928,,4,1,0,technical_issue,resolved
4299,355,2558,,24,1,0,return_request,resolved
4300,360,3153,,24,1,0,return_request,resolved
4301,355,24786,,24,1,0,technical_issue,resolved
4302,357,8288,,24,1,0,return_request,resolved
4303,364,33494,,4,1,0,delivery_problem,resolved
4304,360,1515,,24,1,0,return_request,resolved
4305,365,36367,,24,1,0,return_request,resolved
4306,367,36321,,2,1,0,technical_issue,resolved
4307,366,41791,,8,1,0,return_request,resolved
4308,353,18128,,48,1,0,technical_issue,resolved
4309,358,14030,,48,1,0,return_request,resolved
4310,365,37395,16,4,1,0,product_inquiry,resolved
4311,361,965,19,72,1,1,return_request,resolved
4312,358,2373,,72,1,1,return_request,resolved
4313,363,5794,26,24,1,0,warranty_claim,resolved
4314,353,4176,,2,1,0,return_request,resolved
4315,363,18381,,4,1,0,return_request,resolved
4316,354,17077,20,48,1,0,billing_issue,resolved
4317,355,290,17,4,1,0,product_inquiry,resolved
4318,361,20445,,24,1,0,return_request,resolved
4319,361,11296,,24,1,0,return_request,resolved
4320,355,18736,14,8,1,0,technical_issue,resolved
4321,364,12454,,72,1,1,return_request,resolved
4322,362,265,,24,1,0,product_inquiry,resolved
4323,354,20632,,24,1,0,return_request,resolved
4324,356,13833,,4,1,0,delivery_problem,pending
4325,357,33220,,24,1,0,return_request,resolved
4326,364,33294,,8,1,0,return_request,resolved
4327,365,45153,,168,1,1,delivery_problem,resolved
4328,360,27245,,24,1,0,return_request,resolved
4329,355,22208,27,24,1,0,return_request,resolved
4330,367,44428,,2,1,0,return_request,resolved
4331,366,13793,,24,1,0,return_request,pending
4332,355,28346,,8,1,0,return_request,resolved
4333,358,11709,,24,1,0,return_request,resolved
4334,364,30947,,24,1,0,return_request,resolved
4335,357,23199,,24,1,0,return_request,resolved
4336,357,7914,,4,1,0,return_request,pending
4337,354,44712,,8,1,0,return_request,resolved
4338,355,26155,,24,1,0,return_request,resolved
4339,356,48068,,168,1,1,technical_issue,resolved
4340,355,6265,,24,1,0,warranty_claim,resolved
4341,353,19134,,48,1,0,return_request,resolved
4342,353,36159,,4,1,0,technical_issue,resolved
4343,364,34017,,24,1,0,return_request,in_progress
4344,359,5664,14,24,1,0,billing_issue,resolved
4345,368,23,,168,1,1,return_request,resolved
4346,358,24355,,4,1,0,delivery_problem,resolved
4347,360,4591,15,168,1,1,technical_issue,resolved
4348,354,15289,,120,1,1,billing_issue,resolved
4349,359,26549,12,120,1,1,billing_issue,pending
4350,360,23976,,48,1,0,technical_issue,resolved
4351,368,45587,,120,1,1,return_request,resolved
4352,355,39702,,48,1,0,technical_issue,resolved
4353,358,39151,,24,1,0,return_request,resolved
4354,360,45169,,4,1,0,return_request,resolved
4355,368,44533,,4,1,0,return_request,resolved
4356,356,37554,17,120,1,1,technical_issue,resolved
4357,367,10675,,24,1,0,return_request,resolved
4358,357,2991,,4,1,0,return_request,resolved
4359,360,46796,,24,1,0,return_request,resolved
4360,364,16412,,24,1,0,return_request,resolved
4361,363,15847,7,8,1,0,billing_issue,resolved
4362,361,30985,25,24,1,0,product_inquiry,resolved
4363,360,2960,,24,1,0,return_request,resolved
4364,360,49364,,48,1,0,return_request,resolved
4365,365,24941,,2,1,0,return_request,resolved
4366,367,43149,,8,1,0,return_request,resolved
4367,354,47423,,48,1,0,technical_issue,pending
4368,362,17332,,4,1,0,return_request,resolved
4369,361,16646,,24,1,0,return_request,resolved
4370,364,10978,,24,1,0,technical_issue,resolved
4371,366,19132,,120,1,1,return_request,resolved
4372,360,14679,,48,1,0,return_request,resolved
4373,367,39143,,24,1,0,billing_issue,resolved
4374,365,2178,,120,1,1,return_request,in_progress
4375,362,27732,,2,1,0,return_request,resolved
4376,360,19265,14,48,1,0,billing_issue,resolved
4377,357,29460,28,48,1,0,product_inquiry,pending
4378,356,3703,,72,1,1,return_request,resolved
4379,365,18555,,168,1,1,technical_issue,resolved
4380,368,32299,,72,1,1,return_request,resolved
4381,359,4266,,4,1,0,return_request,resolved
4382,359,12739,17,24,1,0,return_request,resolved
4383,354,9486,,48,1,0,return_request,resolved
4384,366,26883,,4,1,0,return_request,resolved
4385,354,7830,,4,1,0,return_request,resolved
4386,359,23917,,48,1,0,return_request,resolved
4387,362,7481,,2,1,0,return_request,in_progress
4388,367,33368,,48,1,0,return_request,resolved
4389,368,25980,,8,1,0,warranty_claim,resolved
4390,354,30250,,24,1,0,return_request,in_progress
4391,363,34253,,24,1,0,warranty_claim,in_progress
4392,367,4922,10,4,1,0,delivery_problem,resolved
4393,365,49288,,4,1,0,return_request,resolved
4394,361,29596,,2,1,0,return_request,resolved
4395,368,15584,,48,1,0,return_request,resolved
4396,358,41689,,48,1,0,product_inquiry,resolved
4397,363,31970,4,72,1,1,billing_issue,resolved
4398,368,42864,,48,1,0,delivery_problem,resolved
4399,355,34887,,24,1,0,return_request,resolved
4400,361,31698,,4,1,0,return_request,resolved
4401,360,18136,,8,1,0,return_request,resolved
4402,362,44854,4,2,1,0,warranty_claim,resolved
4403,364,34792,,24,1,0,return_request,resolved
4404,365,17260,,48,1,0,return_request,resolved
4405,367,48032,,48,1,0,return_request,resolved
4406,364,24242,15,120,1,1,warranty_claim,resolved
4407,365,10583,,4,1,0,return_request,resolved
4408,356,36263,,48,1,0,return_request,resolved
4409,365,49829,,4,1,0,return_request,resolved
4410,360,48836,,4,1,0,return_request,resolved
4411,368,49571,,8,1,0,technical_issue,resolved
4412,364,26442,,8,1,0,return_request,resolved
4413,362,34324,,120,1,1,delivery_problem,resolved
4414,357,37204,,24,1,0,technical_issue,resolved
4415,360,19293,,120,1,1,return_request,resolved
4416,363,33474,,2,1,0,technical_issue,resolved
4417,369,26625,18,48,1,0,billing_issue,resolved
4418,363,46488,,24,1,0,product_inquiry,resolved
4419,362,19682,,2,1,0,billing_issue,resolved
4420,369,39039,27,24,1,0,return_request,resolved
4421,364,39821,,168,1,1,return_request,resolved
4422,368,31298,6,72,1,1,technical_issue,resolved
4423,367,32098,,48,1,0,return_request,resolved
4424,359,20817,15,48,1,0,warranty_claim,in_progress
4425,356,41536,11,48,1,0,billing_issue,resolved
4426,363,34048,,2,1,0,return_request,resolved
4427,358,22776,,2,1,0,return_request,resolved
4428,368,23978,,8,1,0,return_request,resolved
4429,368,35923,,8,1,0,warranty_claim,resolved
4430,363,25588,,72,1,1,return_request,in_progress
4431,359,10044,,120,1,1,delivery_problem,resolved
4432,363,30143,26,8,1,0,technical_issue,resolved
4433,364,7668,,24,1,0,return_request,in_progress
4434,359,2440,,4,1,0,return_request,resolved
4435,369,31611,,72,1,1,return_request,resolved
4436,357,40140,26,24,1,0,delivery_problem,resolved
4437,364,45035,,8,1,0,warranty_claim,resolved
4438,361,45564,,4,1,0,return_request,resolved
4439,369,1196,,48,1,0,delivery_problem,resolved
4440,363,32805,,48,1,0,return_request,resolved
4441,358,38983,,8,1,0,return_request,resolved
4442,364,42478,,48,1,0,return_request,resolved
4443,357,36384,,24,1,0,return_request,resolved
4444,368,8191,,72,1,1,technical_issue,resolved
4445,357,2680,,8,1,0,delivery_problem,resolved
4446,363,12021,,2,1,0,return_request,resolved
4447,362,6204,,24,1,0,delivery_problem,resolved
4448,356,45328,,24,1,0,return_request,resolved
4449,366,10044,,24,1,0,return_request,resolved
4450,370,29221,,4,1,0,return_request,resolved
4451,361,48029,,24,1,0,return_request,resolved
4452,367,26317,,48,1,0,billing_issue,resolved
4453,361,11033,,2,1,0,billing_issue,resolved
4454,367,11139,,24,1,0,return_request,resolved
4455,368,350,,24,1,0,return_request,resolved
4456,370,39739,,24,1,0,delivery_problem,resolved
4457,366,45908,,24,1,0,return_request,resolved
4458,364,2379,,2,1,0,return_request,resolved
4459,358,26922,,24,1,0,return_request,resolved
4460,356,22081,,48,1,0,return_request,resolved
4461,368,11311,,120,1,1,return_request,pending
4462,359,42004,,24,1,0,billing_issue,resolved
4463,362,18195,13,8,1,0,technical_issue,resolved
4464,361,21875,,48,1,0,warranty_claim,resolved
4465,370,14158,19,72,1,1,warranty_claim,resolved
4466,368,37042,,24,1,0,return_request,pending
4467,370,35380,,24,1,0,return_request,resolved
4468,365,5872,,4,1,0,return_request,resolved
4469,364,46033,,48,1,0,return_request,resolved
4470,360,11342,,8,1,0,return_request,resolved
4471,370,33577,12,24,1,0,technical_issue,resolved
4472,370,42646,12,4,1,0,technical_issue,resolved
4473,361,17926,,48,1,0,return_request,resolved
4474,371,20807,16,4,1,0,billing_issue,resolved
4475,357,8581,,2,1,0,return_request,resolved
4476,361,40323,,24,1,0,return_request,pending
4477,358,49220,,8,1,0,return_request,resolved
4478,360,15434,13,24,1,0,delivery_problem,resolved
4479,370,8332,12,24,1,0,return_request,resolved
4480,367,15439,,2,1,0,billing_issue,resolved
4481,360,4043,,72,1,1,delivery_problem,resolved
4482,369,47889,,48,1,0,delivery_problem,resolved
4483,368,17544,,2,1,0,billing_issue,resolved
4484,360,14422,22,8,1,0,return_request,resolved
4485,363,13022,,8,1,0,return_request,resolved
4486,362,12061,,48,1,0,return_request,resolved
4487,367,26395,,4,1,0,return_request,resolved
4488,361,9598,,8,1,0,warranty_claim,resolved
4489,363,39051,11,4,1,0,warranty_claim,resolved
4490,359,49647,,24,1,0,technical_issue,resolved
4491,370,1323,,2,1,0,warranty_claim,resolved
4492,359,9326,,8,1,0,return_request,resolved
4493,358,33285,,72,1,1,return_request,resolved
4494,358,16427,26,24,1,0,delivery_problem,resolved
4495,371,32900,,2,1,0,return_request,resolved
4496,367,7699,,72,1,1,return_request,resolved
4497,368,47255,,72,1,1,return_request,resolved
4498,361,8519,,24,1,0,return_request,resolved
4499,371,33225,,72,1,1,return_request,resolved
4500,362,14875,18,8,1,0,return_request,in_progress
4501,369,25225,18,4,1,0,delivery_problem,resolved
4502,366,8106,25,4,1,0,technical_issue,resolved
4503,366,22563,,2,1,0,return_request,resolved
4504,362,19564,,2,1,0,technical_issue,resolved
4505,360,36512,,48,1,0,return_request,in_progress
4506,369,34611,,24,1,0,return_request,resolved
4507,362,26024,,120,1,1,return_request,resolved
4508,358,2298,,72,1,1,return_request,resolved
4509,358,45450,13,48,1,0,technical_issue,pending
4510,365,28425,12,2,1,0,product_inquiry,resolved
4511,370,5167,,2,1,0,return_request,resolved
4512,361,24813,,24,1,0,product_inquiry,resolved
4513,370,47235,,48,1,0,billing_issue,resolved
4514,363,27185,,24,1,0,billing_issue,resolved
4515,369,20990,,48,1,0,billing_issue,resolved
4516,371,35376,,24,1,0,technical_issue,resolved
4517,364,38779,,2,1,0,return_request,resolved
4518,368,49817,25,48,1,0,return_request,resolved
4519,365,25374,,4,1,0,return_request,resolved
4520,371,7213,,168,1,1,return_request,resolved
4521,370,38295,,24,1,0,return_request,resolved
4522,370,26177,,24,1,0,warranty_claim,pending
4523,370,47180,,4,1,0,return_request,resolved
4524,358,7640,,2,1,0,return_request,resolved
4525,369,7735,,4,1,0,return_request,resolved
4526,367,33156,,24,1,0,technical_issue,resolved
4527,369,990,,8,1,0,return_request,resolved
4528,363,48169,,4,1,0,return_request,resolved
4529,359,8427,,72,1,1,return_request,resolved
4530,368,34637,,24,1,0,return_request,resolved
4531,368,47830,22,8,1,0,return_request,resolved
4532,358,48328,,4,1,0,technical_issue,resolved
4533,362,31840,19,72,1,1,technical_issue,resolved
4534,363,31966,,120,1,1,return_request,resolved
4535,364,14509,,48,1,0,return_request,resolved
4536,361,34276,,48,1,0,product_inquiry,pending
4537,363,29889,,8,1,0,return_request,resolved
4538,372,12007,,8,1,0,billing_issue,resolved
4539,368,6093,,72,1,1,return_request,resolved
4540,372,43791,,2,1,0,return_request,resolved
4541,367,8752,,24,1,0,return_request,resolved
4542,362,6139,,48,1,0,return_request,resolved
4543,369,22283,,8,1,0,return_request,resolved
4544,361,3242,,48,1,0,product_inquiry,resolved
4545,360,26548,,120,1,1,return_request,resolved
4546,368,21589,,24,1,0,return_request,resolved
4547,368,42390,,48,1,0,technical_issue,resolved
4548,365,4347,15,24,1,0,delivery_problem,resolved
4549,368,2239,,2,1,0,return_request,in_progress
4550,367,7894,,72,1,1,return_request,resolved
4551,358,38318,27,4,1,0,return_request,resolved
4552,370,40164,,24,1,0,return_request,resolved
4553,359,35470,,8,1,0,return_request,resolved
4554,359,44483,,2,1,0,technical_issue,resolved
4555,366,28378,,120,1,1,return_request,resolved
4556,360,8013,,48,1,0,return_request,resolved
4557,366,36144,,4,1,0,return_request,in_progress
4558,359,42717,,4,1,0,return_request,resolved
4559,359,15443,,48,1,0,technical_issue,resolved
4560,366,44825,,2,1,0,billing_issue,resolved
4561,367,30823,,8,1,0,return_request,resolved
4562,370,31481,,168,1,1,billing_issue,resolved
4563,360,33954,,24,1,0,return_request,in_progress
4564,360,20941,,24,1,0,technical_issue,resolved
4565,365,26245,,48,1,0,technical_issue,pending
4566,373,12043,,2,1,0,return_request,resolved
4567,365,23405,,48,1,0,return_request,resolved
4568,367,24029,27,8,1,0,technical_issue,resolved
4569,364,38361,,24,1,0,return_request,resolved
4570,366,6068,,2,1,0,return_request,resolved
4571,372,40661,,120,1,1,return_request,resolved
4572,373,1675,15,2,1,0,technical_issue,resolved
4573,366,7925,,8,1,0,return_request,resolved
4574,359,4325,,24,1,0,return_request,resolved
4575,365,30738,,4,1,0,billing_issue,pending
4576,369,31445,22,24,1,0,product_inquiry,resolved
4577,372,6182,27,24,1,0,technical_issue,resolved
4578,360,42976,,72,1,1,return_request,resolved
4579,364,15225,,72,1,1,delivery_problem,resolved
4580,361,37794,,72,1,1,return_request,pending
4581,371,49790,,8,1,0,warranty_claim,resolved
4582,369,5197,,2,1,0,return_request,resolved
4583,362,29524,,120,1,1,return_request,resolved
4584,364,15162,,4,1,0,return_request,resolved
4585,359,45279,11,48,1,0,return_request,resolved
4586,362,45629,,8,1,0,return_request,resolved
4587,368,46647,,120,1,1,return_request,resolved
4588,361,40116,,24,1,0,return_request,resolved
4589,361,33156,,2,1,0,return_request,resolved
4590,359,29069,,24,1,0,return_request,resolved
4591,361,12774,5,48,1,0,return_request,resolved
4592,371,1853,,2,1,0,delivery_problem,resolved
4593,370,46106,,8,1,0,return_request,resolved
4594,363,42679,,24,1,0,return_request,resolved
4595,373,27720,,4,1,0,return_request,resolved
4596,370,23901,,8,1,0,return_request,resolved
4597,374,20539,21,24,1,0,warranty_claim,resolved
4598,362,1696,11,24,1,0,billing_issue,resolved
4599,363,36531,,2,1,0,billing_issue,resolved
4600,372,10933,,4,1,0,technical_issue,resolved
4601,371,17346,,48,1,0,return_request,resolved
4602,360,18486,,24,1,0,return_request,resolved
4603,363,9774,4,4,1,0,product_inquiry,resolved
4604,372,29046,,24,1,0,return_request,in_progress
4605,371,28571,,8,1,0,return_request,resolved
4606,364,42776,4,8,1,0,billing_issue,resolved
4607,369,29224,,24,1,0,return_request,resolved
4608,363,41872,,4,1,0,return_request,resolved
4609,373,6702,,4,1,0,billing_issue,resolved
4610,361,738,,24,1,0,return_request,resolved
4611,374,25876,,48,1,0,delivery_problem,resolved
4612,370,27814,,2,1,0,return_request,pending
4613,375,5093,,72,1,1,return_request,resolved
4614,374,40657,5,8,1,0,warranty_claim,resolved
4615,375,20934,17,24,1,0,product_inquiry,resolved
4616,374,10395,,4,1,0,billing_issue,resolved
4617,369,19583,,24,1,0,return_request,resolved
4618,365,41765,,72,1,1,return_request,resolved
4619,365,36198,,120,1,1,return_request,resolved
4620,365,27870,,24,1,0,return_request,resolved
4621,375,21415,10,4,1,0,technical_issue,pending
4622,374,19016,,24,1,0,return_request,resolved
4623,375,43578,,24,1,0,delivery_problem,resolved
4624,372,15289,,8,1,0,return_request,resolved
4625,367,27405,,2,1,0,billing_issue,resolved
4626,362,20956,,2,1,0,return_request,resolved
4627,372,21728,,72,1,1,return_request,resolved
4628,376,21288,,48,1,0,technical_issue,resolved
4629,373,29615,,4,1,0,return_request,resolved
4630,365,19319,,24,1,0,return_request,resolved
4631,371,5278,,72,1,1,return_request,resolved
4632,363,7614,10,48,1,0,delivery_problem,resolved
4633,369,35394,,72,1,1,return_request,resolved
4634,366,46336,,8,1,0,return_request,resolved
4635,373,7967,,24,1,0,technical_issue,in_progress
4636,368,26190,,48,1,0,return_request,resolved
4637,362,17946,,48,1,0,return_request,in_progress
4638,363,11829,,48,1,0,return_request,pending
4639,369,47708,,4,1,0,return_request,resolved
4640,369,12868,,48,1,0,technical_issue,resolved
4641,362,25014,,8,1,0,return_request,pending
4642,371,42728,3,48,1,0,technical_issue,resolved
4643,369,30722,,48,1,0,return_request,resolved
4644,365,38300,,2,1,0,return_request,resolved
4645,371,25635,,24,1,0,delivery_problem,resolved
4646,368,15135,,24,1,0,return_request,in_progress
4647,367,24089,,72,1,1,return_request,resolved
4648,367,41499,,8,1,0,return_request,resolved
4649,369,1248,,4,1,0,return_request,resolved
4650,368,11420,,48,1,0,return_request,resolved
4651,374,43056,,24,1,0,warranty_claim,resolved
4652,375,48526,,48,1,0,product_inquiry,in_progress
4653,371,45127,27,8,1,0,technical_issue,resolved
4654,372,12067,,168,1,1,delivery_problem,pending
4655,371,42989,,24,1,0,return_request,resolved
4656,367,41120,6,8,1,0,technical_issue,resolved
4657,372,17342,,24,1,0,product_inquiry,resolved
4658,372,23710,,48,1,0,product_inquiry,resolved
4659,365,272,20,8,1,0,delivery_problem,resolved
4660,372,34740,,72,1,1,technical_issue,resolved
4661,368,25836,,24,1,0,return_request,pending
4662,371,29481,,72,1,1,return_request,resolved
4663,374,8338,,24,1,0,warranty_claim,resolved
4664,363,48791,,8,1,0,return_request,pending
4665,372,9540,,4,1,0,return_request,resolved
4666,363,23890,,48,1,0,return_request,resolved
4667,365,16004,23,8,1,0,delivery_problem,resolved
4668,375,2568,,24,1,0,return_request,resolved
4669,375,12843,24,24,1,0,technical_issue,resolved
4670,366,14648,24,48,1,0,delivery_problem,resolved
4671,376,5637,18,8,1,0,return_request,resolved
4672,367,26326,,8,1,0,technical_issue,resolved
4673,365,2154,10,2,1,0,return_request,resolved
4674,372,44170,,8,1,0,return_request,resolved
4675,372,48343,,24,1,0,return_request,resolved
4676,373,40152,,72,1,1,return_request,resolved
4677,366,42995,,4,1,0,return_request,resolved
4678,369,45918,11,8,1,0,return_request,resolved
4679,365,26916,,8,1,0,return_request,resolved
4680,363,44357,,24,1,0,billing_issue,resolved
4681,363,46192,,24,1,0,return_request,resolved
4682,363,15560,,8,1,0,return_request,resolved
4683,368,33462,,4,1,0,technical_issue,resolved
4684,377,34644,,8,1,0,billing_issue,resolved
4685,373,5046,,4,1,0,return_request,resolved
4686,364,8334,,4,1,0,technical_issue,resolved
4687,372,24923,,2,1,0,return_request,resolved
4688,367,4827,,48,1,0,return_request,resolved
4689,364,29652,,72,1,1,return_request,resolved
4690,366,28115,,72,1,1,return_request,resolved
4691,366,30026,,24,1,0,return_request,resolved
4692,364,47278,,120,1,1,return_request,resolved
4693,371,20898,11,24,1,0,technical_issue,resolved
4694,376,47835,,8,1,0,return_request,resolved
4695,370,41753,,8,1,0,return_request,resolved
4696,376,32735,,72,1,1,technical_issue,in_progress
4697,374,8630,16,8,1,0,technical_issue,resolved
4698,367,48900,,72,1,1,delivery_problem,resolved
4699,372,11106,,4,1,0,warranty_claim,resolved
4700,368,8817,,8,1,0,return_request,resolved
4701,370,36798,,120,1,1,return_request,resolved
4702,366,8708,,8,1,0,return_request,resolved
4703,372,29355,,2,1,0,return_request,in_progress
4704,373,33967,7,120,1,1,warranty_claim,resolved
4705,375,21995,,48,1,0,return_request,resolved
4706,371,20716,,8,1,0,return_request,resolved
4707,371,35353,,24,1,0,return_request,in_progress
4708,364,11741,,4,1,0,return_request,resolved
4709,372,16212,,8,1,0,return_request,pending
4710,377,30436,,24,1,0,return_request,resolved
4711,375,22475,,168,1,1,return_request,resolved
4712,366,49595,,24,1,0,return_request,pending
4713,376,17025,,48,1,0,return_request,resolved
4714,375,24678,,72,1,1,return_request,resolved
4715,375,11547,7,8,1,0,product_inquiry,resolved
4716,367,2048,,48,1,0,return_request,resolved
4717,377,25821,,48,1,0,technical_issue,resolved
4718,373,21654,,8,1,0,return_request,resolved
4719,367,38635,,120,1,1,return_request,resolved
4720,374,45208,,48,1,0,return_request,resolved
4721,371,47500,,120,1,1,return_request,resolved
4722,371,9393,,2,1,0,billing_issue,pending
4723,369,12576,,4,1,0,technical_issue,pending
4724,379,35520,,24,1,0,return_request,resolved
4725,369,10138,,24,1,0,return_request,resolved
4726,378,11402,,4,1,0,return_request,resolved
4727,365,12437,,4,1,0,return_request,resolved
4728,365,21928,,8,1,0,return_request,resolved
4729,377,40869,,48,1,0,return_request,resolved
4730,370,24616,,8,1,0,return_request,resolved
4731,376,33362,,72,1,1,return_request,resolved
4732,378,24785,,24,1,0,delivery_problem,resolved
4733,378,38308,,4,1,0,return_request,resolved
4734,376,47313,,72,1,1,return_request,resolved
4735,373,10131,,8,1,0,return_request,resolved
4736,378,12329,,48,1,0,return_request,resolved
4737,370,2103,,24,1,0,warranty_claim,resolved
4738,379,48766,,2,1,0,return_request,resolved
4739,375,46951,,2,1,0,return_request,resolved
4740,377,23795,,2,1,0,return_request,resolved
4741,379,35661,,2,1,0,return_request,resolved
4742,367,43062,,24,1,0,return_request,resolved
4743,378,32747,6,8,1,0,billing_issue,resolved
4744,373,1168,8,24,1,0,return_request,resolved
4745,368,27042,,24,1,0,return_request,resolved
4746,373,2544,,24,1,0,technical_issue,in_progress
4747,375,31924,,4,1,0,warranty_claim,resolved
4748,372,45678,14,120,1,1,billing_issue,in_progress
4749,378,49513,11,8,1,0,delivery_problem,pending
4750,370,47597,,24,1,0,return_request,resolved
4751,368,22010,,120,1,1,return_request,resolved
4752,378,4755,,8,1,0,return_request,in_progress
4753,372,34669,,8,1,0,return_request,resolved
4754,372,6713,,24,1,0,return_request,resolved
4755,377,3338,,8,1,0,return_request,resolved
4756,374,42677,,2,1,0,delivery_problem,resolved
4757,373,6111,11,120,1,1,delivery_problem,pending
4758,366,15556,,2,1,0,billing_issue,in_progress
4759,366,46444,,24,1,0,return_request,resolved
4760,368,41685,,48,1,0,return_request,resolved
4761,373,10691,,24,1,0,return_request,resolved
4762,370,9679,,72,1,1,technical_issue,resolved
4763,378,27055,,2,1,0,return_request,resolved
4764,368,12238,,4,1,0,return_request,resolved
4765,368,35377,,2,1,0,return_request,resolved
4766,375,9085,,8,1,0,return_request,resolved
4767,371,24354,,2,1,0,return_request,pending
4768,377,32128,,8,1,0,return_request,resolved
4769,373,23417,,8,1,0,return_request,resolved
4770,377,2185,,4,1,0,return_request,resolved
4771,375,5025,,4,1,0,return_request,resolved
4772,377,1239,,8,1,0,return_request,resolved
4773,382,35892,,2,1,0,return_request,in_progress
4774,381,2982,,4,1,0,delivery_problem,resolved
4775,369,1999,,24,1,0,return_request,resolved
4776,376,35227,,8,1,0,return_request,resolved
4777,379,49337,,4,1,0,delivery_problem,resolved
4778,376,23166,,8,1,0,return_request,resolved
4779,379,37975,,8,1,0,return_request,resolved
4780,376,36462,,8,1,0,return_request,resolved
4781,368,35811,,24,1,0,product_inquiry,resolved
4782,375,41623,,4,1,0,return_request,in_progress
4783,370,48287,,168,1,1,return_request,resolved
4784,382,111,,2,1,0,return_request,resolved
4785,371,46001,,24,1,0,return_request,resolved
4786,374,15383,,24,1,0,return_request,resolved
4787,371,22293,,2,1,0,return_request,resolved
4788,370,19197,,48,1,0,return_request,resolved
4789,377,17087,,8,1,0,return_request,resolved
4790,383,1121,,72,1,1,return_request,resolved
4791,370,16011,,2,1,0,return_request,in_progress
4792,378,17993,,8,1,0,return_request,resolved
4793,383,6958,13,48,1,0,delivery_problem,resolved
4794,371,7097,,24,1,0,return_request,resolved
4795,374,24832,2,72,1,1,delivery_problem,resolved
4796,383,10031,,4,1,0,return_request,resolved
4797,377,327,,24,1,0,technical_issue,pending
4798,370,31276,,48,1,0,return_request,resolved
4799,381,41536,,4,1,0,return_request,resolved
4800,371,31011,,72,1,1,delivery_problem,resolved
4801,378,5268,26,24,1,0,warranty_claim,resolved
4802,376,31162,,24,1,0,delivery_problem,resolved
4803,377,44176,,24,1,0,return_request,resolved
4804,371,35522,,8,1,0,delivery_problem,in_progress
4805,371,27995,25,2,1,0,technical_issue,resolved
4806,373,26744,25,72,1,1,warranty_claim,resolved
4807,375,19836,12,120,1,1,delivery_problem,resolved
4808,384,28901,,4,1,0,product_inquiry,resolved
4809,371,38435,,8,1,0,return_request,resolved
4810,383,17151,,8,1,0,return_request,resolved
4811,379,25455,28,24,1,0,billing_issue,in_progress
4812,374,1502,,24,1,0,return_request,resolved
4813,372,19204,,48,1,0,return_request,resolved
4814,372,45285,,24,1,0,return_request,resolved
4815,384,36685,,24,1,0,return_request,resolved
4816,380,18990,,2,1,0,return_request,resolved
4817,373,8058,,4,1,0,return_request,resolved
4818,381,38392,,24,1,0,return_request,resolved
4819,378,33656,,2,1,0,technical_issue,resolved
4820,380,43272,,48,1,0,return_request,resolved
4821,381,18400,,4,1,0,return_request,resolved
4822,372,12504,,24,1,0,return_request,resolved
4823,379,321,,72,1,1,return_request,resolved
4824,373,22931,,24,1,0,return_request,resolved
4825,376,21910,,4,1,0,delivery_problem,resolved
4826,376,44399,,4,1,0,return_request,resolved
4827,381,26534,,24,1,0,return_request,resolved
4828,384,18466,,2,1,0,return_request,resolved
4829,374,3636,,48,1,0,product_inquiry,resolved
4830,383,17204,,8,1,0,return_request,resolved
4831,382,16347,,8,1,0,return_request,pending
4832,379,31043,,4,1,0,return_request,resolved
4833,377,18308,,2,1,0,return_request,resolved
4834,372,20984,,24,1,0,return_request,resolved
4835,386,21064,,72,1,1,return_request,resolved
4836,375,23292,,8,1,0,return_request,resolved
4837,381,8999,,48,1,0,return_request,resolved
4838,385,12222,,48,1,0,product_inquiry,resolved
4839,383,16397,,2,1,0,delivery_problem,resolved
4840,384,14266,6,24,1,0,warranty_claim,resolved
4841,381,33992,26,72,1,1,billing_issue,resolved
4842,374,26670,,4,1,0,billing_issue,pending
4843,382,29300,,8,1,0,return_request,resolved
4844,374,29684,,2,1,0,return_request,resolved
4845,387,4865,,4,1,0,return_request,resolved
4846,379,3607,,4,1,0,return_request,resolved
4847,375,4766,,24,1,0,return_request,resolved
4848,377,5550,,24,1,0,return_request,resolved
4849,381,40817,,24,1,0,return_request,resolved
4850,380,12772,18,48,1,0,warranty_claim,resolved
4851,374,24763,,4,1,0,return_request,resolved
4852,374,24525,,24,1,0,return_request,resolved
4853,377,18951,,168,1,1,return_request,resolved
4854,384,19173,,24,1,0,warranty_claim,resolved
4855,377,2314,13,168,1,1,return_request,resolved
4856,384,15661,,2,1,0,return_request,resolved
4857,377,10297,,48,1,0,return_request,in_progress
4858,373,1918,,4,1,0,return_request,resolved
4859,378,18929,,24,1,0,return_request,resolved
4860,379,40588,,48,1,0,return_request,resolved
4861,375,41158,,48,1,0,return_request,resolved
4862,384,12076,,48,1,0,return_request,resolved
4863,376,43790,,48,1,0,return_request,resolved
4864,382,48696,,48,1,0,return_request,pending
4865,387,14655,,8,1,0,return_request,resolved
4866,381,35111,,8,1,0,return_request,pending
4867,379,42591,,24,1,0,delivery_problem,resolved
4868,382,35143,,4,1,0,return_request,resolved
4869,374,31153,,8,1,0,delivery_problem,resolved
4870,385,4500,13,8,1,0,technical_issue,resolved
4871,380,10111,,48,1,0,return_request,pending
4872,374,4293,,48,1,0,delivery_problem,resolved
4873,385,16900,20,48,1,0,delivery_problem,resolved
4874,388,22129,,120,1,1,return_request,resolved
4875,386,39907,,8,1,0,delivery_problem,resolved
4876,384,18337,,48,1,0,return_request,in_progress
4877,381,16633,,2,1,0,delivery_problem,resolved
4878,385,46299,,48,1,0,return_request,resolved
4879,387,48742,,8,1,0,return_request,resolved
4880,387,33827,,8,1,0,delivery_problem,resolved
4881,379,28637,,8,1,0,return_request,resolved
4882,382,37497,,120,1,1,return_request,resolved
4883,385,18857,13,8,1,0,billing_issue,in_progress
4884,375,13008,,8,1,0,return_request,pending
4885,375,23345,,4,1,0,return_request,resolved
4886,377,7153,,4,1,0,return_request,resolved
4887,378,4331,,8,1,0,return_request,resolved
4888,388,26652,,48,1,0,delivery_problem,in_progress
4889,375,8027,,72,1,1,return_request,resolved
4890,383,27630,,4,1,0,product_inquiry,resolved
4891,384,48784,,24,1,0,technical_issue,resolved
4892,379,17770,,8,1,0,return_request,resolved
4893,377,29268,,8,1,0,return_request,resolved
4894,378,15430,,4,1,0,return_request,resolved
4895,389,961,,8,1,0,return_request,resolved
4896,384,27547,15,8,1,0,technical_issue,resolved
4897,378,10754,,24,1,0,return_request,resolved
4898,385,3531,25,2,1,0,technical_issue,in_progress
4899,380,43040,,24,1,0,return_request,resolved
4900,379,29327,,24,1,0,delivery_problem,resolved
4901,385,19894,,24,1,0,return_request,resolved
4902,385,9708,,24,1,0,return_request,resolved
4903,390,40781,,48,1,0,return_request,resolved
4904,380,16659,,8,1,0,delivery_problem,pending
4905,386,33042,,48,1,0,product_inquiry,pending
4906,379,14012,,4,1,0,return_request,resolved
4907,390,20160,,24,1,0,return_request,in_progress
4908,387,3334,,4,1,0,delivery_problem,resolved
4909,382,43544,,8,1,0,return_request,resolved
4910,379,47209,,120,1,1,return_request,resolved
4911,377,2359,,48,1,0,return_request,in_progress
4912,384,36951,,48,1,0,return_request,resolved
4913,387,18914,2,8,1,0,delivery_problem,resolved
4914,380,16691,,72,1,1,return_request,resolved
4915,386,17879,2,24,1,0,technical_issue,resolved
4916,387,34073,11,24,1,0,billing_issue,resolved
4917,380,3456,,8,1,0,return_request,resolved
4918,384,26078,,24,1,0,return_request,pending
4919,382,43529,,2,1,0,delivery_problem,resolved
4920,378,4052,,8,1,0,billing_issue,resolved
4921,386,17379,,8,1,0,return_request,resolved
4922,386,18959,,48,1,0,return_request,resolved
4923,386,45256,,24,1,0,return_request,in_progress
4924,385,40670,,24,1,0,warranty_claim,resolved
4925,377,47680,7,24,1,0,delivery_problem,resolved
4926,381,25640,7,8,1,0,technical_issue,resolved
4927,383,48680,,24,1,0,return_request,resolved
4928,377,33247,,4,1,0,return_request,resolved
4929,387,15511,,2,1,0,return_request,resolved
4930,377,24762,1,8,1,0,product_inquiry,resolved
4931,391,16269,,8,1,0,return_request,resolved
4932,387,44621,26,24,1,0,delivery_problem,resolved
4933,382,41222,,24,1,0,return_request,resolved
4934,384,49685,2,72,1,1,delivery_problem,resolved
4935,382,27260,,48,1,0,return_request,resolved
4936,387,20839,,24,1,0,return_request,resolved
4937,388,48986,,8,1,0,return_request,in_progress
4938,390,18744,,8,1,0,return_request,resolved
4939,380,29162,,120,1,1,return_request,resolved
4940,390,35854,,8,1,0,return_request,resolved
4941,378,8684,,4,1,0,return_request,resolved
4942,382,26622,18,24,1,0,billing_issue,in_progress
4943,379,28140,,2,1,0,return_request,resolved
4944,380,32215,,72,1,1,return_request,resolved
4945,387,1445,,8,1,0,return_request,resolved
4946,381,23376,,4,1,0,return_request,resolved
4947,393,37639,,168,1,1,return_request,in_progress
4948,388,44441,,24,1,0,technical_issue,resolved
4949,379,45954,,120,1,1,return_request,in_progress
4950,386,9717,,120,1,1,return_request,resolved
4951,388,4864,28,8,1,0,technical_issue,resolved
4952,387,6809,,24,1,0,return_request,in_progress
4953,384,35168,,4,1,0,return_request,resolved
4954,386,7620,,120,1,1,return_request,resolved
4955,383,3400,,48,1,0,return_request,resolved
4956,391,14526,,4,1,0,return_request,resolved
4957,390,714,,8,1,0,warranty_claim,pending
4958,385,42094,,48,1,0,return_request,resolved
4959,391,25744,20,8,1,0,technical_issue,resolved
4960,385,24621,,72,1,1,technical_issue,resolved
4961,391,4964,,168,1,1,return_request,resolved
4962,385,41969,,2,1,0,return_request,resolved
4963,380,12473,,2,1,0,return_request,resolved
4964,380,20571,,48,1,0,billing_issue,resolved
4965,385,44558,11,24,1,0,return_request,pending
4966,389,30158,,48,1,0,return_request,resolved
4967,385,24208,,8,1,0,return_request,resolved
4968,389,24182,,168,1,1,delivery_problem,resolved
4969,388,3483,,2,1,0,return_request,resolved
4970,387,8736,,2,1,0,return_request,resolved
4971,380,19648,,8,1,0,technical_issue,resolved
4972,381,49130,,24,1,0,return_request,resolved
4973,385,37997,,8,1,0,return_request,resolved
4974,382,7478,,4,1,0,return_request,resolved
4975,390,39538,,24,1,0,return_request,resolved
4976,388,23612,,24,1,0,billing_issue,in_progress
4977,381,44843,,24,1,0,return_request,in_progress
4978,380,35751,,120,1,1,return_request,resolved
4979,391,29963,,48,1,0,return_request,resolved
4980,388,16021,,48,1,0,warranty_claim,resolved
4981,391,24352,,2,1,0,billing_issue,resolved
4982,382,27439,,2,1,0,return_request,resolved
4983,385,21337,,8,1,0,return_request,pending
4984,386,24432,,72,1,1,return_request,resolved
4985,387,35065,,4,1,0,return_request,resolved
4986,389,25776,,8,1,0,return_request,resolved
4987,382,29378,,4,1,0,return_request,resolved
4988,385,28934,,2,1,0,return_request,resolved
4989,393,48268,,8,1,0,technical_issue,resolved
4990,393,30715,,72,1,1,billing_issue,resolved
4991,390,29880,,24,1,0,return_request,resolved
4992,384,2955,,48,1,0,delivery_problem,resolved
4993,391,48935,,48,1,0,return_request,resolved
4994,390,20116,,48,1,0,return_request,resolved
4995,387,30919,20,72,1,1,billing_issue,in_progress
4996,387,3076,27,24,1,0,product_inquiry,resolved
4997,387,8618,,24,1,0,product_inquiry,resolved
4998,394,9544,,24,1,0,product_inquiry,resolved
4999,389,13083,,120,1,1,return_request,resolved
5000,382,43232,,72,1,1,return_request,in_progress
5001,382,43799,22,48,1,0,technical_issue,resolved
5002,389,19846,,4,1,0,return_request,resolved
5003,391,21770,,4,1,0,return_request,resolved
5004,385,5673,,8,1,0,return_request,resolved
5005,392,11842,,2,1,0,return_request,resolved
5006,394,28511,,8,1,0,technical_issue,resolved
5007,392,42607,18,48,1,0,delivery_problem,resolved
5008,384,26313,,24,1,0,return_request,in_progress
5009,389,3026,,4,1,0,return_request,resolved
5010,386,25567,,72,1,1,return_request,resolved
5011,392,14961,,8,1,0,return_request,resolved
5012,393,42629,,8,1,0,delivery_problem,resolved
5013,393,25352,,24,1,0,return_request,resolved
5014,390,157,,24,1,0,return_request,resolved
5015,398,4803,,2,1,0,return_request,in_progress
5016,384,13367,,24,1,0,warranty_claim,resolved
5017,390,29522,,24,1,0,return_request,resolved
5018,391,16718,27,8,1,0,technical_issue,resolved
5019,395,6577,,24,1,0,return_request,pending
5020,384,46733,,4,1,0,return_request,resolved
5021,398,32887,,8,1,0,return_request,resolved
5022,397,5791,,24,1,0,return_request,pending
5023,385,11239,,2,1,0,return_request,resolved
5024,393,15947,,8,1,0,return_request,resolved
5025,399,8391,,48,1,0,return_request,resolved
5026,397,25497,,4,1,0,return_request,resolved
5027,385,45215,,120,1,1,return_request,resolved
5028,388,20053,,48,1,0,return_request,resolved
5029,386,5062,,4,1,0,return_request,resolved
5030,388,4173,,24,1,0,billing_issue,in_progress
5031,397,4487,,2,1,0,return_request,resolved
5032,399,32399,,24,1,0,return_request,resolved
5033,392,24256,,72,1,1,return_request,resolved
5034,392,18488,,48,1,0,billing_issue,resolved
5035,392,13063,28,4,1,0,product_inquiry,resolved
5036,390,37898,,24,1,0,return_request,resolved
5037,388,20720,,2,1,0,return_request,resolved
5038,387,44057,,4,1,0,return_request,resolved
5039,391,43843,,8,1,0,return_request,resolved
5040,390,8536,,24,1,0,billing_issue,resolved
5041,393,8613,,4,1,0,return_request,resolved
5042,399,3527,4,8,1,0,return_request,resolved
5043,396,32684,8,24,1,0,technical_issue,resolved
5044,391,1323,,48,1,0,billing_issue,resolved
5045,399,6653,5,2,1,0,product_inquiry,resolved
5046,399,20931,,4,1,0,technical_issue,resolved
5047,399,695,,24,1,0,warranty_claim,resolved
5048,400,17368,,8,1,0,return_request,resolved
5049,394,14549,27,48,1,0,billing_issue,pending
5050,402,37839,26,48,1,0,warranty_claim,resolved
5051,400,32150,6,4,1,0,return_request,resolved
5052,397,29820,,24,1,0,return_request,pending
5053,389,13948,,120,1,1,return_request,resolved
5054,399,5878,,120,1,1,return_request,resolved
5055,400,33516,,2,1,0,return_request,resolved
5056,397,458,,120,1,1,product_inquiry,in_progress
5057,394,3607,,48,1,0,delivery_problem,resolved
5058,391,21713,,2,1,0,billing_issue,in_progress
5059,392,42745,28,8,1,0,billing_issue,in_progress
5060,390,17802,,8,1,0,return_request,resolved
5061,392,24379,,24,1,0,return_request,resolved
5062,398,2228,,4,1,0,return_request,resolved
5063,398,13946,,4,1,0,technical_issue,in_progress
5064,390,46351,,120,1,1,return_request,resolved
5065,396,35873,,48,1,0,return_request,resolved
5066,404,44431,,24,1,0,return_request,resolved
5067,398,1708,,48,1,0,return_request,resolved
5068,400,21412,,4,1,0,return_request,resolved
5069,390,12008,,8,1,0,return_request,in_progress
5070,403,16218,,4,1,0,technical_issue,resolved
5071,401,12952,,72,1,1,return_request,resolved
5072,390,5303,11,8,1,0,technical_issue,resolved
5073,397,46092,,24,1,0,return_request,resolved
5074,399,28898,,120,1,1,delivery_problem,in_progress
5075,392,30668,12,48,1,0,return_request,resolved
5076,393,8239,,24,1,0,return_request,in_progress
5077,396,40789,,8,1,0,return_request,resolved
5078,391,42325,,8,1,0,return_request,resolved
5079,401,22877,,48,1,0,return_request,resolved
5080,391,28783,,8,1,0,return_request,resolved
5081,399,40976,,2,1,0,return_request,resolved
5082,402,31126,,8,1,0,return_request,resolved
5083,396,6118,,4,1,0,return_request,resolved
5084,393,24264,27,48,1,0,product_inquiry,pending
5085,394,17534,,120,1,1,return_request,resolved
5086,398,8470,,24,1,0,return_request,in_progress
5087,398,40638,,72,1,1,return_request,pending
5088,396,15514,3,48,1,0,technical_issue,pending
5089,394,15989,,2,1,0,return_request,pending
5090,398,34705,,8,1,0,technical_issue,resolved
5091,393,14993,,48,1,0,return_request,resolved
5092,396,15309,,8,1,0,return_request,resolved
5093,394,28504,1,4,1,0,return_request,resolved
5094,405,43463,7,24,1,0,delivery_problem,pending
5095,395,11095,,120,1,1,return_request,resolved
5096,393,44369,,48,1,0,return_request,resolved
5097,404,45559,20,24,1,0,delivery_problem,resolved
5098,393,40888,,8,1,0,return_request,resolved
5099,403,34845,,48,1,0,return_request,resolved
5100,397,10104,,168,1,1,billing_issue,resolved
5101,401,20505,6,4,1,0,return_request,resolved
5102,399,46704,,24,1,0,return_request,resolved
5103,399,2481,6,24,1,0,return_request,in_progress
5104,401,37546,,48,1,0,return_request,resolved
5105,405,28195,10,48,1,0,delivery_problem,resolved
5106,393,15396,,4,1,0,return_request,resolved
5107,403,44131,,8,1,0,return_request,resolved
5108,402,47557,,24,1,0,return_request,resolved
5109,402,25503,,24,1,0,return_request,resolved
5110,401,43683,17,8,1,0,technical_issue,pending
5111,408,22394,,8,1,0,return_request,in_progress
5112,403,8424,,8,1,0,return_request,resolved
5113,397,10810,,4,1,0,delivery_problem,resolved
5114,402,31427,,24,1,0,return_request,resolved
5115,405,23144,,4,1,0,return_request,resolved
5116,401,28799,,120,1,1,delivery_problem,resolved
5117,395,49670,22,8,1,0,delivery_problem,resolved
5118,405,26762,,8,1,0,return_request,resolved
5119,404,66,,24,1,0,return_request,resolved
5120,408,35485,,8,1,0,return_request,resolved
5121,401,16194,,2,1,0,return_request,resolved
5122,397,49978,,4,1,0,return_request,resolved
5123,398,35691,,2,1,0,return_request,resolved
5124,405,26963,1,168,1,1,delivery_problem,resolved
5125,399,49371,,2,1,0,return_request,resolved
5126,397,27793,26,2,1,0,technical_issue,resolved
5127,400,45323,,48,1,0,return_request,resolved
5128,397,32657,,24,1,0,billing_issue,in_progress
5129,406,40336,,8,1,0,return_request,resolved
5130,402,19157,,4,1,0,delivery_problem,resolved
5131,408,20181,,8,1,0,return_request,resolved
5132,407,20519,,24,1,0,return_request,resolved
5133,397,8362,24,72,1,1,return_request,resolved
5134,406,12163,,8,1,0,return_request,resolved
5135,407,45942,,8,1,0,return_request,resolved
5136,405,14487,,24,1,0,return_request,resolved
5137,405,9251,9,48,1,0,delivery_problem,resolved
5138,409,30985,,168,1,1,technical_issue,resolved
5139,401,17177,19,48,1,0,product_inquiry,resolved
5140,401,23393,,2,1,0,return_request,resolved
5141,411,43648,,48,1,0,technical_issue,resolved
5142,411,21383,,48,1,0,return_request,pending
5143,409,14116,,24,1,0,product_inquiry,resolved
5144,406,12570,,48,1,0,billing_issue,in_progress
5145,401,43045,,48,1,0,return_request,resolved
5146,408,11913,,4,1,0,return_request,resolved
5147,410,48329,,48,1,0,return_request,resolved
5148,401,24735,,72,1,1,warranty_claim,resolved
5149,407,7281,,4,1,0,technical_issue,resolved
5150,405,37001,,72,1,1,return_request,resolved
5151,402,30401,,4,1,0,return_request,resolved
5152,408,21446,,8,1,0,return_request,resolved
5153,404,38794,,24,1,0,return_request,pending
5154,412,34850,12,4,1,0,technical_issue,resolved
5155,400,35297,,8,1,0,delivery_problem,pending
5156,408,8632,,24,1,0,return_request,resolved
5157,407,23644,,24,1,0,return_request,resolved
5158,399,33961,17,2,1,0,delivery_problem,resolved
5159,399,21581,,2,1,0,return_request,resolved
5160,403,37935,,4,1,0,return_request,resolved
5161,399,5093,22,4,1,0,technical_issue,in_progress
5162,399,27023,,48,1,0,technical_issue,in_progress
5163,400,32623,8,48,1,0,technical_issue,resolved
5164,412,13930,,72,1,1,return_request,resolved
5165,408,29253,,8,1,0,return_request,in_progress
5166,406,19478,,24,1,0,return_request,resolved
5167,400,19102,,8,1,0,warranty_claim,resolved
5168,413,11769,,24,1,0,product_inquiry,pending
5169,402,49276,,120,1,1,return_request,resolved
5170,403,10396,16,8,1,0,product_inquiry,resolved
5171,413,11100,,2,1,0,return_request,resolved
5172,414,17684,,24,1,0,product_inquiry,resolved
5173,405,10613,,120,1,1,return_request,resolved
5174,414,24992,,24,1,0,return_request,resolved
5175,411,7055,14,48,1,0,technical_issue,in_progress
5176,407,2912,,48,1,0,technical_issue,resolved
5177,406,29998,26,2,1,0,technical_issue,resolved
5178,409,4464,,120,1,1,delivery_problem,in_progress
5179,411,3770,,8,1,0,technical_issue,in_progress
5180,401,11608,,8,1,0,return_request,resolved
5181,410,28312,,4,1,0,technical_issue,resolved
5182,402,4039,,2,1,0,return_request,resolved
5183,415,40684,,24,1,0,technical_issue,resolved
5184,415,42314,11,120,1,1,warranty_claim,resolved
5185,408,12682,,2,1,0,return_request,resolved
5186,413,20432,,24,1,0,return_request,resolved
5187,402,24935,,2,1,0,return_request,resolved
5188,402,21142,,4,1,0,return_request,resolved
5189,409,41019,18,2,1,0,delivery_problem,resolved
5190,405,16024,,120,1,1,return_request,resolved
5191,404,28657,,4,1,0,return_request,resolved
5192,411,29363,,2,1,0,return_request,resolved
5193,404,48428,,168,1,1,return_request,resolved
5194,406,16897,,24,1,0,return_request,resolved
5195,414,6742,,2,1,0,delivery_problem,resolved
5196,414,13341,,8,1,0,return_request,resolved
5197,411,27809,,24,1,0,return_request,resolved
5198,403,17107,,72,1,1,return_request,resolved
5199,405,20331,,48,1,0,return_request,resolved
5200,413,16124,,24,1,0,return_request,resolved
5201,414,9531,,4,1,0,return_request,resolved
5202,403,27118,,8,1,0,return_request,resolved
5203,413,23152,,72,1,1,return_request,resolved
5204,415,3932,,8,1,0,technical_issue,pending
5205,406,43167,,8,1,0,technical_issue,resolved
5206,409,26072,,8,1,0,return_request,resolved
5207,413,19993,14,48,1,0,technical_issue,resolved
5208,416,5577,,8,1,0,return_request,resolved
5209,405,29858,,72,1,1,return_request,resolved
5210,411,16464,11,8,1,0,technical_issue,resolved
5211,411,27977,,48,1,0,return_request,resolved
5212,413,15612,,8,1,0,return_request,resolved
5213,413,27687,,8,1,0,return_request,resolved
5214,408,26613,,24,1,0,return_request,resolved
5215,405,35813,,8,1,0,technical_issue,resolved
5216,417,41087,,120,1,1,return_request,resolved
5217,417,4116,,8,1,0,technical_issue,resolved
5218,413,27732,,2,1,0,return_request,resolved
5219,411,26737,,24,1,0,return_request,resolved
5220,409,34620,,8,1,0,return_request,resolved
5221,419,1206,,24,1,0,technical_issue,resolved
5222,410,36421,,24,1,0,warranty_claim,resolved
5223,407,42797,,72,1,1,return_request,resolved
5224,406,34739,,48,1,0,return_request,resolved
5225,415,9837,9,2,1,0,technical_issue,pending
5226,417,39562,,48,1,0,return_request,resolved
5227,410,45789,23,8,1,0,billing_issue,resolved
5228,418,1168,,4,1,0,return_request,resolved
5229,415,46009,,48,1,0,return_request,resolved
5230,415,32712,,48,1,0,return_request,resolved
5231,410,24251,,4,1,0,return_request,pending
5232,414,18817,,24,1,0,return_request,pending
5233,414,20204,,4,1,0,return_request,resolved
5234,411,29363,,8,1,0,return_request,pending
5235,408,48843,15,24,1,0,product_inquiry,resolved
5236,415,4263,,48,1,0,return_request,resolved
5237,411,15511,,48,1,0,return_request,in_progress
5238,416,47012,,24,1,0,return_request,resolved
5239,408,48586,8,4,1,0,technical_issue,resolved
5240,408,32312,,2,1,0,return_request,resolved
5241,412,49686,,24,1,0,return_request,resolved
5242,409,24250,,48,1,0,return_request,resolved
5243,416,7957,,24,1,0,return_request,resolved
5244,409,26547,,24,1,0,delivery_problem,resolved
5245,409,41831,,8,1,0,return_request,resolved
5246,417,6750,11,8,1,0,technical_issue,resolved
5247,420,18591,,72,1,1,billing_issue,resolved
5248,422,31791,5,8,1,0,product_inquiry,resolved
5249,411,48063,,8,1,0,return_request,resolved
5250,422,16512,,4,1,0,technical_issue,resolved
5251,413,45944,,4,1,0,return_request,in_progress
5252,412,3686,,8,1,0,return_request,resolved
5253,415,20112,24,2,1,0,technical_issue,resolved
5254,414,1017,,48,1,0,technical_issue,resolved
5255,414,3947,3,48,1,0,technical_issue,resolved
5256,421,43248,3,48,1,0,technical_issue,resolved
5257,418,41175,,24,1,0,return_request,resolved
5258,411,27958,,8,1,0,return_request,resolved
5259,410,38719,,24,1,0,return_request,resolved
5260,419,32337,,72,1,1,return_request,resolved
5261,417,47186,17,8,1,0,technical_issue,resolved
5262,421,24077,,72,1,1,return_request,resolved
5263,412,38500,,72,1,1,return_request,resolved
5264,415,27624,27,48,1,0,technical_issue,in_progress
5265,417,31960,14,48,1,0,return_request,resolved
5266,417,43459,18,48,1,0,technical_issue,resolved
5267,421,7684,,48,1,0,warranty_claim,resolved
5268,423,948,8,24,1,0,product_inquiry,resolved
5269,417,8269,,48,1,0,return_request,resolved
5270,412,8695,,168,1,1,return_request,resolved
5271,410,13673,14,72,1,1,delivery_problem,resolved
5272,413,37613,,72,1,1,return_request,resolved
5273,421,17216,,4,1,0,return_request,pending
5274,421,41635,,24,1,0,return_request,resolved
5275,422,43295,,8,1,0,return_request,resolved
5276,420,42689,,8,1,0,return_request,resolved
5277,415,18323,,8,1,0,technical_issue,resolved
5278,419,29950,,24,1,0,return_request,resolved
5279,415,41755,,8,1,0,return_request,in_progress
5280,411,18819,,48,1,0,return_request,resolved
5281,414,5627,,120,1,1,return_request,in_progress
5282,426,2112,1,2,1,0,delivery_problem,resolved
5283,422,10757,,24,1,0,return_request,resolved
5284,421,20698,18,48,1,0,return_request,pending
5285,412,29019,,120,1,1,return_request,resolved
5286,424,4531,,4,1,0,return_request,resolved
5287,415,23074,,24,1,0,return_request,resolved
5288,412,45898,,24,1,0,delivery_problem,resolved
5289,423,49573,,8,1,0,return_request,in_progress
5290,421,36297,,4,1,0,delivery_problem,resolved
5291,418,42610,,24,1,0,product_inquiry,in_progress
5292,418,7123,,4,1,0,return_request,resolved
5293,422,41567,,8,1,0,return_request,resolved
5294,414,19291,,8,1,0,return_request,resolved
5295,423,32549,,48,1,0,warranty_claim,resolved
5296,415,6988,,24,1,0,return_request,resolved
5297,423,16818,,4,1,0,return_request,resolved
5298,418,38271,,24,1,0,billing_issue,resolved
5299,418,3256,,2,1,0,return_request,resolved
5300,423,41122,13,4,1,0,return_request,resolved
5301,420,33384,,48,1,0,product_inquiry,resolved
5302,416,37261,,8,1,0,return_request,resolved
5303,428,30899,,8,1,0,return_request,resolved
5304,421,7595,,72,1,1,warranty_claim,resolved
5305,415,14491,,120,1,1,return_request,resolved
5306,428,49703,,8,1,0,return_request,resolved
5307,414,9756,,8,1,0,return_request,resolved
5308,415,21792,,2,1,0,return_request,pending
5309,415,32435,,8,1,0,warranty_claim,resolved
5310,424,132,24,72,1,1,return_request,resolved
5311,422,3520,6,120,1,1,warranty_claim,resolved
5312,424,44983,,24,1,0,return_request,resolved
5313,416,11449,,4,1,0,product_inquiry,resolved
5314,416,16461,,24,1,0,return_request,resolved
5315,425,15953,,2,1,0,technical_issue,resolved
5316,429,17821,,120,1,1,return_request,resolved
5317,429,35237,,48,1,0,product_inquiry,pending
5318,417,16738,,24,1,0,return_request,resolved
5319,425,18697,,4,1,0,return_request,resolved
5320,419,40468,,4,1,0,return_request,resolved
5321,422,38428,,8,1,0,return_request,resolved
5322,428,32146,,24,1,0,return_request,resolved
5323,429,48267,,48,1,0,return_request,resolved
5324,427,30990,,8,1,0,return_request,resolved
5325,418,36762,,24,1,0,billing_issue,resolved
5326,420,10292,,8,1,0,return_request,pending
5327,430,5480,,72,1,1,return_request,resolved
5328,418,34411,5,4,1,0,billing_issue,resolved
5329,421,6322,,24,1,0,return_request,in_progress
5330,425,33618,,72,1,1,return_request,pending
5331,417,14782,,4,1,0,return_request,resolved
5332,424,37638,19,48,1,0,billing_issue,resolved
5333,417,43150,,8,1,0,return_request,resolved
5334,418,12288,,4,1,0,return_request,resolved
5335,423,30601,,24,1,0,return_request,resolved
5336,422,1509,11,48,1,0,technical_issue,resolved
5337,418,17491,,2,1,0,return_request,pending
5338,421,36733,,8,1,0,warranty_claim,resolved
5339,425,17054,,168,1,1,return_request,resolved
5340,426,43407,,2,1,0,warranty_claim,pending
5341,428,26121,19,2,1,0,return_request,resolved
5342,425,40969,,4,1,0,return_request,resolved
5343,422,42867,,8,1,0,billing_issue,pending
5344,431,34168,,24,1,0,return_request,resolved
5345,430,11119,,24,1,0,return_request,resolved
5346,431,27182,,24,1,0,return_request,resolved
5347,431,41402,,4,1,0,technical_issue,resolved
5348,419,13102,,24,1,0,return_request,in_progress
5349,425,26212,,48,1,0,return_request,resolved
5350,427,28804,,4,1,0,return_request,resolved
5351,423,15244,2,24,1,0,return_request,in_progress
5352,428,45673,,48,1,0,return_request,resolved
5353,419,16193,8,8,1,0,technical_issue,resolved
5354,431,27980,,4,1,0,return_request,resolved
5355,425,13524,,4,1,0,return_request,resolved
5356,423,28481,,4,1,0,return_request,resolved
5357,420,9878,,120,1,1,return_request,resolved
5358,426,35038,,8,1,0,return_request,in_progress
5359,432,43663,,24,1,0,return_request,resolved
5360,423,20690,,24,1,0,return_request,resolved
5361,425,6049,24,8,1,0,delivery_problem,in_progress
5362,424,28278,,120,1,1,return_request,resolved
5363,426,1909,28,120,1,1,return_request,resolved
5364,422,8228,,4,1,0,technical_issue,resolved
5365,422,14339,,8,1,0,return_request,resolved
5366,423,2484,,8,1,0,return_request,pending
5367,428,42438,,2,1,0,warranty_claim,resolved
5368,422,26871,14,24,1,0,warranty_claim,resolved
5369,430,47931,5,8,1,0,technical_issue,resolved
5370,423,4265,,4,1,0,return_request,resolved
5371,432,38105,,48,1,0,return_request,resolved
5372,426,6669,,48,1,0,return_request,resolved
5373,425,5681,,4,1,0,return_request,resolved
5374,436,28525,,8,1,0,technical_issue,resolved
5375,430,10771,,4,1,0,return_request,resolved
5376,432,39620,,24,1,0,warranty_claim,in_progress
5377,435,49545,,120,1,1,return_request,resolved
5378,431,49517,,24,1,0,return_request,resolved
5379,431,34851,18,4,1,0,return_request,resolved
5380,437,27317,,8,1,0,product_inquiry,resolved
5381,430,35621,,24,1,0,product_inquiry,resolved
5382,433,48461,,4,1,0,return_request,resolved
5383,434,37773,,24,1,0,return_request,resolved
5384,431,32180,,120,1,1,return_request,resolved
5385,427,7060,,8,1,0,return_request,resolved
5386,433,9782,,8,1,0,return_request,in_progress
5387,435,14685,,2,1,0,return_request,resolved
5388,437,31558,,24,1,0,return_request,resolved
5389,425,11850,,24,1,0,technical_issue,resolved
5390,430,36439,3,8,1,0,delivery_problem,resolved
5391,432,1516,,8,1,0,return_request,resolved
5392,438,12920,3,8,1,0,technical_issue,pending
5393,425,9960,26,4,1,0,product_inquiry,resolved
5394,432,2543,,8,1,0,return_request,resolved
5395,429,42635,,72,1,1,return_request,in_progress
5396,429,29910,,8,1,0,technical_issue,in_progress
5397,431,6921,,2,1,0,return_request,resolved
5398,426,34098,,48,1,0,return_request,resolved
5399,429,39069,,2,1,0,return_request,resolved
5400,427,4902,,120,1,1,return_request,resolved
5401,433,29834,,8,1,0,delivery_problem,resolved
5402,428,42074,,8,1,0,return_request,resolved
5403,437,14483,,4,1,0,technical_issue,in_progress
5404,436,25921,,4,1,0,return_request,resolved
5405,428,2939,,168,1,1,return_request,in_progress
5406,434,25380,,8,1,0,return_request,resolved
5407,433,45856,,24,1,0,return_request,resolved
5408,428,43540,,4,1,0,return_request,resolved
5409,438,14077,,72,1,1,return_request,resolved
5410,439,5577,,24,1,0,return_request,resolved
5411,431,13586,22,24,1,0,technical_issue,resolved
5412,428,13993,,4,1,0,delivery_problem,in_progress
5413,431,21509,,48,1,0,return_request,resolved
5414,434,5554,18,24,1,0,return_request,resolved
5415,436,9236,,168,1,1,return_request,resolved
5416,441,8631,4,120,1,1,return_request,resolved
5417,439,37552,,48,1,0,return_request,resolved
5418,434,10248,,48,1,0,return_request,resolved
5419,434,19292,,24,1,0,return_request,pending
5420,435,17931,,24,1,0,return_request,resolved
5421,434,35597,,8,1,0,return_request,resolved
5422,436,46564,,8,1,0,billing_issue,resolved
5423,429,9489,,8,1,0,return_request,resolved
5424,436,25872,,48,1,0,return_request,resolved
5425,438,32768,,8,1,0,product_inquiry,pending
5426,440,12883,,8,1,0,return_request,resolved
5427,433,21531,,8,1,0,return_request,resolved
5428,435,26531,,24,1,0,return_request,resolved
5429,441,30205,,24,1,0,return_request,resolved
5430,432,23012,,8,1,0,return_request,resolved
5431,431,25455,,8,1,0,return_request,resolved
5432,437,46570,,72,1,1,return_request,resolved
5433,440,44378,,2,1,0,return_request,resolved
5434,443,33767,,120,1,1,technical_issue,resolved
5435,431,28484,,8,1,0,return_request,resolved
5436,443,12591,,48,1,0,return_request,resolved
5437,439,41230,,48,1,0,return_request,resolved
5438,436,40837,,120,1,1,delivery_problem,resolved
5439,434,39382,18,48,1,0,delivery_problem,resolved
5440,435,39712,,24,1,0,return_request,resolved
5441,446,37426,,8,1,0,technical_issue,resolved
5442,432,5861,,24,1,0,return_request,resolved
5443,436,37130,,2,1,0,return_request,in_progress
5444,437,44516,,2,1,0,return_request,resolved
5445,433,12074,,4,1,0,return_request,resolved
5446,432,41220,,8,1,0,return_request,resolved
5447,433,45053,,8,1,0,return_request,resolved
5448,445,45947,,168,1,1,return_request,resolved
5449,440,8774,,8,1,0,return_request,resolved
5450,433,37114,,48,1,0,return_request,in_progress
5451,446,39532,,24,1,0,delivery_problem,resolved
5452,442,23173,,4,1,0,billing_issue,resolved
5453,437,13044,,168,1,1,return_request,in_progress
5454,435,34871,,120,1,1,return_request,resolved
5455,441,22977,,48,1,0,product_inquiry,resolved
5456,444,44020,,2,1,0,return_request,resolved
5457,439,7504,,4,1,0,billing_issue,resolved
5458,447,17483,,48,1,0,return_request,resolved
5459,439,10445,,48,1,0,return_request,resolved
5460,446,19270,,72,1,1,return_request,resolved
5461,447,17409,,8,1,0,product_inquiry,resolved
5462,435,16150,,8,1,0,warranty_claim,pending
5463,443,32542,,24,1,0,return_request,resolved
5464,438,20530,,8,1,0,return_request,resolved
5465,446,2788,,72,1,1,return_request,resolved
5466,439,36724,,4,1,0,return_request,pending
5467,435,15624,,8,1,0,return_request,pending
5468,447,33436,,4,1,0,return_request,resolved
5469,438,18027,,24,1,0,return_request,resolved
5470,443,36804,,120,1,1,return_request,resolved
5471,446,32938,,4,1,0,return_request,resolved
5472,450,18362,,4,1,0,product_inquiry,resolved
5473,447,38710,,8,1,0,return_request,resolved
5474,439,10265,,4,1,0,return_request,resolved
5475,449,6134,,168,1,1,return_request,resolved
5476,447,3859,,72,1,1,return_request,pending
5477,444,26173,,4,1,0,return_request,resolved
5478,437,42224,,24,1,0,return_request,resolved
5479,447,8945,,8,1,0,return_request,resolved
5480,449,18029,20,48,1,0,technical_issue,resolved
5481,436,19246,,2,1,0,return_request,resolved
5482,449,11379,,8,1,0,delivery_problem,resolved
5483,439,6019,4,2,1,0,return_request,resolved
5484,438,43390,,4,1,0,delivery_problem,resolved
5485,448,30415,,2,1,0,return_request,resolved
5486,437,45683,,72,1,1,return_request,resolved
5487,441,15963,15,8,1,0,product_inquiry,resolved
5488,450,21840,,24,1,0,return_request,resolved
5489,448,41102,26,2,1,0,technical_issue,resolved
5490,437,45577,5,48,1,0,delivery_problem,resolved
5491,448,33257,23,24,1,0,warranty_claim,resolved
5492,446,42522,21,48,1,0,return_request,resolved
5493,443,27134,,48,1,0,return_request,resolved
5494,449,37948,,168,1,1,return_request,resolved
5495,439,38629,,168,1,1,technical_issue,resolved
5496,437,23073,,120,1,1,product_inquiry,pending
5497,452,33168,,24,1,0,delivery_problem,resolved
5498,441,24287,,4,1,0,return_request,resolved
5499,442,15687,,24,1,0,return_request,resolved
5500,448,49662,,72,1,1,return_request,resolved
5501,442,18854,,120,1,1,return_request,resolved
5502,438,22255,,24,1,0,return_request,resolved
5503,448,47625,22,48,1,0,warranty_claim,resolved
5504,448,34024,,4,1,0,return_request,resolved
5505,449,47921,,48,1,0,return_request,resolved
5506,446,49515,,8,1,0,return_request,pending
5507,438,39130,,120,1,1,return_request,resolved
5508,444,24220,,120,1,1,billing_issue,resolved
5509,447,18741,,4,1,0,return_request,in_progress
5510,453,38654,2,48,1,0,return_request,resolved
5511,448,47792,,4,1,0,return_request,resolved
5512,439,11842,,24,1,0,return_request,resolved
5513,443,21853,,8,1,0,return_request,resolved
5514,448,41421,,72,1,1,technical_issue,resolved
5515,441,15109,,24,1,0,return_request,resolved
5516,445,25841,,2,1,0,return_request,resolved
5517,443,7354,7,48,1,0,billing_issue,in_progress
5518,442,33886,16,4,1,0,technical_issue,resolved
5519,453,3571,,4,1,0,warranty_claim,resolved
5520,453,2211,,48,1,0,return_request,resolved
5521,441,1208,,24,1,0,return_request,resolved
5522,442,11028,,4,1,0,return_request,resolved
5523,449,41781,27,48,1,0,technical_issue,resolved
5524,440,17767,,8,1,0,return_request,resolved
5525,454,35925,,24,1,0,return_request,resolved
5526,448,29525,11,24,1,0,technical_issue,resolved
5527,441,17527,17,24,1,0,delivery_problem,resolved
5528,441,38014,,2,1,0,technical_issue,resolved
5529,450,31700,25,8,1,0,technical_issue,in_progress
5530,452,32207,,8,1,0,return_request,resolved
5531,450,15536,,48,1,0,return_request,resolved
5532,445,41976,,2,1,0,billing_issue,resolved
5533,454,17259,,8,1,0,return_request,resolved
5534,444,6889,,120,1,1,return_request,resolved
5535,445,37106,,168,1,1,return_request,resolved
5536,447,4485,21,48,1,0,product_inquiry,resolved
5537,455,23432,,8,1,0,return_request,resolved
5538,448,47586,,120,1,1,product_inquiry,resolved
5539,456,36075,,48,1,0,return_request,resolved
5540,444,14187,6,8,1,0,product_inquiry,resolved
5541,454,19011,,8,1,0,delivery_problem,resolved
5542,451,45374,,24,1,0,technical_issue,resolved
5543,452,10800,,72,1,1,return_request,resolved
5544,443,2983,,24,1,0,return_request,in_progress
5545,444,19127,,2,1,0,return_request,resolved
5546,450,21736,,168,1,1,return_request,resolved
5547,446,12916,11,48,1,0,billing_issue,resolved
5548,454,48300,,24,1,0,return_request,resolved
5549,449,25,,24,1,0,billing_issue,resolved
5550,452,46712,,24,1,0,return_request,resolved
5551,457,23494,,24,1,0,technical_issue,resolved
5552,454,34502,,8,1,0,return_request,resolved
5553,454,39833,,2,1,0,product_inquiry,resolved
5554,448,48712,,8,1,0,technical_issue,resolved
5555,449,17230,,8,1,0,technical_issue,resolved
5556,446,26061,15,4,1,0,technical_issue,resolved
5557,445,9814,,8,1,0,return_request,resolved
5558,448,15334,,48,1,0,technical_issue,resolved
5559,450,36326,,48,1,0,return_request,resolved
5560,453,18292,,24,1,0,return_request,resolved
5561,450,21225,,24,1,0,technical_issue,resolved
5562,456,38314,,2,1,0,return_request,resolved
5563,450,23554,,24,1,0,return_request,resolved
5564,455,13552,,8,1,0,warranty_claim,resolved
5565,447,33134,,2,1,0,return_request,resolved
5566,448,47555,,120,1,1,return_request,resolved
5567,447,46718,5,4,1,0,technical_issue,resolved
5568,448,3265,23,4,1,0,billing_issue,resolved
5569,445,20908,,48,1,0,return_request,resolved
5570,458,18903,,24,1,0,return_request,resolved
5571,446,22275,,24,1,0,return_request,resolved
5572,450,13367,,24,1,0,return_request,resolved
5573,456,16823,,48,1,0,return_request,resolved
5574,448,7918,,8,1,0,return_request,resolved
5575,458,27188,,2,1,0,return_request,resolved
5576,446,39544,,24,1,0,return_request,pending
5577,455,3175,,48,1,0,return_request,resolved
5578,453,3657,9,8,1,0,return_request,resolved
5579,448,3984,,4,1,0,delivery_problem,in_progress
5580,449,19142,,48,1,0,return_request,resolved
5581,447,43473,16,2,1,0,delivery_problem,resolved
5582,448,30857,23,48,1,0,technical_issue,resolved
5583,447,10354,,48,1,0,return_request,in_progress
5584,451,14127,,4,1,0,return_request,resolved
5585,452,29434,,24,1,0,return_request,in_progress
5586,448,4185,,72,1,1,return_request,resolved
5587,456,30380,,168,1,1,return_request,resolved
5588,453,41147,,4,1,0,return_request,resolved
5589,454,29598,,8,1,0,product_inquiry,resolved
5590,459,42457,,24,1,0,delivery_problem,resolved
5591,453,13047,20,8,1,0,delivery_problem,resolved
5592,449,10361,,8,1,0,return_request,resolved
5593,447,48666,,2,1,0,delivery_problem,in_progress
5594,454,29877,17,8,1,0,billing_issue,resolved
5595,458,2689,,8,1,0,product_inquiry,resolved
5596,454,33555,13,24,1,0,billing_issue,pending
5597,460,44754,27,8,1,0,technical_issue,resolved
5598,462,35785,,4,1,0,return_request,resolved
5599,455,13261,,4,1,0,return_request,resolved
5600,458,644,,24,1,0,return_request,resolved
5601,452,36281,,2,1,0,return_request,resolved
5602,460,33226,3,4,1,0,delivery_problem,resolved
5603,449,30265,13,2,1,0,technical_issue,resolved
5604,460,3716,,24,1,0,return_request,resolved
5605,455,20678,,4,1,0,return_request,resolved
5606,452,17990,24,8,1,0,delivery_problem,pending
5607,461,7264,,24,1,0,return_request,resolved
5608,449,3286,,48,1,0,return_request,resolved
5609,456,42227,,120,1,1,return_request,resolved
5610,452,14805,,8,1,0,return_request,resolved
5611,453,32235,,24,1,0,return_request,resolved
5612,457,7460,,8,1,0,return_request,resolved
5613,459,47499,,120,1,1,return_request,resolved
5614,452,2971,10,24,1,0,technical_issue,resolved
5615,462,31039,,2,1,0,technical_issue,resolved
5616,454,10783,,4,1,0,return_request,resolved
5617,462,22523,7,4,1,0,technical_issue,resolved
5618,462,44583,,120,1,1,return_request,resolved
5619,457,38880,,24,1,0,return_request,resolved
5620,456,23228,15,4,1,0,technical_issue,resolved
5621,453,8618,,72,1,1,return_request,resolved
5622,462,47271,,8,1,0,return_request,resolved
5623,456,11186,,72,1,1,return_request,resolved
5624,451,41156,,4,1,0,return_request,resolved
5625,464,25777,,48,1,0,return_request,resolved
5626,458,13162,,48,1,0,return_request,pending
5627,459,8153,,48,1,0,return_request,resolved
5628,453,13499,,120,1,1,return_request,resolved
5629,463,36297,,2,1,0,return_request,resolved
5630,454,5677,,4,1,0,return_request,in_progress
5631,460,37820,,48,1,0,delivery_problem,resolved
5632,452,31751,,8,1,0,return_request,pending
5633,458,14667,,120,1,1,delivery_problem,resolved
5634,457,33490,,48,1,0,return_request,resolved
5635,456,3292,,4,1,0,delivery_problem,resolved
5636,459,45852,10,2,1,0,technical_issue,resolved
5637,454,24396,,4,1,0,return_request,resolved
5638,459,17052,,24,1,0,return_request,pending
5639,453,5793,,24,1,0,technical_issue,resolved
5640,465,6056,,24,1,0,return_request,in_progress
5641,465,37614,4,48,1,0,return_request,resolved
5642,462,33688,,4,1,0,return_request,resolved
5643,460,28426,,4,1,0,billing_issue,resolved
5644,452,6046,,24,1,0,warranty_claim,resolved
5645,466,1173,,24,1,0,return_request,resolved
5646,457,22094,24,4,1,0,product_inquiry,resolved
5647,453,23255,,48,1,0,return_request,resolved
5648,457,8464,,4,1,0,return_request,resolved
5649,464,32276,,4,1,0,technical_issue,resolved
5650,461,7314,,24,1,0,return_request,resolved
5651,454,18278,,24,1,0,return_request,pending
5652,467,28493,11,8,1,0,delivery_problem,in_progress
5653,457,37616,,4,1,0,return_request,resolved
5654,459,32713,,2,1,0,return_request,resolved
5655,458,40074,,24,1,0,return_request,resolved
5656,466,7011,,24,1,0,technical_issue,in_progress
5657,457,9013,6,4,1,0,delivery_problem,resolved
5658,462,47602,,72,1,1,return_request,resolved
5659,464,10297,,8,1,0,return_request,pending
5660,462,38038,,72,1,1,return_request,pending
5661,456,12624,,120,1,1,return_request,resolved
5662,468,12671,12,4,1,0,billing_issue,resolved
5663,459,29779,,48,1,0,return_request,resolved
5664,458,10220,,48,1,0,return_request,resolved
5665,458,32880,,8,1,0,return_request,pending
5666,457,5002,,120,1,1,return_request,resolved
5667,466,5128,4,2,1,0,delivery_problem,resolved
5668,457,47742,,8,1,0,return_request,resolved
5669,462,35754,22,8,1,0,product_inquiry,pending
5670,467,46568,15,2,1,0,technical_issue,resolved
5671,458,20820,,8,1,0,technical_issue,resolved
5672,469,35392,,24,1,0,return_request,resolved
5673,460,19564,,2,1,0,return_request,resolved
5674,458,31669,,2,1,0,technical_issue,resolved
5675,470,45938,,8,1,0,return_request,resolved
5676,459,22908,,48,1,0,return_request,resolved
5677,459,22143,,4,1,0,return_request,resolved
5678,469,48554,,8,1,0,return_request,resolved
5679,469,17356,,2,1,0,return_request,resolved
5680,460,21649,,72,1,1,return_request,resolved
5681,468,33654,,168,1,1,return_request,resolved
5682,462,14767,,4,1,0,return_request,resolved
5683,463,18852,,48,1,0,return_request,resolved
5684,465,35853,,48,1,0,delivery_problem,resolved
5685,460,23499,,2,1,0,billing_issue,resolved
5686,465,2470,,4,1,0,return_request,resolved
5687,461,21003,,2,1,0,billing_issue,resolved
5688,464,4326,,8,1,0,product_inquiry,resolved
5689,462,24094,,8,1,0,return_request,resolved
5690,460,30433,,2,1,0,return_request,resolved
5691,466,40611,,24,1,0,return_request,resolved
5692,467,41014,,8,1,0,return_request,resolved
5693,464,6831,,8,1,0,return_request,resolved
5694,469,32661,,24,1,0,return_request,resolved
5695,469,47438,,8,1,0,return_request,resolved
5696,473,23149,13,72,1,1,delivery_problem,resolved
5697,471,9598,,8,1,0,warranty_claim,resolved
5698,473,13623,,8,1,0,return_request,resolved
5699,464,3775,10,48,1,0,technical_issue,resolved
5700,464,41974,,48,1,0,product_inquiry,resolved
5701,462,21128,,24,1,0,return_request,resolved
5702,465,47219,11,48,1,0,warranty_claim,resolved
5703,466,31559,,24,1,0,billing_issue,resolved
5704,460,48160,,48,1,0,product_inquiry,resolved
5705,464,19410,,24,1,0,product_inquiry,resolved
5706,470,4816,,4,1,0,warranty_claim,resolved
5707,470,35444,1,48,1,0,billing_issue,resolved
5708,467,9376,,48,1,0,return_request,resolved
5709,466,16534,,72,1,1,return_request,resolved
5710,466,44485,,4,1,0,return_request,resolved
5711,467,44333,,4,1,0,technical_issue,resolved
5712,469,3270,27,8,1,0,technical_issue,resolved
5713,468,49142,,48,1,0,return_request,resolved
5714,471,12713,,8,1,0,return_request,resolved
5715,461,43122,27,24,1,0,warranty_claim,resolved
5716,469,20548,,48,1,0,technical_issue,resolved
5717,465,15581,,48,1,0,technical_issue,resolved
5718,461,909,,24,1,0,technical_issue,resolved
5719,465,528,,48,1,0,return_request,resolved
5720,469,13444,,4,1,0,delivery_problem,resolved
5721,462,11687,,8,1,0,delivery_problem,resolved
5722,470,7309,,8,1,0,delivery_problem,resolved
5723,466,6146,,72,1,1,return_request,resolved
5724,473,31971,,4,1,0,delivery_problem,resolved
5725,468,47613,,8,1,0,return_request,resolved
5726,467,1390,,8,1,0,return_request,resolved
5727,463,46438,,24,1,0,return_request,resolved
5728,473,3831,,4,1,0,return_request,resolved
5729,476,3209,,8,1,0,return_request,resolved
5730,465,15762,,24,1,0,warranty_claim,resolved
5731,466,40859,,48,1,0,return_request,resolved
5732,466,25908,,4,1,0,warranty_claim,resolved
5733,465,37272,,48,1,0,return_request,in_progress
5734,476,46769,,8,1,0,return_request,resolved
5735,473,25329,,24,1,0,return_request,resolved
5736,471,5678,,48,1,0,return_request,resolved
5737,474,3886,,48,1,0,technical_issue,resolved
5738,467,10951,,8,1,0,billing_issue,resolved
5739,470,17071,,4,1,0,return_request,resolved
5740,471,7185,,120,1,1,return_request,resolved
5741,464,2233,,4,1,0,return_request,in_progress
5742,475,13506,,4,1,0,return_request,resolved
5743,470,2040,,72,1,1,technical_issue,resolved
5744,466,26720,,4,1,0,return_request,resolved
5745,473,135,,8,1,0,return_request,resolved
5746,473,29822,,8,1,0,return_request,resolved
5747,465,16299,,48,1,0,delivery_problem,resolved
5748,470,44036,,72,1,1,return_request,resolved
5749,464,29808,,48,1,0,return_request,resolved
5750,477,28197,19,8,1,0,technical_issue,resolved
5751,465,28488,13,4,1,0,return_request,resolved
5752,474,18291,14,24,1,0,return_request,resolved
5753,468,18771,,24,1,0,billing_issue,resolved
5754,478,21595,,24,1,0,return_request,resolved
5755,475,33258,,2,1,0,return_request,resolved
5756,469,18386,,8,1,0,return_request,pending
5757,474,31072,,24,1,0,delivery_problem,resolved
5758,469,25369,,24,1,0,technical_issue,in_progress
5759,478,32262,,8,1,0,return_request,in_progress
5760,480,8510,,8,1,0,return_request,resolved
5761,479,25803,,24,1,0,return_request,resolved
5762,468,48041,23,120,1,1,product_inquiry,resolved
5763,466,30946,,120,1,1,return_request,pending
5764,472,46453,,24,1,0,return_request,resolved
5765,477,12975,,24,1,0,return_request,resolved
5766,474,6487,25,120,1,1,billing_issue,resolved
5767,478,46904,,120,1,1,return_request,resolved
5768,468,22364,,24,1,0,delivery_problem,resolved
5769,480,12778,,2,1,0,return_request,resolved
5770,480,30202,,8,1,0,technical_issue,pending
5771,467,17649,23,72,1,1,technical_issue,resolved
5772,480,33281,,24,1,0,return_request,resolved
5773,478,6615,,48,1,0,return_request,resolved
5774,468,20076,,8,1,0,return_request,resolved
5775,470,13117,,24,1,0,return_request,resolved
5776,473,45701,,4,1,0,technical_issue,resolved
5777,468,40038,3,48,1,0,product_inquiry,resolved
5778,477,29063,,8,1,0,return_request,resolved
5779,482,23650,,8,1,0,technical_issue,resolved
5780,474,10581,,4,1,0,return_request,resolved
5781,476,23350,,8,1,0,return_request,resolved
5782,477,12797,9,72,1,1,technical_issue,resolved
5783,475,11692,,8,1,0,return_request,pending
5784,473,1659,3,8,1,0,technical_issue,resolved
5785,477,47990,,24,1,0,return_request,resolved
5786,482,29669,,24,1,0,return_request,pending
5787,482,35986,,2,1,0,return_request,resolved
5788,480,38863,,8,1,0,warranty_claim,resolved
5789,483,33637,,2,1,0,return_request,resolved
5790,473,18385,,72,1,1,delivery_problem,resolved
5791,481,15190,,2,1,0,return_request,resolved
5792,475,28341,,2,1,0,return_request,resolved
5793,476,44643,,8,1,0,return_request,resolved
5794,472,32210,,120,1,1,return_request,resolved
5795,484,18511,,168,1,1,warranty_claim,resolved
5796,483,18612,27,4,1,0,delivery_problem,resolved
5797,480,10230,,8,1,0,return_request,resolved
5798,478,36392,,8,1,0,return_request,resolved
5799,476,27867,,168,1,1,return_request,pending
5800,479,1312,,24,1,0,return_request,resolved
5801,472,21597,,72,1,1,billing_issue,resolved
5802,481,1922,10,8,1,0,delivery_problem,resolved
5803,479,14614,,8,1,0,return_request,resolved
5804,477,1350,,24,1,0,return_request,pending
5805,470,19656,,48,1,0,delivery_problem,resolved
5806,479,34126,,8,1,0,delivery_problem,resolved
5807,477,9012,,48,1,0,return_request,resolved
5808,484,13380,,168,1,1,return_request,resolved
5809,483,34882,,2,1,0,return_request,resolved
5810,478,8197,,4,1,0,return_request,resolved
5811,479,19142,,8,1,0,return_request,resolved
5812,476,752,,4,1,0,return_request,resolved
5813,474,15499,22,24,1,0,technical_issue,resolved
5814,475,13008,,8,1,0,billing_issue,in_progress
5815,474,27416,,4,1,0,return_request,pending
5816,476,23950,,4,1,0,return_request,resolved
5817,480,30928,6,24,1,0,technical_issue,resolved
5818,479,49652,,2,1,0,return_request,pending
5819,479,32250,,2,1,0,return_request,in_progress
5820,480,21150,16,24,1,0,product_inquiry,pending
5821,485,19045,,8,1,0,return_request,resolved
5822,479,10661,,8,1,0,return_request,resolved
5823,484,24151,,120,1,1,return_request,resolved
5824,482,28921,,72,1,1,return_request,in_progress
5825,476,19428,,2,1,0,return_request,resolved
5826,484,39697,,48,1,0,return_request,resolved
5827,483,32618,,24,1,0,return_request,resolved
5828,472,19281,,2,1,0,technical_issue,resolved
5829,473,13064,,24,1,0,warranty_claim,resolved
5830,480,40871,,8,1,0,return_request,resolved
5831,479,9964,,24,1,0,return_request,resolved
5832,481,19313,,8,1,0,return_request,resolved
5833,485,23917,,8,1,0,return_request,resolved
5834,485,23886,,72,1,1,return_request,resolved
5835,479,35872,,4,1,0,return_request,pending
5836,479,45708,,2,1,0,return_request,resolved
5837,476,35520,,72,1,1,return_request,resolved
5838,486,35680,,2,1,0,return_request,resolved
5839,481,39101,,2,1,0,return_request,resolved
5840,486,2969,,24,1,0,technical_issue,resolved
5841,485,36268,25,2,1,0,technical_issue,resolved
5842,486,14695,21,120,1,1,technical_issue,resolved
5843,480,40580,,4,1,0,billing_issue,resolved
5844,484,45087,,8,1,0,return_request,resolved
5845,484,18175,,24,1,0,return_request,resolved
5846,485,15413,,4,1,0,return_request,resolved
5847,484,43023,,4,1,0,return_request,resolved
5848,483,36833,,2,1,0,return_request,resolved
5849,475,29662,,24,1,0,return_request,in_progress
5850,488,25510,,8,1,0,return_request,resolved
5851,478,22622,,48,1,0,return_request,in_progress
5852,474,25864,,24,1,0,return_request,resolved
5853,477,8610,,24,1,0,return_request,resolved
5854,489,17970,,2,1,0,return_request,resolved
5855,475,3870,,24,1,0,product_inquiry,resolved
5856,488,47556,,4,1,0,return_request,in_progress
5857,484,4468,,48,1,0,return_request,resolved
5858,485,48822,,48,1,0,return_request,resolved
5859,476,38247,,48,1,0,return_request,resolved
5860,484,1136,,24,1,0,return_request,resolved
5861,482,14602,10,24,1,0,warranty_claim,resolved
5862,477,9085,,48,1,0,technical_issue,resolved
5863,483,48321,,8,1,0,billing_issue,resolved
5864,486,25900,,8,1,0,return_request,resolved
5865,487,27065,17,48,1,0,billing_issue,resolved
5866,479,44300,,2,1,0,technical_issue,resolved
5867,490,20208,,24,1,0,warranty_claim,resolved
5868,476,17551,,8,1,0,return_request,resolved
5869,480,24368,,120,1,1,return_request,resolved
5870,491,18186,,8,1,0,billing_issue,resolved
5871,489,35278,11,8,1,0,delivery_problem,resolved
5872,478,23334,,24,1,0,return_request,resolved
5873,480,25717,,4,1,0,return_request,resolved
5874,488,21138,,4,1,0,billing_issue,in_progress
5875,492,34549,,72,1,1,return_request,resolved
5876,488,13253,10,72,1,1,billing_issue,pending
5877,480,23337,,72,1,1,return_request,in_progress
5878,488,30411,,24,1,0,product_inquiry,resolved
5879,486,9316,,24,1,0,return_request,resolved
5880,482,37974,,8,1,0,return_request,resolved
5881,479,49748,1,24,1,0,billing_issue,resolved
5882,489,33265,,8,1,0,return_request,resolved
5883,487,45425,,8,1,0,return_request,resolved
5884,487,8021,,48,1,0,return_request,resolved
5885,483,43933,,48,1,0,return_request,resolved
5886,493,12157,,120,1,1,return_request,resolved
5887,481,30989,,4,1,0,technical_issue,resolved
5888,487,13127,,48,1,0,return_request,resolved
5889,479,31875,,8,1,0,return_request,resolved
5890,488,10629,,24,1,0,return_request,resolved
5891,480,10397,,24,1,0,delivery_problem,resolved
5892,486,47489,,48,1,0,return_request,resolved
5893,486,37106,,48,1,0,return_request,pending
5894,489,37463,,48,1,0,delivery_problem,resolved
5895,488,28702,,24,1,0,warranty_claim,resolved
5896,490,29297,,8,1,0,return_request,resolved
5897,493,22663,,8,1,0,technical_issue,resolved
5898,490,16316,,4,1,0,return_request,pending
5899,483,15837,,24,1,0,warranty_claim,resolved
5900,481,38560,,4,1,0,return_request,resolved
5901,492,4735,,2,1,0,return_request,resolved
5902,491,18219,27,2,1,0,billing_issue,resolved
5903,488,19833,12,2,1,0,return_request,resolved
5904,484,46454,,4,1,0,warranty_claim,resolved
5905,481,32643,3,8,1,0,product_inquiry,resolved
5906,486,17525,,8,1,0,return_request,resolved
5907,491,49501,,24,1,0,return_request,resolved
5908,481,21100,,8,1,0,technical_issue,resolved
5909,495,5218,,48,1,0,return_request,resolved
5910,482,25586,10,4,1,0,delivery_problem,resolved
5911,482,38820,,24,1,0,return_request,resolved
5912,486,12899,,120,1,1,return_request,resolved
5913,488,19536,11,24,1,0,billing_issue,resolved
5914,493,6023,,24,1,0,return_request,in_progress
5915,492,1438,,8,1,0,return_request,resolved
5916,492,8044,,48,1,0,return_request,resolved
5917,496,36078,,8,1,0,return_request,resolved
5918,494,18011,,4,1,0,return_request,resolved
5919,483,38418,,72,1,1,return_request,resolved
5920,486,46378,,24,1,0,return_request,resolved
5921,488,8578,1,8,1,0,technical_issue,resolved
5922,489,16381,,2,1,0,return_request,resolved
5923,483,3245,,48,1,0,warranty_claim,resolved
5924,487,41663,,72,1,1,return_request,resolved
5925,495,5029,,24,1,0,return_request,resolved
5926,493,44660,,8,1,0,return_request,resolved
5927,497,47609,,72,1,1,return_request,resolved
5928,483,41110,,2,1,0,return_request,in_progress
5929,490,22774,13,2,1,0,billing_issue,resolved
5930,497,47537,,4,1,0,return_request,resolved
5931,493,20856,,24,1,0,return_request,resolved
5932,494,27707,,24,1,0,return_request,resolved
5933,497,803,,8,1,0,return_request,resolved
5934,492,11101,,8,1,0,return_request,resolved
5935,484,11586,,48,1,0,return_request,in_progress
5936,498,33850,,48,1,0,delivery_problem,in_progress
5937,485,29648,,8,1,0,technical_issue,resolved
5938,497,6920,,24,1,0,return_request,resolved
5939,488,18872,,24,1,0,return_request,resolved
5940,486,26403,,4,1,0,return_request,resolved
5941,494,43082,,48,1,0,return_request,resolved
5942,485,4688,,48,1,0,return_request,resolved
5943,499,4230,,2,1,0,return_request,resolved
5944,488,39421,,8,1,0,return_request,resolved
5945,489,29416,21,8,1,0,billing_issue,resolved
5946,496,7513,22,8,1,0,warranty_claim,resolved
5947,491,7727,,24,1,0,return_request,resolved
5948,495,450,,4,1,0,return_request,resolved
5949,499,11639,,8,1,0,billing_issue,resolved
5950,499,16258,,24,1,0,return_request,in_progress
5951,497,20786,,8,1,0,warranty_claim,pending
5952,491,217,,72,1,1,return_request,resolved
5953,495,31177,,2,1,0,return_request,in_progress
5954,500,21346,,2,1,0,return_request,resolved
5955,499,23514,,72,1,1,return_request,resolved
5956,499,7738,,2,1,0,return_request,resolved
5957,488,3532,,24,1,0,return_request,resolved
5958,496,35098,,48,1,0,return_request,resolved
5959,495,49711,,8,1,0,return_request,in_progress
5960,491,1586,,2,1,0,return_request,pending
5961,489,48898,,48,1,0,return_request,resolved
5962,495,44933,,24,1,0,return_request,resolved
5963,489,29001,12,24,1,0,return_request,resolved
5964,487,1749,,48,1,0,return_request,resolved
5965,489,41450,,2,1,0,return_request,resolved
5966,489,21666,,24,1,0,technical_issue,resolved
5967,497,29633,1,72,1,1,billing_issue,resolved
5968,487,42127,,8,1,0,return_request,resolved
5969,496,2923,,4,1,0,return_request,resolved
5970,488,24712,8,4,1,0,product_inquiry,in_progress
5971,487,41794,,72,1,1,return_request,in_progress
5972,494,41878,,8,1,0,return_request,resolved
5973,500,17452,,48,1,0,return_request,resolved
5974,498,33173,,48,1,0,return_request,resolved
5975,495,21489,,4,1,0,return_request,resolved
5976,492,23874,,4,1,0,return_request,resolved
5977,495,18969,,120,1,1,return_request,resolved
5978,489,44621,,24,1,0,technical_issue,resolved
5979,495,6474,,4,1,0,return_request,pending
5980,494,17695,,8,1,0,return_request,resolved
5981,496,37218,8,4,1,0,return_request,pending
5982,489,14027,,24,1,0,return_request,resolved
5983,490,9057,,24,1,0,technical_issue,resolved
5984,493,4278,,8,1,0,return_request,resolved
5985,490,11514,,48,1,0,return_request,resolved
5986,491,9617,,4,1,0,return_request,resolved
5987,495,8175,,8,1,0,return_request,resolved
5988,500,25304,,168,1,1,technical_issue,resolved
5989,489,33324,,4,1,0,technical_issue,resolved
5990,501,23251,,48,1,0,return_request,resolved
5991,500,25760,,4,1,0,technical_issue,resolved
5992,495,46730,,8,1,0,return_request,in_progress
5993,498,8560,,8,1,0,return_request,resolved
5994,497,23334,,2,1,0,return_request,resolved
5995,495,36457,,8,1,0,return_request,resolved
5996,499,37428,,24,1,0,return_request,resolved
5997,491,40973,1,8,1,0,return_request,resolved
5998,500,49304,,4,1,0,return_request,resolved
5999,499,42089,,4,1,0,technical_issue,resolved
6000,497,42884,,2,1,0,return_request,resolved
6001,501,39437,,48,1,0,return_request,resolved
6002,495,11013,17,24,1,0,technical_issue,resolved
6003,497,40755,,48,1,0,technical_issue,resolved
6004,503,1409,,72,1,1,return_request,resolved
6005,497,22461,,48,1,0,return_request,resolved
6006,504,19893,,4,1,0,return_request,pending
6007,493,880,,8,1,0,return_request,resolved
6008,504,9313,,24,1,0,return_request,resolved
6009,503,16439,,48,1,0,return_request,resolved
6010,497,23611,,48,1,0,return_request,resolved
6011,503,4407,,24,1,0,return_request,resolved
6012,493,47431,,72,1,1,return_request,resolved
6013,494,4944,6,8,1,0,warranty_claim,resolved
6014,497,48633,,48,1,0,return_request,resolved
6015,499,44260,,2,1,0,return_request,resolved
6016,496,28924,,48,1,0,return_request,resolved
6017,507,24329,9,4,1,0,billing_issue,pending
6018,498,24181,,2,1,0,technical_issue,resolved
6019,497,40125,,24,1,0,return_request,resolved
6020,498,10368,,48,1,0,warranty_claim,resolved
6021,503,27808,,24,1,0,return_request,resolved
6022,493,40937,,24,1,0,return_request,resolved
6023,502,19598,,24,1,0,delivery_problem,resolved
6024,500,33824,,2,1,0,return_request,resolved
6025,496,47098,,8,1,0,technical_issue,resolved
6026,506,11986,2,24,1,0,billing_issue,resolved
6027,499,37878,,48,1,0,return_request,resolved
6028,506,3876,,48,1,0,return_request,resolved
6029,495,3063,,8,1,0,return_request,resolved
6030,502,7330,,24,1,0,product_inquiry,resolved
6031,501,21407,,8,1,0,return_request,resolved
6032,508,4390,,24,1,0,return_request,resolved
6033,501,18482,,4,1,0,technical_issue,resolved
6034,508,32260,,24,1,0,return_request,resolved
6035,503,30665,2,24,1,0,billing_issue,resolved
6036,508,29209,,4,1,0,return_request,resolved
6037,505,38184,,24,1,0,return_request,resolved
6038,506,6834,,24,1,0,return_request,resolved
6039,497,43850,,4,1,0,delivery_problem,resolved
6040,501,22123,,4,1,0,return_request,resolved
6041,502,33401,,120,1,1,return_request,in_progress
6042,501,40122,,8,1,0,return_request,resolved
6043,497,46738,,48,1,0,return_request,resolved
6044,506,1754,,4,1,0,delivery_problem,resolved
6045,495,48775,,48,1,0,return_request,resolved
6046,504,38163,6,24,1,0,warranty_claim,resolved
6047,503,9076,1,4,1,0,technical_issue,resolved
6048,496,8169,,2,1,0,warranty_claim,resolved
6049,503,36608,,120,1,1,return_request,resolved
6050,500,37846,,4,1,0,return_request,resolved
6051,500,27966,,24,1,0,return_request,in_progress
6052,499,39740,17,8,1,0,billing_issue,resolved
6053,501,41724,,24,1,0,return_request,resolved
6054,498,23412,,24,1,0,return_request,resolved
6055,507,25636,,2,1,0,return_request,resolved
6056,504,13479,1,24,1,0,billing_issue,resolved
6057,510,29699,11,8,1,0,return_request,resolved
6058,509,29725,,4,1,0,return_request,resolved
6059,496,15146,,8,1,0,billing_issue,resolved
6060,505,25277,,24,1,0,technical_issue,resolved
6061,503,1151,,120,1,1,return_request,resolved
6062,502,20629,27,8,1,0,product_inquiry,resolved
6063,498,43776,,120,1,1,return_request,in_progress
6064,503,7883,,24,1,0,return_request,in_progress
6065,504,45564,,8,1,0,return_request,resolved
6066,510,38320,,48,1,0,return_request,resolved
6067,503,40092,,4,1,0,return_request,resolved
6068,501,39955,,8,1,0,return_request,resolved
6069,505,44986,,48,1,0,return_request,resolved
6070,504,18062,,4,1,0,return_request,in_progress
6071,511,13413,,8,1,0,return_request,resolved
6072,511,3143,28,8,1,0,technical_issue,resolved
6073,507,38429,,24,1,0,return_request,resolved
6074,504,46013,,48,1,0,return_request,pending
6075,498,19142,,8,1,0,return_request,resolved
6076,508,27660,,48,1,0,return_request,resolved
6077,498,21080,20,8,1,0,product_inquiry,resolved
6078,505,38930,,48,1,0,return_request,resolved
6079,509,25744,,48,1,0,return_request,in_progress
6080,507,2991,,4,1,0,return_request,resolved
6081,501,46586,,24,1,0,return_request,resolved
6082,505,47776,11,24,1,0,technical_issue,pending
6083,499,42258,,48,1,0,return_request,resolved
6084,510,4405,,24,1,0,return_request,resolved
6085,503,14678,,24,1,0,delivery_problem,resolved
6086,498,1590,,2,1,0,return_request,pending
6087,503,2092,,8,1,0,delivery_problem,in_progress
6088,511,37671,,4,1,0,return_request,resolved
6089,503,41899,,24,1,0,return_request,resolved
6090,501,32985,,72,1,1,return_request,resolved
6091,508,9086,,24,1,0,return_request,resolved
6092,503,32887,,4,1,0,technical_issue,resolved
6093,509,17172,,48,1,0,return_request,resolved
6094,504,43077,,24,1,0,delivery_problem,resolved
6095,506,28446,,48,1,0,technical_issue,resolved
6096,512,26212,,4,1,0,return_request,resolved
6097,508,26601,,48,1,0,billing_issue,pending
6098,507,34127,,72,1,1,billing_issue,resolved
6099,508,36529,,4,1,0,return_request,resolved
6100,506,17964,,2,1,0,return_request,resolved
6101,509,2201,,24,1,0,return_request,resolved
6102,500,1647,,8,1,0,return_request,resolved
6103,507,20538,,120,1,1,billing_issue,resolved
6104,502,32463,,120,1,1,return_request,resolved
6105,503,43064,8,48,1,0,return_request,resolved
6106,502,38904,,4,1,0,technical_issue,resolved
6107,507,25226,,48,1,0,return_request,resolved
6108,507,28888,,24,1,0,product_inquiry,resolved
6109,504,19178,,8,1,0,delivery_problem,resolved
6110,506,21214,,24,1,0,return_request,resolved
6111,512,8013,,48,1,0,technical_issue,pending
6112,503,49155,,24,1,0,return_request,resolved
6113,501,22263,,48,1,0,return_request,resolved
6114,506,47319,,48,1,0,billing_issue,resolved
6115,506,42837,,24,1,0,return_request,resolved
6116,515,36841,,24,1,0,return_request,resolved
6117,509,1620,,2,1,0,return_request,resolved
6118,504,15881,16,120,1,1,technical_issue,resolved
6119,512,36676,,2,1,0,billing_issue,resolved
6120,510,18190,17,120,1,1,billing_issue,resolved
6121,515,15819,,2,1,0,technical_issue,in_progress
6122,504,33695,,48,1,0,billing_issue,resolved
6123,514,19966,,48,1,0,return_request,in_progress
6124,507,31784,,24,1,0,delivery_problem,resolved
6125,505,11388,,24,1,0,return_request,resolved
6126,508,19396,,4,1,0,return_request,resolved
6127,504,24289,,48,1,0,return_request,resolved
6128,513,41794,,48,1,0,product_inquiry,resolved
6129,516,39002,,8,1,0,return_request,resolved
6130,508,12220,,2,1,0,return_request,resolved
6131,505,26221,,120,1,1,return_request,resolved
6132,513,24953,,4,1,0,return_request,resolved
6133,509,20277,,48,1,0,return_request,resolved
6134,504,13086,,24,1,0,return_request,resolved
6135,507,7597,,24,1,0,return_request,resolved
6136,505,16264,,2,1,0,return_request,pending
6137,509,45662,,8,1,0,return_request,resolved
6138,517,41013,,48,1,0,return_request,resolved
6139,514,20811,,168,1,1,return_request,resolved
6140,508,22535,,4,1,0,return_request,resolved
6141,516,9678,,120,1,1,return_request,resolved
6142,510,29449,,8,1,0,return_request,resolved
6143,509,576,,8,1,0,return_request,resolved
6144,505,18602,,72,1,1,return_request,resolved
6145,507,28800,,24,1,0,return_request,resolved
6146,517,386,,48,1,0,return_request,in_progress
6147,512,18979,,48,1,0,return_request,resolved
6148,514,1755,,8,1,0,delivery_problem,resolved
6149,511,7977,,24,1,0,return_request,resolved
6150,506,11533,,48,1,0,return_request,in_progress
6151,511,10322,,48,1,0,return_request,resolved
6152,518,45483,,8,1,0,return_request,resolved
6153,517,24140,,48,1,0,return_request,resolved
6154,507,36277,,4,1,0,return_request,resolved
6155,519,39995,,4,1,0,return_request,resolved
6156,512,16560,,4,1,0,return_request,resolved
6157,508,45409,,24,1,0,return_request,pending
6158,508,29345,,120,1,1,return_request,resolved
6159,509,25729,,4,1,0,return_request,resolved
6160,507,20577,,24,1,0,return_request,resolved
6161,510,12821,,24,1,0,return_request,resolved
6162,518,32443,,8,1,0,return_request,resolved
6163,520,23874,,24,1,0,technical_issue,resolved
6164,511,13891,,8,1,0,return_request,in_progress
6165,510,13051,,168,1,1,technical_issue,resolved
6166,516,7051,27,2,1,0,delivery_problem,resolved
6167,517,35425,,48,1,0,delivery_problem,resolved
6168,511,29457,,48,1,0,return_request,resolved
6169,518,9733,,24,1,0,return_request,resolved
6170,507,40926,,24,1,0,product_inquiry,resolved
6171,517,37622,,2,1,0,return_request,resolved
6172,506,30758,,72,1,1,return_request,resolved
6173,521,30829,,2,1,0,return_request,resolved
6174,521,34076,,2,1,0,return_request,resolved
6175,507,18315,,48,1,0,technical_issue,resolved
6176,511,17946,,4,1,0,return_request,in_progress
6177,507,1228,15,24,1,0,product_inquiry,resolved
6178,515,9137,,8,1,0,delivery_problem,resolved
6179,514,30193,,48,1,0,return_request,resolved
6180,518,43630,1,4,1,0,billing_issue,resolved
6181,512,40993,,24,1,0,return_request,resolved
6182,516,338,,24,1,0,return_request,resolved
6183,518,24876,,4,1,0,billing_issue,resolved
6184,522,43558,,24,1,0,return_request,resolved
6185,518,24737,,4,1,0,return_request,resolved
6186,519,4069,,2,1,0,billing_issue,resolved
6187,522,31343,,8,1,0,return_request,resolved
6188,522,8540,,4,1,0,return_request,resolved
6189,511,19499,,2,1,0,product_inquiry,resolved
6190,508,14464,,2,1,0,return_request,resolved
6191,514,11616,,168,1,1,billing_issue,resolved
6192,512,34408,28,4,1,0,technical_issue,resolved
6193,520,32719,,8,1,0,return_request,resolved
6194,522,36242,22,24,1,0,technical_issue,resolved
6195,510,41561,,24,1,0,return_request,resolved
6196,511,47852,,72,1,1,return_request,resolved
6197,519,8314,,8,1,0,return_request,resolved
6198,522,21285,,120,1,1,warranty_claim,resolved
6199,518,305,,24,1,0,return_request,resolved
6200,522,22202,,24,1,0,technical_issue,resolved
6201,515,32981,,120,1,1,return_request,resolved
6202,521,5805,25,8,1,0,return_request,pending
6203,513,10210,,48,1,0,return_request,in_progress
6204,510,25517,11,8,1,0,product_inquiry,resolved
6205,509,11796,,72,1,1,technical_issue,resolved
6206,515,17751,,48,1,0,return_request,resolved
6207,513,5804,,24,1,0,return_request,resolved
6208,519,26627,10,8,1,0,warranty_claim,resolved
6209,520,5714,,72,1,1,return_request,resolved
6210,520,19457,7,2,1,0,delivery_problem,resolved
6211,521,42255,,2,1,0,return_request,resolved
6212,511,6721,,48,1,0,return_request,resolved
6213,519,38033,4,8,1,0,delivery_problem,resolved
6214,513,46581,,24,1,0,return_request,resolved
6215,524,5297,,48,1,0,return_request,resolved
6216,514,16600,,4,1,0,return_request,resolved
6217,515,14305,,4,1,0,return_request,resolved
6218,522,42646,,4,1,0,return_request,resolved
6219,520,32188,5,2,1,0,billing_issue,resolved
6220,514,26595,,2,1,0,billing_issue,resolved
6221,515,18501,,24,1,0,return_request,resolved
6222,518,18343,,48,1,0,return_request,resolved
6223,521,14786,,24,1,0,delivery_problem,resolved
6224,518,9999,,24,1,0,delivery_problem,resolved
6225,517,9449,,72,1,1,return_request,resolved
6226,518,21899,,72,1,1,return_request,resolved
6227,524,35106,,48,1,0,technical_issue,resolved
6228,517,46947,,120,1,1,return_request,resolved
6229,515,30231,17,4,1,0,warranty_claim,resolved
6230,514,13672,,8,1,0,return_request,resolved
6231,517,26383,,4,1,0,return_request,resolved
6232,517,25531,,24,1,0,return_request,resolved
6233,514,28248,,4,1,0,return_request,resolved
6234,513,8162,,8,1,0,return_request,resolved
6235,520,6914,,24,1,0,return_request,resolved
6236,520,35345,,24,1,0,return_request,resolved
6237,514,22147,,4,1,0,return_request,resolved
6238,513,16586,,4,1,0,technical_issue,resolved
6239,525,38637,,24,1,0,return_request,resolved
6240,526,23884,,8,1,0,return_request,resolved
6241,523,27424,9,4,1,0,return_request,resolved
6242,517,21658,,4,1,0,return_request,resolved
6243,513,22282,,120,1,1,return_request,resolved
6244,516,3972,,8,1,0,return_request,pending
6245,520,18852,,4,1,0,return_request,in_progress
6246,522,48628,,24,1,0,return_request,resolved
6247,521,11476,25,4,1,0,return_request,resolved
6248,516,13693,,8,1,0,return_request,resolved
6249,522,13924,,72,1,1,technical_issue,resolved
6250,516,24223,,8,1,0,billing_issue,resolved
6251,514,44779,,120,1,1,billing_issue,resolved
6252,519,23369,,8,1,0,return_request,resolved
6253,524,33243,21,4,1,0,delivery_problem,resolved
6254,529,5062,,24,1,0,return_request,resolved
6255,519,29385,5,24,1,0,return_request,resolved
6256,525,48834,,24,1,0,return_request,resolved
6257,528,36916,,8,1,0,return_request,resolved
6258,523,28087,,48,1,0,return_request,resolved
6259,516,43731,,48,1,0,return_request,resolved
6260,524,22641,,24,1,0,return_request,in_progress
6261,527,26937,,24,1,0,warranty_claim,resolved
6262,529,25507,,48,1,0,return_request,pending
6263,525,4886,,48,1,0,technical_issue,resolved
6264,524,22927,,24,1,0,return_request,resolved
6265,516,28435,,8,1,0,technical_issue,resolved
6266,528,39927,,8,1,0,return_request,resolved
6267,527,46666,,72,1,1,return_request,resolved
6268,523,9873,,8,1,0,return_request,resolved
6269,527,35786,,24,1,0,return_request,resolved
6270,520,38757,,24,1,0,return_request,resolved
6271,530,49713,,24,1,0,return_request,resolved
6272,531,26599,,24,1,0,return_request,pending
6273,530,14449,,8,1,0,return_request,resolved
6274,523,46714,,24,1,0,technical_issue,pending
6275,517,26004,,24,1,0,return_request,resolved
6276,522,1836,,72,1,1,billing_issue,resolved
6277,519,40186,,2,1,0,return_request,resolved
6278,529,41064,,24,1,0,return_request,in_progress
6279,530,10715,,8,1,0,return_request,resolved
6280,529,22327,,8,1,0,technical_issue,resolved
6281,519,26019,,4,1,0,return_request,resolved
6282,519,26662,,4,1,0,return_request,resolved
6283,523,39681,,168,1,1,return_request,resolved
6284,523,44652,,72,1,1,billing_issue,resolved
6285,522,23364,,24,1,0,return_request,resolved
6286,522,41173,,8,1,0,return_request,resolved
6287,530,41454,,8,1,0,technical_issue,resolved
6288,524,38313,,8,1,0,return_request,resolved
6289,526,45770,,120,1,1,return_request,in_progress
6290,523,23406,,24,1,0,return_request,in_progress
6291,519,5213,,8,1,0,product_inquiry,resolved
6292,528,11965,,48,1,0,warranty_claim,resolved
6293,533,40965,,8,1,0,return_request,resolved
6294,525,15749,,24,1,0,return_request,resolved
6295,527,33828,,48,1,0,return_request,resolved
6296,527,20770,,2,1,0,return_request,resolved
6297,519,13022,,8,1,0,return_request,resolved
6298,523,25976,,24,1,0,return_request,resolved
6299,522,38405,,8,1,0,return_request,pending
6300,530,14018,7,4,1,0,product_inquiry,resolved
6301,526,7437,,8,1,0,return_request,resolved
6302,529,6923,,4,1,0,return_request,resolved
6303,524,22018,,72,1,1,return_request,resolved
6304,534,47502,,24,1,0,billing_issue,resolved
6305,520,41705,,2,1,0,delivery_problem,resolved
6306,529,35809,,72,1,1,return_request,resolved
6307,530,43953,,4,1,0,return_request,in_progress
6308,520,17689,,4,1,0,return_request,resolved
6309,524,34431,,8,1,0,return_request,resolved
6310,535,30344,,120,1,1,return_request,resolved
6311,522,16405,,24,1,0,return_request,resolved
6312,530,25226,,4,1,0,return_request,resolved
6313,534,12132,,24,1,0,return_request,resolved
6314,530,12759,23,48,1,0,technical_issue,resolved
6315,527,5188,,8,1,0,return_request,resolved
6316,526,42556,,4,1,0,return_request,resolved
6317,530,28051,,8,1,0,return_request,resolved
6318,528,38322,,2,1,0,return_request,resolved
6319,522,36380,20,24,1,0,billing_issue,resolved
6320,536,45498,13,24,1,0,billing_issue,resolved
6321,536,20263,,8,1,0,warranty_claim,resolved
6322,527,39617,1,24,1,0,billing_issue,resolved
6323,535,40984,,4,1,0,return_request,resolved
6324,533,48148,,72,1,1,technical_issue,resolved
6325,531,17993,,8,1,0,return_request,resolved
6326,529,45240,,4,1,0,return_request,in_progress
6327,536,39739,,2,1,0,return_request,resolved
6328,522,5997,25,8,1,0,warranty_claim,resolved
6329,525,8231,3,4,1,0,technical_issue,resolved
6330,536,18946,,120,1,1,return_request,resolved
6331,525,15038,,24,1,0,return_request,resolved
6332,529,40697,,24,1,0,return_request,pending
6333,534,4841,,8,1,0,billing_issue,resolved
6334,536,3831,,48,1,0,return_request,resolved
6335,531,5579,,8,1,0,return_request,resolved
6336,526,19910,5,72,1,1,warranty_claim,resolved
6337,527,22246,,8,1,0,billing_issue,resolved
6338,529,14478,,120,1,1,return_request,in_progress
6339,532,32563,,4,1,0,return_request,in_progress
6340,526,34580,,24,1,0,return_request,resolved
6341,528,15063,,24,1,0,billing_issue,resolved
6342,533,25134,,8,1,0,return_request,resolved
6343,532,2379,,2,1,0,return_request,resolved
6344,537,44492,,24,1,0,return_request,resolved
6345,536,42855,,72,1,1,return_request,resolved
6346,528,16452,9,48,1,0,return_request,resolved
6347,528,43156,,72,1,1,return_request,resolved
6348,530,37959,,24,1,0,return_request,resolved
6349,526,38357,,24,1,0,return_request,resolved
6350,533,20041,,48,1,0,return_request,resolved
6351,535,25051,,4,1,0,return_request,resolved
6352,528,38181,,24,1,0,return_request,resolved
6353,531,2345,,72,1,1,return_request,in_progress
6354,534,6534,,24,1,0,return_request,resolved
6355,525,28601,,24,1,0,technical_issue,resolved
6356,534,7719,,24,1,0,product_inquiry,resolved
6357,536,15528,,72,1,1,delivery_problem,pending
6358,526,14212,,8,1,0,return_request,resolved
6359,527,33799,,120,1,1,return_request,pending
6360,540,13515,8,24,1,0,technical_issue,resolved
6361,531,4576,,168,1,1,return_request,resolved
6362,528,46399,,48,1,0,return_request,resolved
6363,540,44773,,48,1,0,return_request,pending
6364,531,39976,,24,1,0,return_request,resolved
6365,534,4771,,120,1,1,return_request,resolved
6366,528,7722,,2,1,0,technical_issue,resolved
6367,528,6566,,8,1,0,delivery_problem,resolved
6368,540,37949,,8,1,0,warranty_claim,resolved
6369,538,25875,,8,1,0,return_request,resolved
6370,530,28373,,8,1,0,technical_issue,resolved
6371,533,32743,,8,1,0,return_request,resolved
6372,528,35743,,2,1,0,return_request,resolved
6373,540,17942,,4,1,0,return_request,resolved
6374,531,14041,,48,1,0,return_request,resolved
6375,539,15606,,8,1,0,return_request,resolved
6376,540,28476,,8,1,0,return_request,resolved
6377,531,6589,,8,1,0,return_request,resolved
6378,533,32696,,8,1,0,return_request,resolved
6379,537,29512,,8,1,0,return_request,resolved
6380,538,30451,,4,1,0,return_request,resolved
6381,535,46638,,8,1,0,return_request,resolved
6382,536,25713,,24,1,0,return_request,resolved
6383,542,29881,,4,1,0,technical_issue,resolved
6384,529,45033,,24,1,0,return_request,resolved
6385,533,30027,,4,1,0,return_request,resolved
6386,533,33879,,8,1,0,return_request,pending
6387,533,49487,,4,1,0,return_request,resolved
6388,536,6084,,24,1,0,return_request,resolved
6389,536,30305,,8,1,0,return_request,resolved
6390,531,29729,,24,1,0,return_request,resolved
6391,532,9697,,24,1,0,technical_issue,resolved
6392,543,21616,,24,1,0,return_request,resolved
6393,537,23693,,24,1,0,return_request,resolved
6394,542,36755,,48,1,0,return_request,resolved
6395,531,12553,,24,1,0,return_request,pending
6396,539,28925,,24,1,0,billing_issue,in_progress
6397,539,4338,,48,1,0,return_request,resolved
6398,537,31460,13,8,1,0,technical_issue,pending
6399,533,13884,13,24,1,0,return_request,resolved
6400,541,11383,,8,1,0,return_request,resolved
6401,534,8155,,2,1,0,delivery_problem,resolved
6402,539,24991,,8,1,0,return_request,resolved
6403,539,32085,,24,1,0,return_request,resolved
6404,529,44249,,24,1,0,return_request,resolved
6405,536,2920,,8,1,0,return_request,resolved
6406,543,10491,12,2,1,0,technical_issue,resolved
6407,534,41671,,4,1,0,return_request,resolved
6408,537,19926,,168,1,1,return_request,resolved
6409,535,43214,14,24,1,0,technical_issue,resolved
6410,531,10693,,168,1,1,return_request,resolved
6411,540,48485,,72,1,1,return_request,pending
6412,530,10450,,24,1,0,technical_issue,resolved
6413,538,23315,,4,1,0,product_inquiry,resolved
6414,537,30249,,48,1,0,return_request,resolved
6415,534,28422,,72,1,1,billing_issue,resolved
6416,536,10748,3,4,1,0,product_inquiry,resolved
6417,537,19732,,168,1,1,return_request,resolved
6418,540,33120,,8,1,0,return_request,resolved
6419,542,20355,,24,1,0,return_request,resolved
6420,531,2948,,4,1,0,return_request,resolved
6421,539,19105,,24,1,0,return_request,resolved
6422,540,4257,,2,1,0,return_request,resolved
6423,543,36397,,2,1,0,return_request,resolved
6424,540,21809,,8,1,0,product_inquiry,resolved
6425,533,45094,,24,1,0,warranty_claim,resolved
6426,537,7856,,72,1,1,return_request,resolved
6427,532,29824,,8,1,0,return_request,in_progress
6428,542,46367,,8,1,0,return_request,resolved
6429,544,35619,,24,1,0,technical_issue,resolved
6430,538,41556,,24,1,0,warranty_claim,resolved
6431,546,22798,,4,1,0,return_request,resolved
6432,539,40550,,8,1,0,technical_issue,resolved
6433,544,24532,,2,1,0,billing_issue,resolved
6434,540,13375,,48,1,0,return_request,resolved
6435,547,8044,15,72,1,1,billing_issue,resolved
6436,536,26077,,8,1,0,warranty_claim,resolved
6437,541,18482,,8,1,0,billing_issue,resolved
6438,541,6587,,48,1,0,return_request,resolved
6439,542,33659,,2,1,0,return_request,resolved
6440,544,2958,,24,1,0,return_request,in_progress
6441,543,7081,,24,1,0,return_request,resolved
6442,545,28269,,8,1,0,return_request,resolved
6443,536,30673,,8,1,0,warranty_claim,resolved
6444,547,35171,,4,1,0,return_request,resolved
6445,537,13844,,48,1,0,return_request,resolved
6446,545,37906,7,48,1,0,billing_issue,resolved
6447,534,42024,,8,1,0,return_request,resolved
6448,546,43960,,24,1,0,return_request,resolved
6449,537,11776,,8,1,0,return_request,resolved
6450,540,37012,,48,1,0,return_request,resolved
6451,543,39075,,8,1,0,return_request,resolved
6452,536,15922,20,2,1,0,warranty_claim,resolved
6453,539,31924,6,72,1,1,return_request,in_progress
6454,548,39431,,24,1,0,delivery_problem,resolved
6455,536,34191,,72,1,1,return_request,resolved
6456,538,29107,,24,1,0,return_request,resolved
6457,549,23378,,8,1,0,return_request,resolved
6458,543,15342,,8,1,0,billing_issue,resolved
6459,541,28011,26,48,1,0,billing_issue,resolved
6460,549,6702,,24,1,0,delivery_problem,pending
6461,546,39433,,8,1,0,return_request,resolved
6462,549,31393,,4,1,0,return_request,resolved
6463,542,48653,,168,1,1,return_request,resolved
6464,543,39563,,2,1,0,return_request,resolved
6465,542,4947,,4,1,0,return_request,resolved
6466,538,26025,,168,1,1,return_request,resolved
6467,544,34003,,72,1,1,return_request,in_progress
6468,539,13501,,72,1,1,return_request,resolved
6469,550,41921,,48,1,0,warranty_claim,resolved
6470,549,506,,120,1,1,return_request,resolved
6471,539,33399,,4,1,0,return_request,resolved
6472,538,28018,,2,1,0,return_request,resolved
6473,550,9231,,24,1,0,return_request,resolved
6474,551,20146,,48,1,0,return_request,resolved
6475,539,9264,,4,1,0,return_request,resolved
6476,545,43851,,8,1,0,return_request,resolved
6477,546,26472,,2,1,0,return_request,resolved
6478,548,23806,,24,1,0,return_request,resolved
6479,545,33412,,8,1,0,billing_issue,resolved
6480,538,35921,,8,1,0,return_request,resolved
6481,547,45682,,48,1,0,return_request,resolved
6482,540,47307,,2,1,0,return_request,resolved
6483,549,24675,,8,1,0,return_request,resolved
6484,548,13442,,72,1,1,technical_issue,resolved
6485,546,39745,,48,1,0,return_request,resolved
6486,547,3872,,48,1,0,return_request,resolved
6487,542,274,,4,1,0,return_request,resolved
6488,541,27028,,2,1,0,return_request,resolved
6489,547,25886,,48,1,0,return_request,resolved
6490,552,39290,,120,1,1,warranty_claim,resolved
6491,548,13703,,4,1,0,return_request,resolved
6492,545,40294,20,8,1,0,technical_issue,pending
6493,548,47865,8,72,1,1,delivery_problem,resolved
6494,548,46115,13,4,1,0,technical_issue,resolved
6495,541,25373,,168,1,1,return_request,resolved
6496,548,11859,,4,1,0,return_request,resolved
6497,540,39519,,8,1,0,delivery_problem,resolved
6498,544,26119,10,8,1,0,billing_issue,resolved
6499,539,43876,,4,1,0,return_request,resolved
6500,546,14404,,8,1,0,return_request,resolved
6501,553,30718,,8,1,0,return_request,resolved
6502,542,590,,48,1,0,billing_issue,resolved
6503,547,21449,,4,1,0,return_request,resolved
6504,548,17552,,24,1,0,warranty_claim,pending
6505,541,22054,,4,1,0,delivery_problem,resolved
6506,551,3991,,48,1,0,return_request,resolved
6507,541,20990,,24,1,0,warranty_claim,resolved
6508,550,22528,,8,1,0,return_request,resolved
6509,553,32203,,48,1,0,return_request,pending
6510,555,42893,,8,1,0,return_request,resolved
6511,544,31945,,24,1,0,return_request,resolved
6512,553,43374,5,4,1,0,technical_issue,resolved
6513,550,41230,,24,1,0,return_request,resolved
6514,541,21660,,48,1,0,return_request,resolved
6515,549,49386,,48,1,0,return_request,resolved
6516,546,13187,,24,1,0,return_request,resolved
6517,549,6412,,24,1,0,technical_issue,pending
6518,543,29256,19,24,1,0,delivery_problem,resolved
6519,554,17079,,24,1,0,return_request,resolved
6520,543,21841,,8,1,0,return_request,resolved
6521,552,49846,,72,1,1,return_request,in_progress
6522,554,41086,,2,1,0,return_request,resolved
6523,551,8148,,24,1,0,return_request,resolved
6524,552,47027,,8,1,0,return_request,in_progress
6525,541,21467,,72,1,1,return_request,pending
6526,554,38244,14,168,1,1,return_request,resolved
6527,554,30842,,48,1,0,product_inquiry,resolved
6528,548,42090,25,4,1,0,technical_issue,resolved
6529,554,966,7,72,1,1,billing_issue,resolved
6530,549,47895,,72,1,1,delivery_problem,resolved
6531,556,20228,,24,1,0,delivery_problem,resolved
6532,544,1891,,4,1,0,return_request,resolved
6533,554,10438,,48,1,0,technical_issue,resolved
6534,542,34073,,8,1,0,delivery_problem,resolved
6535,555,18124,,48,1,0,return_request,resolved
6536,546,16730,,48,1,0,return_request,resolved
6537,550,36280,,4,1,0,return_request,resolved
6538,555,33700,,48,1,0,return_request,resolved
6539,543,36093,,24,1,0,return_request,resolved
6540,549,47288,9,2,1,0,billing_issue,resolved
6541,556,6440,,24,1,0,delivery_problem,resolved
6542,557,33869,,24,1,0,product_inquiry,resolved
6543,554,32244,,48,1,0,technical_issue,resolved
6544,556,5737,,120,1,1,return_request,resolved
6545,554,44039,,8,1,0,return_request,resolved
6546,544,32015,,120,1,1,return_request,resolved
6547,552,30468,,8,1,0,return_request,in_progress
6548,553,23847,16,48,1,0,product_inquiry,resolved
6549,543,34236,8,72,1,1,delivery_problem,resolved
6550,555,34070,,72,1,1,return_request,pending
6551,548,8893,,72,1,1,return_request,resolved
6552,548,44056,,48,1,0,delivery_problem,resolved
6553,548,9495,,72,1,1,return_request,pending
6554,558,31852,,120,1,1,return_request,resolved
6555,553,1092,,8,1,0,return_request,resolved
6556,557,48692,,4,1,0,return_request,resolved
6557,555,28860,,8,1,0,return_request,pending
6558,545,38499,,4,1,0,return_request,resolved
6559,551,37020,,72,1,1,return_request,resolved
6560,552,22501,,8,1,0,delivery_problem,resolved
6561,556,20997,,4,1,0,return_request,resolved
6562,545,22023,1,4,1,0,delivery_problem,resolved
6563,558,1243,,24,1,0,return_request,resolved
6564,553,36269,,168,1,1,technical_issue,resolved
6565,547,27554,,2,1,0,technical_issue,resolved
6566,557,21277,,120,1,1,return_request,resolved
6567,547,6995,,24,1,0,return_request,resolved
6568,548,10318,,8,1,0,return_request,resolved
6569,549,21030,,72,1,1,return_request,resolved
6570,552,27004,,2,1,0,return_request,resolved
6571,559,20667,,8,1,0,return_request,resolved
6572,552,11867,,8,1,0,return_request,in_progress
6573,560,26116,,24,1,0,return_request,resolved
6574,559,30882,,48,1,0,return_request,resolved
6575,556,43929,,48,1,0,technical_issue,resolved
6576,559,17386,,48,1,0,technical_issue,resolved
6577,548,95,,8,1,0,return_request,resolved
6578,546,28979,,8,1,0,return_request,resolved
6579,548,41059,7,4,1,0,technical_issue,resolved
6580,560,48370,,48,1,0,return_request,resolved
6581,555,15249,,24,1,0,delivery_problem,in_progress
6582,552,21860,,4,1,0,return_request,resolved
6583,558,13239,,48,1,0,delivery_problem,resolved
6584,558,38532,,24,1,0,return_request,resolved
6585,551,713,,4,1,0,technical_issue,resolved
6586,547,38433,20,8,1,0,technical_issue,resolved
6587,559,31193,22,2,1,0,return_request,resolved
6588,550,49413,,120,1,1,return_request,resolved
6589,558,13832,,24,1,0,return_request,in_progress
6590,550,26521,,48,1,0,return_request,resolved
6591,555,41022,,24,1,0,return_request,resolved
6592,548,43974,8,120,1,1,return_request,resolved
6593,555,33439,,24,1,0,return_request,resolved
6594,558,15977,,24,1,0,billing_issue,resolved
6595,560,1051,,120,1,1,return_request,resolved
6596,554,22351,28,24,1,0,technical_issue,resolved
6597,551,25191,,48,1,0,technical_issue,in_progress
6598,559,14933,,8,1,0,return_request,resolved
6599,549,48334,,2,1,0,return_request,resolved
6600,558,30942,23,8,1,0,billing_issue,resolved
6601,552,170,26,8,1,0,technical_issue,resolved
6602,555,275,,2,1,0,technical_issue,resolved
6603,560,16636,,8,1,0,technical_issue,resolved
6604,555,25869,,8,1,0,return_request,resolved
6605,560,31519,,2,1,0,technical_issue,resolved
6606,550,49600,,8,1,0,delivery_problem,pending
6607,552,41247,27,24,1,0,billing_issue,resolved
6608,553,1571,,24,1,0,return_request,resolved
6609,558,5369,21,4,1,0,delivery_problem,resolved
6610,560,12170,,2,1,0,return_request,resolved
6611,554,27584,,8,1,0,return_request,resolved
6612,549,46316,,48,1,0,warranty_claim,resolved
6613,561,4757,,48,1,0,return_request,resolved
6614,548,12256,,72,1,1,return_request,resolved
6615,548,12966,,24,1,0,billing_issue,resolved
6616,557,46284,,4,1,0,technical_issue,resolved
6617,562,25141,,4,1,0,return_request,resolved
6618,555,44596,,24,1,0,return_request,resolved
6619,557,38520,,8,1,0,return_request,resolved
6620,558,24729,,24,1,0,return_request,resolved
6621,549,32348,,4,1,0,return_request,resolved
6622,557,21904,,2,1,0,return_request,resolved
6623,558,34916,,48,1,0,technical_issue,pending
6624,561,944,,24,1,0,return_request,resolved
6625,555,46199,,48,1,0,return_request,resolved
6626,563,887,,24,1,0,delivery_problem,resolved
6627,563,12912,,48,1,0,return_request,in_progress
6628,552,12800,27,48,1,0,return_request,resolved
6629,559,17226,,24,1,0,return_request,resolved
6630,553,8444,,24,1,0,return_request,resolved
6631,553,1448,,8,1,0,return_request,resolved
6632,563,11444,,8,1,0,return_request,resolved
6633,559,13813,,48,1,0,return_request,pending
6634,562,1203,,8,1,0,technical_issue,resolved
6635,559,2937,,24,1,0,return_request,resolved
6636,551,24909,,24,1,0,return_request,resolved
6637,564,2621,,24,1,0,technical_issue,resolved
6638,560,47345,,72,1,1,return_request,resolved
6639,551,26222,,72,1,1,return_request,resolved
6640,550,24490,13,8,1,0,delivery_problem,resolved
6641,563,422,,24,1,0,return_request,resolved
6642,563,24998,,48,1,0,return_request,pending
6643,562,19817,,4,1,0,return_request,resolved
6644,558,24606,,8,1,0,return_request,resolved
6645,552,44140,4,120,1,1,warranty_claim,resolved
6646,550,36558,,4,1,0,return_request,resolved
6647,562,49923,6,8,1,0,billing_issue,resolved
6648,561,41134,8,24,1,0,technical_issue,resolved
6649,557,48744,,24,1,0,return_request,resolved
6650,556,44033,,4,1,0,technical_issue,resolved
6651,560,11992,,120,1,1,return_request,resolved
6652,561,16608,,4,1,0,warranty_claim,resolved
6653,564,31508,,4,1,0,return_request,resolved
6654,564,34989,,4,1,0,return_request,resolved
6655,564,5450,,8,1,0,warranty_claim,resolved
6656,554,464,,8,1,0,return_request,resolved
6657,563,43228,,72,1,1,return_request,resolved
6658,559,39499,,2,1,0,technical_issue,resolved
6659,559,36359,,24,1,0,return_request,resolved
6660,560,8940,,72,1,1,return_request,resolved
6661,554,34022,,2,1,0,delivery_problem,resolved
6662,561,24709,,8,1,0,technical_issue,resolved
6663,556,49162,,24,1,0,return_request,resolved
6664,552,46927,26,8,1,0,technical_issue,resolved
6665,554,34413,,4,1,0,return_request,resolved
6666,556,35121,,48,1,0,return_request,resolved
6667,561,44071,17,24,1,0,delivery_problem,resolved
6668,558,26453,,24,1,0,return_request,resolved
6669,556,39367,,120,1,1,technical_issue,in_progress
6670,557,18016,,120,1,1,return_request,pending
6671,559,29876,,4,1,0,return_request,resolved
6672,564,192,,24,1,0,billing_issue,in_progress
6673,556,33605,,2,1,0,return_request,resolved
6674,562,20715,,2,1,0,return_request,resolved
6675,553,16644,,48,1,0,return_request,in_progress
6676,553,2675,,8,1,0,product_inquiry,pending
6677,559,48812,,4,1,0,return_request,resolved
6678,557,3780,,24,1,0,return_request,resolved
6679,553,9454,,2,1,0,return_request,resolved
6680,563,60,,2,1,0,return_request,in_progress
6681,558,7546,27,72,1,1,technical_issue,resolved
6682,553,36854,,24,1,0,return_request,resolved
6683,566,33994,,8,1,0,return_request,resolved
6684,565,44592,,24,1,0,return_request,in_progress
6685,565,6899,,24,1,0,product_inquiry,resolved
6686,555,17093,,24,1,0,return_request,resolved
6687,559,35385,,8,1,0,return_request,resolved
6688,553,34048,,4,1,0,return_request,resolved
6689,560,41359,,8,1,0,return_request,resolved
6690,563,34093,,8,1,0,product_inquiry,resolved
6691,554,41051,11,72,1,1,delivery_problem,resolved
6692,564,42372,,48,1,0,return_request,resolved
6693,555,917,,8,1,0,delivery_problem,resolved
6694,566,46871,,24,1,0,delivery_problem,resolved
6695,568,38354,,2,1,0,return_request,resolved
6696,557,48534,,72,1,1,return_request,in_progress
6697,567,12490,,2,1,0,return_request,in_progress
6698,558,6870,,8,1,0,return_request,resolved
6699,554,1689,,8,1,0,product_inquiry,resolved
6700,557,25372,,2,1,0,return_request,resolved
6701,554,12304,,48,1,0,delivery_problem,pending
6702,555,13528,,2,1,0,billing_issue,resolved
6703,568,41880,,8,1,0,return_request,resolved
6704,554,6728,20,168,1,1,warranty_claim,resolved
6705,563,4323,,48,1,0,return_request,pending
6706,566,7919,,120,1,1,return_request,resolved
6707,558,36428,,168,1,1,return_request,resolved
6708,560,41920,,120,1,1,technical_issue,resolved
6709,556,3620,,48,1,0,technical_issue,resolved
6710,567,34004,,24,1,0,return_request,resolved
6711,563,16288,,120,1,1,return_request,pending
6712,564,19355,,24,1,0,technical_issue,resolved
6713,557,16691,,8,1,0,return_request,resolved
6714,566,2145,,2,1,0,technical_issue,resolved
6715,565,4781,,8,1,0,return_request,resolved
6716,556,36608,27,24,1,0,delivery_problem,resolved
6717,564,7387,,24,1,0,return_request,resolved
6718,568,19824,,4,1,0,return_request,pending
6719,566,35282,,4,1,0,delivery_problem,resolved
6720,563,11784,13,4,1,0,product_inquiry,pending
6721,568,27872,,24,1,0,return_request,resolved
6722,566,30361,,72,1,1,return_request,resolved
6723,568,42501,,8,1,0,return_request,resolved
6724,561,15636,12,24,1,0,billing_issue,resolved
6725,564,26279,,4,1,0,return_request,resolved
6726,566,40849,16,48,1,0,billing_issue,resolved
6727,556,48226,9,24,1,0,return_request,resolved
6728,562,8893,,72,1,1,return_request,in_progress
6729,565,46657,,72,1,1,return_request,resolved
6730,563,45734,,8,1,0,delivery_problem,resolved
6731,564,46815,23,120,1,1,warranty_claim,resolved
6732,571,18274,,24,1,0,warranty_claim,resolved
6733,570,35967,,2,1,0,delivery_problem,resolved
6734,562,16874,,72,1,1,delivery_problem,resolved
6735,558,47933,,168,1,1,product_inquiry,resolved
6736,559,886,,48,1,0,technical_issue,resolved
6737,566,12764,,48,1,0,return_request,resolved
6738,566,16886,,48,1,0,return_request,pending
6739,571,39432,11,24,1,0,billing_issue,resolved
6740,570,25577,22,8,1,0,warranty_claim,resolved
6741,571,25322,,8,1,0,return_request,resolved
6742,565,48158,,48,1,0,return_request,resolved
6743,570,42990,14,4,1,0,technical_issue,resolved
6744,568,49678,,4,1,0,delivery_problem,resolved
6745,566,37365,16,4,1,0,technical_issue,resolved
6746,569,37971,,2,1,0,return_request,resolved
6747,560,5859,,24,1,0,technical_issue,resolved
6748,565,39985,,8,1,0,delivery_problem,resolved
6749,567,15057,,48,1,0,return_request,in_progress
6750,565,38898,,8,1,0,return_request,resolved
6751,560,32204,,8,1,0,return_request,resolved
6752,571,28662,,24,1,0,technical_issue,resolved
6753,571,32264,,2,1,0,return_request,resolved
6754,569,19732,,2,1,0,billing_issue,resolved
6755,564,10615,13,24,1,0,return_request,resolved
6756,562,44825,19,24,1,0,warranty_claim,resolved
6757,565,6153,,8,1,0,return_request,resolved
6758,574,49036,,24,1,0,delivery_problem,in_progress
6759,562,5283,,120,1,1,delivery_problem,pending
6760,561,35193,,48,1,0,return_request,resolved
6761,569,6134,13,48,1,0,delivery_problem,resolved
6762,569,49377,,4,1,0,delivery_problem,in_progress
6763,570,23097,4,48,1,0,warranty_claim,resolved
6764,569,36157,,120,1,1,return_request,resolved
6765,573,43941,,4,1,0,return_request,resolved
6766,570,30096,,24,1,0,return_request,in_progress
6767,572,23113,,24,1,0,return_request,resolved
6768,572,32451,,4,1,0,return_request,resolved
6769,569,16962,,8,1,0,technical_issue,resolved
6770,570,42618,,72,1,1,return_request,resolved
6771,575,20761,23,24,1,0,product_inquiry,resolved
6772,563,4237,,2,1,0,warranty_claim,resolved
6773,564,25234,,72,1,1,return_request,pending
6774,569,48494,,48,1,0,return_request,resolved
6775,561,35886,,24,1,0,return_request,in_progress
6776,569,25531,,24,1,0,return_request,in_progress
6777,574,19511,,24,1,0,delivery_problem,resolved
6778,569,14357,,2,1,0,return_request,resolved
6779,562,34461,,8,1,0,return_request,resolved
6780,565,22614,,72,1,1,technical_issue,resolved
6781,562,44306,,72,1,1,return_request,resolved
6782,562,9767,,4,1,0,billing_issue,resolved
6783,567,15807,20,48,1,0,warranty_claim,resolved
6784,573,45930,,48,1,0,return_request,resolved
6785,575,37200,,48,1,0,warranty_claim,resolved
6786,562,19966,,72,1,1,return_request,in_progress
6787,566,25649,,24,1,0,return_request,resolved
6788,572,32412,22,48,1,0,warranty_claim,resolved
6789,567,10327,,48,1,0,return_request,resolved
6790,563,17867,20,4,1,0,return_request,pending
6791,567,33803,,8,1,0,return_request,resolved
6792,573,25652,28,72,1,1,return_request,resolved
6793,576,45066,,72,1,1,return_request,resolved
6794,566,16457,,8,1,0,return_request,resolved
6795,569,45646,,24,1,0,return_request,resolved
6796,572,8405,,48,1,0,technical_issue,resolved
6797,562,10864,,2,1,0,return_request,resolved
6798,574,47126,,24,1,0,technical_issue,resolved
6799,571,11387,,24,1,0,return_request,resolved
6800,568,21561,,8,1,0,return_request,pending
6801,566,11356,,4,1,0,technical_issue,resolved
6802,576,31961,17,48,1,0,return_request,resolved
6803,564,29399,,2,1,0,return_request,resolved
6804,564,17019,25,24,1,0,billing_issue,resolved
6805,573,25137,,8,1,0,return_request,pending
6806,570,48712,7,4,1,0,billing_issue,resolved
6807,565,29487,,168,1,1,return_request,resolved
6808,570,41816,,8,1,0,return_request,resolved
6809,566,34935,7,48,1,0,delivery_problem,resolved
6810,575,6300,,2,1,0,delivery_problem,resolved
6811,573,48344,,24,1,0,return_request,resolved
6812,577,34153,,2,1,0,technical_issue,resolved
6813,577,16806,,8,1,0,return_request,resolved
6814,572,35461,,8,1,0,return_request,in_progress
6815,567,1949,,8,1,0,return_request,resolved
6816,567,12371,21,4,1,0,delivery_problem,resolved
6817,571,8054,,120,1,1,return_request,resolved
6818,566,21010,,2,1,0,technical_issue,resolved
6819,568,31064,,120,1,1,return_request,pending
6820,579,49276,,72,1,1,return_request,resolved
6821,565,6221,26,120,1,1,billing_issue,in_progress
6822,568,47071,,24,1,0,warranty_claim,resolved
6823,571,18240,,48,1,0,return_request,in_progress
6824,573,46657,,8,1,0,return_request,resolved
6825,573,47732,,24,1,0,return_request,resolved
6826,570,21477,,2,1,0,delivery_problem,resolved
6827,568,2237,,48,1,0,return_request,resolved
6828,575,45235,,24,1,0,product_inquiry,resolved
6829,579,29729,,24,1,0,return_request,resolved
6830,576,49890,5,8,1,0,technical_issue,resolved
6831,576,42671,,24,1,0,return_request,resolved
6832,576,43743,,120,1,1,return_request,resolved
6833,579,37211,,48,1,0,delivery_problem,resolved
6834,570,3310,,4,1,0,return_request,resolved
6835,580,42927,25,72,1,1,billing_issue,resolved
6836,578,25402,,48,1,0,return_request,resolved
6837,570,18678,,8,1,0,return_request,in_progress
6838,568,28557,,24,1,0,return_request,in_progress
6839,579,32802,24,4,1,0,technical_issue,in_progress
6840,573,14945,,24,1,0,return_request,resolved
6841,566,27640,20,120,1,1,technical_issue,resolved
6842,577,11453,,24,1,0,return_request,resolved
6843,577,12485,20,48,1,0,delivery_problem,resolved
6844,572,1133,2,4,1,0,technical_issue,resolved
6845,574,8059,,48,1,0,warranty_claim,resolved
6846,572,45788,,24,1,0,return_request,resolved
6847,573,17457,,24,1,0,billing_issue,resolved
6848,577,3882,,72,1,1,warranty_claim,resolved
6849,569,9421,,72,1,1,return_request,resolved
6850,569,10369,17,120,1,1,delivery_problem,resolved
6851,570,35527,,48,1,0,technical_issue,resolved
6852,575,27320,,24,1,0,return_request,resolved
6853,580,34529,16,8,1,0,delivery_problem,resolved
6854,576,40910,,48,1,0,return_request,resolved
6855,576,5688,,8,1,0,return_request,resolved
6856,578,6860,,8,1,0,return_request,resolved
6857,571,7587,,48,1,0,return_request,resolved
6858,580,6321,,8,1,0,return_request,pending
6859,581,29236,,48,1,0,return_request,resolved
6860,570,3164,,120,1,1,delivery_problem,resolved
6861,569,21717,27,48,1,0,technical_issue,resolved
6862,577,17752,,24,1,0,return_request,resolved
6863,580,28616,20,4,1,0,product_inquiry,resolved
6864,570,47676,,48,1,0,billing_issue,resolved
6865,579,40244,,4,1,0,return_request,resolved
6866,572,14063,,72,1,1,return_request,resolved
6867,574,14540,5,24,1,0,technical_issue,resolved
6868,569,3278,,48,1,0,return_request,resolved
6869,576,22938,,8,1,0,return_request,resolved
6870,581,8183,,120,1,1,return_request,resolved
6871,580,22046,,24,1,0,return_request,resolved
6872,573,35201,,8,1,0,return_request,resolved
6873,573,28414,,24,1,0,return_request,resolved
6874,574,2220,,24,1,0,return_request,resolved
6875,572,16902,,24,1,0,return_request,resolved
6876,578,29532,,168,1,1,return_request,resolved
6877,576,8450,,48,1,0,return_request,resolved
6878,576,1814,,4,1,0,return_request,resolved
6879,584,22124,,4,1,0,return_request,resolved
6880,576,1852,,4,1,0,technical_issue,resolved
6881,577,21150,,48,1,0,warranty_claim,resolved
6882,582,6748,,48,1,0,return_request,resolved
6883,583,39488,,8,1,0,return_request,resolved
6884,577,15905,,48,1,0,return_request,in_progress
6885,581,100,,4,1,0,return_request,resolved
6886,583,1165,,4,1,0,billing_issue,resolved
6887,571,16690,,4,1,0,return_request,resolved
6888,574,14297,,4,1,0,delivery_problem,resolved
6889,577,44911,,72,1,1,return_request,resolved
6890,580,10636,,2,1,0,return_request,resolved
6891,580,33327,,48,1,0,technical_issue,resolved
6892,575,11561,,2,1,0,technical_issue,resolved
6893,576,11712,,8,1,0,return_request,resolved
6894,578,19914,,4,1,0,return_request,in_progress
6895,586,23383,,8,1,0,return_request,resolved
6896,580,12191,,72,1,1,return_request,resolved
6897,576,3291,,24,1,0,return_request,pending
6898,582,45551,,48,1,0,return_request,resolved
6899,574,22440,,24,1,0,return_request,resolved
6900,574,5255,,4,1,0,return_request,resolved
6901,585,32184,,24,1,0,technical_issue,resolved
6902,572,46487,,8,1,0,return_request,resolved
6903,583,27244,,4,1,0,return_request,resolved
6904,583,21365,,48,1,0,return_request,resolved
6905,577,6963,,48,1,0,technical_issue,resolved
6906,584,11896,3,48,1,0,return_request,pending
6907,586,33109,,4,1,0,return_request,in_progress
6908,582,34189,,48,1,0,return_request,resolved
6909,587,34458,,2,1,0,return_request,resolved
6910,583,36794,16,48,1,0,technical_issue,resolved
6911,574,35520,8,24,1,0,technical_issue,resolved
6912,579,11669,,2,1,0,technical_issue,resolved
6913,586,25100,,72,1,1,technical_issue,resolved
6914,588,8435,,72,1,1,return_request,in_progress
6915,587,25848,,4,1,0,return_request,resolved
6916,582,33902,,4,1,0,return_request,resolved
6917,575,24595,,8,1,0,return_request,resolved
6918,583,34930,,72,1,1,return_request,resolved
6919,579,8297,,24,1,0,technical_issue,resolved
6920,574,25138,,8,1,0,return_request,resolved
6921,586,21646,,48,1,0,return_request,resolved
6922,580,37003,,24,1,0,billing_issue,resolved
6923,579,40415,,24,1,0,billing_issue,resolved
6924,582,49897,,2,1,0,billing_issue,resolved
6925,574,12946,,8,1,0,return_request,resolved
6926,585,41757,,24,1,0,technical_issue,resolved
6927,580,49618,,48,1,0,return_request,resolved
6928,575,20801,23,2,1,0,billing_issue,resolved
6929,580,7815,,24,1,0,return_request,resolved
6930,585,716,,48,1,0,delivery_problem,resolved
6931,582,22042,,24,1,0,return_request,resolved
6932,588,7580,,48,1,0,return_request,pending
6933,587,27530,,4,1,0,return_request,resolved
6934,587,3358,,8,1,0,delivery_problem,pending
6935,586,2444,,120,1,1,return_request,resolved
6936,579,36897,,8,1,0,return_request,resolved
6937,579,33031,,24,1,0,return_request,in_progress
6938,581,40676,,24,1,0,return_request,resolved
6939,579,15713,,48,1,0,return_request,resolved
6940,578,49891,,48,1,0,return_request,resolved
6941,586,41551,,48,1,0,return_request,resolved
6942,578,45688,,72,1,1,return_request,in_progress
6943,578,40100,,4,1,0,return_request,resolved
6944,585,27283,,24,1,0,return_request,resolved
6945,590,39202,23,2,1,0,billing_issue,resolved
6946,587,27813,,8,1,0,return_request,resolved
6947,585,21427,,4,1,0,return_request,resolved
6948,589,34641,,72,1,1,return_request,resolved
6949,580,35047,,120,1,1,return_request,resolved
6950,587,6952,,8,1,0,billing_issue,resolved
6951,577,41669,,24,1,0,return_request,resolved
6952,585,8390,,24,1,0,return_request,resolved
6953,591,14332,,24,1,0,technical_issue,resolved
6954,578,7336,,72,1,1,technical_issue,pending
6955,585,41421,,72,1,1,return_request,resolved
6956,592,370,,8,1,0,return_request,resolved
6957,578,41,4,8,1,0,technical_issue,resolved
6958,590,45930,,2,1,0,return_request,resolved
6959,581,21488,,8,1,0,return_request,resolved
6960,592,16278,,8,1,0,return_request,resolved
6961,592,46845,,2,1,0,return_request,pending
6962,585,3714,,48,1,0,return_request,resolved
6963,593,8677,,4,1,0,return_request,resolved
6964,589,18439,,8,1,0,return_request,resolved
6965,579,29920,,72,1,1,return_request,pending
6966,587,36052,,8,1,0,return_request,resolved
6967,588,45956,,4,1,0,return_request,pending
6968,583,22278,,4,1,0,warranty_claim,resolved
6969,589,48857,,24,1,0,return_request,resolved
6970,583,35895,,4,1,0,return_request,resolved
6971,587,31008,,48,1,0,return_request,resolved
6972,589,38998,3,72,1,1,product_inquiry,resolved
6973,586,40621,,8,1,0,return_request,resolved
6974,584,10811,,8,1,0,return_request,resolved
6975,588,10731,,4,1,0,delivery_problem,resolved
6976,591,21983,,4,1,0,return_request,resolved
6977,581,29900,,48,1,0,delivery_problem,resolved
6978,591,31420,,24,1,0,technical_issue,resolved
6979,585,871,25,8,1,0,delivery_problem,pending
6980,589,3881,,48,1,0,billing_issue,resolved
6981,588,10651,,24,1,0,billing_issue,resolved
6982,581,30848,18,24,1,0,billing_issue,resolved
6983,589,36330,,4,1,0,return_request,resolved
6984,595,42982,,8,1,0,billing_issue,resolved
6985,590,19687,,24,1,0,return_request,resolved
6986,583,47712,,2,1,0,return_request,resolved
6987,590,35074,,4,1,0,return_request,resolved
6988,583,30272,,8,1,0,return_request,resolved
6989,583,44801,,8,1,0,return_request,resolved
6990,593,18057,,4,1,0,return_request,pending
6991,590,20676,7,4,1,0,delivery_problem,resolved
6992,585,15178,,48,1,0,return_request,resolved
6993,593,13990,,8,1,0,return_request,resolved
6994,593,27387,,4,1,0,return_request,resolved
6995,597,28264,,24,1,0,return_request,resolved
6996,594,7972,,2,1,0,return_request,resolved
6997,587,1037,,2,1,0,return_request,resolved
6998,586,32086,25,2,1,0,product_inquiry,pending
6999,597,47085,,2,1,0,return_request,resolved
7000,595,40299,,120,1,1,return_request,pending
7001,586,1207,,24,1,0,return_request,resolved
7002,589,26232,,4,1,0,technical_issue,resolved
7003,597,39949,,48,1,0,return_request,resolved
7004,589,1207,,8,1,0,return_request,resolved
7005,597,14960,,24,1,0,return_request,resolved
7006,597,20599,,24,1,0,return_request,pending
7007,597,19461,,24,1,0,return_request,resolved
7008,593,36707,,24,1,0,return_request,resolved
7009,597,41834,15,24,1,0,return_request,resolved
7010,589,8691,,72,1,1,return_request,resolved
7011,589,3263,,168,1,1,warranty_claim,resolved
7012,599,39611,,4,1,0,delivery_problem,resolved
7013,596,20960,,4,1,0,return_request,resolved
7014,595,1783,,48,1,0,return_request,resolved
7015,588,31184,,8,1,0,return_request,resolved
7016,591,39292,,48,1,0,product_inquiry,pending
7017,588,22692,,4,1,0,return_request,resolved
7018,597,31732,,4,1,0,return_request,in_progress
7019,590,13529,,120,1,1,return_request,resolved
7020,596,38340,,24,1,0,return_request,resolved
7021,591,13923,,8,1,0,return_request,resolved
7022,588,43877,,8,1,0,return_request,in_progress
7023,592,14042,,24,1,0,return_request,resolved
7024,600,33085,,24,1,0,return_request,resolved
7025,593,34079,,4,1,0,technical_issue,resolved
7026,601,14032,,24,1,0,return_request,resolved
7027,596,22783,,4,1,0,return_request,resolved
7028,588,40384,,24,1,0,return_request,resolved
7029,597,1630,,4,1,0,return_request,resolved
7030,594,6423,,4,1,0,return_request,pending
7031,593,5264,,168,1,1,return_request,resolved
7032,593,37222,,24,1,0,return_request,pending
7033,589,14803,,4,1,0,warranty_claim,pending
7034,591,24686,,24,1,0,return_request,resolved
7035,589,36269,,2,1,0,technical_issue,resolved
7036,595,30859,,24,1,0,return_request,resolved
7037,598,41112,,2,1,0,return_request,resolved
7038,592,30200,,4,1,0,return_request,resolved
7039,590,1116,,120,1,1,return_request,resolved
7040,604,2892,,8,1,0,billing_issue,resolved
7041,602,5261,,24,1,0,return_request,resolved
7042,596,3585,25,48,1,0,delivery_problem,resolved
7043,596,298,,4,1,0,return_request,resolved
7044,598,10302,,8,1,0,return_request,resolved
7045,594,11054,21,8,1,0,delivery_problem,resolved
7046,600,10814,,8,1,0,return_request,in_progress
7047,600,34078,,8,1,0,return_request,resolved
7048,593,6634,,4,1,0,return_request,resolved
7049,596,30444,,4,1,0,return_request,in_progress
7050,593,24864,27,120,1,1,delivery_problem,resolved
7051,605,18014,,120,1,1,return_request,resolved
7052,603,29180,,48,1,0,return_request,in_progress
7053,592,6326,,2,1,0,return_request,resolved
7054,598,40749,11,8,1,0,delivery_problem,resolved
7055,594,49067,,48,1,0,return_request,resolved
7056,594,5633,,8,1,0,return_request,resolved
7057,605,41709,,48,1,0,return_request,resolved
7058,605,19746,18,24,1,0,technical_issue,resolved
7059,600,15640,,72,1,1,return_request,resolved
7060,605,9615,,24,1,0,return_request,resolved
7061,592,9783,,4,1,0,return_request,resolved
7062,595,5747,,48,1,0,technical_issue,resolved
7063,603,11612,,8,1,0,return_request,resolved
7064,605,37519,,4,1,0,return_request,resolved
7065,601,46190,26,8,1,0,return_request,resolved
7066,603,49165,,8,1,0,return_request,resolved
7067,596,16966,15,24,1,0,billing_issue,resolved
7068,602,7642,,4,1,0,return_request,resolved
7069,604,21676,,8,1,0,return_request,pending
7070,595,16237,,24,1,0,return_request,resolved
7071,600,2459,,2,1,0,technical_issue,resolved
7072,593,18039,,72,1,1,billing_issue,resolved
7073,603,49172,,4,1,0,return_request,resolved
7074,603,26267,,8,1,0,product_inquiry,resolved
7075,595,25422,,48,1,0,return_request,resolved
7076,599,19730,,2,1,0,return_request,resolved
7077,607,48139,,24,1,0,return_request,resolved
7078,595,33024,,8,1,0,return_request,resolved
7079,603,4688,27,72,1,1,delivery_problem,resolved
7080,605,2708,1,8,1,0,return_request,resolved
7081,596,41355,,8,1,0,return_request,resolved
7082,606,36131,,24,1,0,return_request,resolved
7083,594,7396,,24,1,0,return_request,resolved
7084,599,49950,,48,1,0,return_request,resolved
7085,605,33264,,48,1,0,product_inquiry,resolved
7086,603,2152,,24,1,0,return_request,resolved
7087,595,38743,,8,1,0,return_request,resolved
7088,605,14532,,8,1,0,return_request,resolved
7089,598,25601,,2,1,0,warranty_claim,resolved
7090,608,49818,,48,1,0,return_request,resolved
7091,609,26508,,48,1,0,return_request,resolved
7092,595,47094,,4,1,0,return_request,resolved
7093,598,10812,,72,1,1,return_request,in_progress
7094,596,29281,,2,1,0,return_request,in_progress
7095,595,43532,,8,1,0,delivery_problem,resolved
7096,600,21653,,24,1,0,return_request,resolved
7097,606,17469,,120,1,1,return_request,resolved
7098,609,39107,18,48,1,0,warranty_claim,resolved
7099,598,20152,,8,1,0,delivery_problem,resolved
7100,608,30137,14,72,1,1,product_inquiry,resolved
7101,610,10174,,72,1,1,return_request,resolved
7102,602,13408,2,8,1,0,billing_issue,resolved
7103,606,18069,,24,1,0,return_request,resolved
7104,600,19753,,8,1,0,return_request,resolved
7105,607,25809,,8,1,0,return_request,resolved
7106,599,22545,24,4,1,0,billing_issue,resolved
7107,608,9945,,2,1,0,billing_issue,resolved
7108,609,35764,,48,1,0,return_request,resolved
7109,603,33057,,24,1,0,return_request,in_progress
7110,598,32080,,2,1,0,delivery_problem,resolved
7111,603,30708,,4,1,0,return_request,resolved
7112,597,3545,,4,1,0,return_request,resolved
7113,599,43625,,8,1,0,delivery_problem,resolved
7114,606,9011,2,72,1,1,technical_issue,pending
7115,597,42552,,24,1,0,return_request,in_progress
7116,608,23104,,4,1,0,warranty_claim,resolved
7117,608,35630,,72,1,1,return_request,resolved
7118,600,32874,,48,1,0,return_request,in_progress
7119,612,1147,,4,1,0,return_request,resolved
7120,600,3935,4,8,1,0,technical_issue,resolved
7121,603,33344,,48,1,0,return_request,in_progress
7122,601,16505,,48,1,0,return_request,resolved
7123,600,5136,,8,1,0,return_request,resolved
7124,599,48443,13,8,1,0,warranty_claim,resolved
7125,606,27574,,48,1,0,return_request,resolved
7126,599,28359,,2,1,0,return_request,in_progress
7127,604,20864,,4,1,0,return_request,resolved
7128,601,19361,,24,1,0,return_request,resolved
7129,606,24833,,48,1,0,billing_issue,resolved
7130,609,44639,,4,1,0,return_request,resolved
7131,602,27409,,4,1,0,return_request,resolved
7132,602,13918,,48,1,0,return_request,resolved
7133,600,16446,,120,1,1,return_request,resolved
7134,605,6927,,24,1,0,return_request,resolved
7135,614,38517,,8,1,0,technical_issue,pending
7136,613,28462,20,120,1,1,technical_issue,in_progress
7137,600,48378,,8,1,0,technical_issue,resolved
7138,606,26656,,24,1,0,return_request,resolved
7139,607,45657,,48,1,0,return_request,resolved
7140,613,44081,,8,1,0,technical_issue,resolved
7141,612,97,,8,1,0,return_request,resolved
7142,602,47568,,4,1,0,delivery_problem,resolved
7143,602,36633,27,8,1,0,return_request,in_progress
7144,602,46860,4,24,1,0,delivery_problem,pending
7145,616,16364,,24,1,0,technical_issue,resolved
7146,606,661,18,24,1,0,return_request,resolved
7147,611,26071,,8,1,0,return_request,resolved
7148,604,35893,,8,1,0,return_request,resolved
7149,603,12342,,4,1,0,return_request,resolved
7150,608,19396,,120,1,1,return_request,resolved
7151,613,20260,,8,1,0,return_request,resolved
7152,612,2335,,48,1,0,billing_issue,resolved
7153,610,25300,,4,1,0,return_request,resolved
7154,615,27413,,24,1,0,return_request,resolved
7155,607,26203,13,2,1,0,technical_issue,resolved
7156,614,44245,,4,1,0,return_request,resolved
7157,606,19139,,4,1,0,technical_issue,resolved
7158,604,2156,,24,1,0,return_request,resolved
7159,611,21781,,24,1,0,return_request,resolved
7160,607,36973,,8,1,0,return_request,resolved
7161,609,36604,,24,1,0,billing_issue,resolved
7162,610,17773,,72,1,1,return_request,resolved
7163,613,18297,,4,1,0,return_request,resolved
7164,612,42101,28,24,1,0,return_request,resolved
7165,616,29738,,8,1,0,return_request,resolved
7166,612,31953,,24,1,0,return_request,resolved
7167,605,29470,,24,1,0,return_request,resolved
7168,612,30384,,2,1,0,return_request,resolved
7169,610,34557,7,24,1,0,technical_issue,resolved
7170,608,31665,,8,1,0,return_request,resolved
7171,612,41786,,48,1,0,return_request,resolved
7172,617,39654,,24,1,0,return_request,resolved
7173,616,16425,,8,1,0,return_request,resolved
7174,617,19546,,8,1,0,return_request,in_progress
7175,617,5746,,4,1,0,return_request,pending
7176,619,34127,,24,1,0,return_request,resolved
7177,617,10782,3,8,1,0,technical_issue,resolved
7178,614,24668,,48,1,0,technical_issue,resolved
7179,611,46643,,8,1,0,return_request,in_progress
7180,610,10337,,8,1,0,product_inquiry,pending
7181,609,44150,,2,1,0,return_request,pending
7182,606,14150,,24,1,0,return_request,resolved
7183,616,40799,,8,1,0,billing_issue,resolved
7184,608,31319,,8,1,0,return_request,resolved
7185,606,37546,,8,1,0,return_request,resolved
7186,605,21811,,72,1,1,technical_issue,resolved
7187,609,38498,,120,1,1,return_request,resolved
7188,608,19897,,2,1,0,return_request,resolved
7189,606,37173,,120,1,1,return_request,resolved
7190,620,11907,,48,1,0,return_request,resolved
7191,609,41731,,48,1,0,return_request,pending
7192,616,45213,,2,1,0,return_request,resolved
7193,617,19802,,24,1,0,return_request,resolved
7194,616,17333,,120,1,1,return_request,resolved
7195,612,18362,28,48,1,0,warranty_claim,resolved
7196,620,31257,,48,1,0,return_request,resolved
7197,607,41437,,24,1,0,return_request,resolved
7198,608,44319,,48,1,0,return_request,in_progress
7199,616,19939,9,24,1,0,delivery_problem,resolved
7200,620,34116,,24,1,0,return_request,resolved
7201,618,18947,,24,1,0,return_request,resolved
7202,616,39928,,48,1,0,warranty_claim,resolved
7203,608,48132,,120,1,1,return_request,resolved
7204,617,12981,6,48,1,0,return_request,in_progress
7205,615,33896,3,8,1,0,technical_issue,pending
7206,619,8932,,72,1,1,return_request,in_progress
7207,615,28448,,8,1,0,return_request,resolved
7208,619,48024,,2,1,0,billing_issue,resolved
7209,619,28267,,120,1,1,return_request,resolved
7210,608,11450,8,8,1,0,delivery_problem,resolved
7211,619,3904,2,72,1,1,billing_issue,resolved
7212,621,41668,,8,1,0,return_request,resolved
7213,609,28204,,8,1,0,return_request,resolved
7214,619,26671,,72,1,1,product_inquiry,resolved
7215,611,47441,,24,1,0,return_request,resolved
7216,622,11902,22,168,1,1,product_inquiry,resolved
7217,612,16098,,48,1,0,return_request,in_progress
7218,620,37022,,48,1,0,return_request,resolved
7219,614,46236,,2,1,0,return_request,resolved
7220,612,30608,,2,1,0,return_request,resolved
7221,618,48197,,8,1,0,delivery_problem,resolved
7222,622,15164,,24,1,0,return_request,resolved
7223,613,22844,,24,1,0,return_request,resolved
7224,618,12107,,24,1,0,return_request,resolved
7225,620,32961,,4,1,0,return_request,resolved
7226,615,30711,,24,1,0,return_request,resolved
7227,616,4940,6,24,1,0,return_request,resolved
7228,622,17578,,2,1,0,return_request,resolved
7229,613,1607,,4,1,0,return_request,resolved
7230,609,43936,,72,1,1,return_request,resolved
7231,615,9737,,8,1,0,technical_issue,in_progress
7232,615,29753,,8,1,0,return_request,resolved
7233,619,45270,,8,1,0,return_request,resolved
7234,618,30597,8,24,1,0,product_inquiry,resolved
7235,610,25369,27,8,1,0,billing_issue,resolved
7236,611,13303,,48,1,0,billing_issue,resolved
7237,622,17694,10,24,1,0,product_inquiry,resolved
7238,617,33136,,8,1,0,billing_issue,resolved
7239,614,7788,16,72,1,1,return_request,resolved
7240,620,37585,,4,1,0,return_request,resolved
7241,618,16915,,4,1,0,return_request,resolved
7242,610,37854,,48,1,0,return_request,resolved
7243,621,34106,1,8,1,0,billing_issue,resolved
7244,612,19278,,24,1,0,return_request,resolved
7245,621,27204,17,2,1,0,return_request,resolved
7246,612,48887,,72,1,1,warranty_claim,resolved
7247,617,40484,,4,1,0,return_request,resolved
7248,616,23271,,72,1,1,technical_issue,resolved
7249,618,821,4,48,1,0,billing_issue,pending
7250,616,30364,,72,1,1,return_request,pending
7251,625,16271,,8,1,0,return_request,resolved
7252,619,10154,,24,1,0,return_request,resolved
7253,620,5683,,4,1,0,return_request,resolved
7254,622,34309,,48,1,0,return_request,pending
7255,617,49999,,8,1,0,return_request,resolved
7256,619,40727,,48,1,0,return_request,resolved
7257,622,22871,,2,1,0,delivery_problem,resolved
7258,619,7204,,8,1,0,return_request,resolved
7259,617,13083,15,48,1,0,technical_issue,in_progress
7260,618,48724,3,4,1,0,return_request,resolved
7261,612,1542,,48,1,0,return_request,resolved
7262,617,44603,,72,1,1,return_request,resolved
7263,618,1314,,2,1,0,delivery_problem,resolved
7264,618,24121,,72,1,1,delivery_problem,resolved
7265,612,38819,,24,1,0,technical_issue,resolved
7266,625,23172,,8,1,0,return_request,resolved
7267,617,3083,,120,1,1,return_request,resolved
7268,625,34807,,8,1,0,return_request,resolved
7269,624,44345,,72,1,1,return_request,resolved
7270,623,41456,,8,1,0,technical_issue,resolved
7271,625,1969,,4,1,0,return_request,resolved
7272,621,9643,,48,1,0,technical_issue,resolved
7273,627,29084,,2,1,0,return_request,pending
7274,621,5966,,48,1,0,return_request,resolved
7275,615,27349,,72,1,1,return_request,resolved
7276,615,7403,,24,1,0,return_request,resolved
7277,626,29644,,48,1,0,delivery_problem,resolved
7278,623,8112,,24,1,0,return_request,resolved
7279,623,48815,,120,1,1,return_request,resolved
7280,626,36814,,24,1,0,return_request,resolved
7281,623,9783,12,24,1,0,warranty_claim,resolved
7282,625,17739,17,8,1,0,delivery_problem,resolved
7283,620,27216,,4,1,0,return_request,pending
7284,616,6348,,24,1,0,return_request,resolved
7285,626,9339,,48,1,0,delivery_problem,resolved
7286,617,21238,,24,1,0,return_request,resolved
7287,625,25141,,24,1,0,delivery_problem,resolved
7288,626,48754,,8,1,0,return_request,resolved
7289,623,21589,,2,1,0,return_request,in_progress
7290,625,21967,,168,1,1,return_request,pending
7291,619,37101,,4,1,0,return_request,resolved
7292,628,41623,,24,1,0,delivery_problem,resolved
7293,625,35845,,48,1,0,return_request,resolved
7294,618,43055,,2,1,0,return_request,resolved
7295,626,45966,16,2,1,0,delivery_problem,resolved
7296,615,40673,,168,1,1,technical_issue,resolved
7297,628,46457,,4,1,0,return_request,resolved
7298,616,27237,,2,1,0,return_request,pending
7299,616,24527,,120,1,1,return_request,resolved
7300,617,40565,5,24,1,0,technical_issue,resolved
7301,622,1027,,4,1,0,return_request,pending
7302,615,39522,,24,1,0,return_request,resolved
7303,615,5061,,4,1,0,return_request,resolved
7304,616,4794,,24,1,0,delivery_problem,resolved
7305,615,48190,,8,1,0,return_request,resolved
7306,618,31307,,8,1,0,return_request,resolved
7307,626,20240,,2,1,0,technical_issue,resolved
7308,622,21817,,4,1,0,return_request,resolved
7309,615,48873,,2,1,0,return_request,resolved
7310,622,39852,,48,1,0,delivery_problem,resolved
7311,627,18189,28,8,1,0,product_inquiry,resolved
7312,622,7831,25,4,1,0,billing_issue,resolved
7313,623,37818,,48,1,0,technical_issue,resolved
7314,617,37888,,8,1,0,return_request,resolved
7315,622,46420,,24,1,0,return_request,resolved
7316,624,5253,,2,1,0,return_request,resolved
7317,618,5700,,8,1,0,return_request,resolved
7318,621,31444,,2,1,0,technical_issue,resolved
7319,623,28635,,48,1,0,return_request,resolved
7320,626,40193,18,24,1,0,technical_issue,resolved
7321,618,41401,,48,1,0,billing_issue,resolved
7322,623,8049,,120,1,1,return_request,resolved
7323,627,41613,,8,1,0,return_request,resolved
7324,620,20106,,2,1,0,return_request,resolved
7325,617,26805,,8,1,0,return_request,resolved
7326,630,6588,,24,1,0,return_request,resolved
7327,626,32777,,8,1,0,return_request,pending
7328,616,1858,,8,1,0,return_request,resolved
7329,621,43645,,24,1,0,return_request,resolved
7330,619,16224,,24,1,0,return_request,resolved
7331,619,32712,,8,1,0,return_request,in_progress
7332,627,41323,,4,1,0,delivery_problem,resolved
7333,620,3870,21,4,1,0,delivery_problem,resolved
7334,626,2336,,24,1,0,return_request,resolved
7335,631,24173,,8,1,0,warranty_claim,resolved
7336,620,627,,24,1,0,return_request,resolved
7337,620,15178,,24,1,0,billing_issue,resolved
7338,628,359,,2,1,0,return_request,resolved
7339,626,39892,,24,1,0,delivery_problem,resolved
7340,624,12246,,72,1,1,return_request,resolved
7341,625,24110,27,4,1,0,technical_issue,resolved
7342,619,41107,,8,1,0,return_request,resolved
7343,623,28260,,24,1,0,return_request,resolved
7344,623,46357,,8,1,0,delivery_problem,resolved
7345,622,14052,27,72,1,1,technical_issue,resolved
7346,626,5169,,72,1,1,return_request,resolved
7347,622,4671,,120,1,1,return_request,resolved
7348,624,30230,11,8,1,0,delivery_problem,resolved
7349,626,31746,,2,1,0,return_request,resolved
7350,631,33946,,8,1,0,billing_issue,resolved
7351,620,15968,,2,1,0,warranty_claim,resolved
7352,629,25346,,72,1,1,return_request,resolved
7353,621,9174,,2,1,0,return_request,resolved
7354,631,13969,,24,1,0,return_request,pending
7355,631,49964,,4,1,0,return_request,in_progress
7356,632,45605,,8,1,0,return_request,in_progress
7357,625,2590,,2,1,0,return_request,pending
7358,619,41776,,48,1,0,technical_issue,resolved
7359,625,3515,,72,1,1,return_request,resolved
7360,626,4827,10,2,1,0,product_inquiry,resolved
7361,632,19294,,4,1,0,return_request,resolved
7362,627,47557,,2,1,0,technical_issue,pending
7363,627,1183,,8,1,0,return_request,resolved
7364,627,6465,,8,1,0,delivery_problem,resolved
7365,628,11720,,48,1,0,return_request,resolved
7366,631,5,5,48,1,0,return_request,pending
7367,627,24989,,24,1,0,warranty_claim,resolved
7368,631,25154,,48,1,0,return_request,resolved
7369,626,4211,,8,1,0,return_request,resolved
7370,621,18971,,8,1,0,delivery_problem,resolved
7371,632,45685,,4,1,0,return_request,resolved
7372,631,31231,,72,1,1,return_request,resolved
7373,632,4791,,2,1,0,return_request,resolved
7374,624,4632,,24,1,0,return_request,resolved
7375,630,42116,,24,1,0,warranty_claim,resolved
7376,624,7042,,48,1,0,return_request,resolved
7377,626,41199,,72,1,1,warranty_claim,resolved
7378,625,45045,,8,1,0,return_request,resolved
7379,631,38277,,72,1,1,return_request,pending
7380,634,5158,,8,1,0,return_request,resolved
7381,628,45860,,24,1,0,billing_issue,resolved
7382,621,22179,,24,1,0,return_request,resolved
7383,621,37535,9,4,1,0,technical_issue,resolved
7384,627,22855,,72,1,1,return_request,resolved
7385,633,7890,,4,1,0,return_request,resolved
7386,625,1455,,24,1,0,return_request,in_progress
7387,625,2622,5,120,1,1,technical_issue,resolved
7388,627,24808,,24,1,0,return_request,resolved
7389,630,21311,,120,1,1,return_request,resolved
7390,626,21256,,2,1,0,return_request,resolved
7391,630,8633,,48,1,0,return_request,resolved
7392,626,47685,12,4,1,0,warranty_claim,resolved
7393,632,49437,,168,1,1,return_request,resolved
7394,630,15596,,120,1,1,warranty_claim,resolved
7395,624,25476,,2,1,0,product_inquiry,resolved
7396,631,2276,,48,1,0,return_request,resolved
7397,623,22763,,8,1,0,return_request,resolved
7398,636,28437,9,2,1,0,return_request,pending
7399,623,5319,,4,1,0,return_request,resolved
7400,624,21023,,4,1,0,return_request,resolved
7401,623,35752,6,72,1,1,billing_issue,in_progress
7402,637,35934,,24,1,0,return_request,pending
7403,624,23567,,24,1,0,technical_issue,resolved
7404,624,7325,,24,1,0,return_request,resolved
7405,625,39251,,4,1,0,return_request,resolved
7406,637,1518,,24,1,0,return_request,resolved
7407,625,34896,,24,1,0,return_request,resolved
7408,623,28564,,8,1,0,return_request,resolved
7409,634,12434,,48,1,0,return_request,resolved
7410,629,49708,,8,1,0,return_request,resolved
7411,630,38015,14,24,1,0,warranty_claim,resolved
7412,631,29176,,2,1,0,delivery_problem,resolved
7413,631,20564,,24,1,0,return_request,resolved
7414,624,34221,22,24,1,0,technical_issue,resolved
7415,638,42100,,2,1,0,return_request,resolved
7416,628,11803,,24,1,0,return_request,resolved
7417,625,47436,,48,1,0,return_request,resolved
7418,627,20125,,24,1,0,return_request,resolved
7419,633,36470,,8,1,0,technical_issue,resolved
7420,626,9497,13,4,1,0,billing_issue,resolved
7421,630,30410,,4,1,0,delivery_problem,resolved
7422,627,35429,,4,1,0,return_request,resolved
7423,631,19650,,24,1,0,return_request,in_progress
7424,628,8976,,168,1,1,delivery_problem,resolved
7425,636,21061,,120,1,1,return_request,resolved
7426,629,18926,,4,1,0,return_request,resolved
7427,631,632,,48,1,0,warranty_claim,resolved
7428,634,40198,,48,1,0,return_request,resolved
7429,633,36803,,72,1,1,return_request,resolved
7430,630,12995,,48,1,0,technical_issue,resolved
7431,636,42480,,48,1,0,return_request,resolved
7432,632,35228,,72,1,1,return_request,in_progress
7433,639,40261,,72,1,1,warranty_claim,resolved
7434,625,48908,,8,1,0,warranty_claim,resolved
7435,635,6812,,8,1,0,delivery_problem,resolved
7436,638,2610,,24,1,0,return_request,resolved
7437,638,26522,,24,1,0,billing_issue,resolved
7438,632,43315,,2,1,0,return_request,resolved
7439,627,13449,,4,1,0,warranty_claim,resolved
7440,639,30628,,4,1,0,return_request,resolved
7441,628,4580,,8,1,0,technical_issue,resolved
7442,633,1803,,48,1,0,return_request,resolved
7443,639,16792,,24,1,0,billing_issue,resolved
7444,633,43758,,168,1,1,warranty_claim,resolved
7445,640,19645,,8,1,0,return_request,resolved
7446,635,30955,,48,1,0,return_request,resolved
7447,640,20330,,48,1,0,billing_issue,resolved
7448,639,18541,,24,1,0,technical_issue,in_progress
7449,629,14719,,2,1,0,return_request,resolved
7450,631,22145,,24,1,0,return_request,resolved
7451,634,33706,,24,1,0,return_request,resolved
7452,636,20531,,24,1,0,return_request,resolved
7453,637,36043,,48,1,0,delivery_problem,resolved
7454,638,24402,,120,1,1,return_request,resolved
7455,636,13495,,168,1,1,technical_issue,resolved
7456,628,28823,20,4,1,0,return_request,resolved
7457,639,30383,,120,1,1,return_request,resolved
7458,632,16143,,8,1,0,billing_issue,resolved
7459,630,6389,,24,1,0,product_inquiry,resolved
7460,639,34829,,48,1,0,technical_issue,resolved
7461,631,47511,,24,1,0,return_request,pending
7462,634,46807,,8,1,0,delivery_problem,in_progress
7463,640,13984,,120,1,1,return_request,resolved
7464,635,41705,,24,1,0,return_request,resolved
7465,638,35299,,48,1,0,return_request,resolved
7466,630,17012,28,24,1,0,technical_issue,resolved
7467,637,22248,,24,1,0,return_request,resolved
7468,630,28977,,8,1,0,return_request,resolved
7469,633,13938,,120,1,1,return_request,pending
7470,629,46931,,120,1,1,delivery_problem,resolved
7471,638,42983,,2,1,0,return_request,resolved
7472,629,18373,,24,1,0,return_request,resolved
7473,632,31731,22,8,1,0,return_request,resolved
7474,629,8812,,2,1,0,technical_issue,resolved
7475,637,45410,6,120,1,1,technical_issue,resolved
7476,630,4577,,24,1,0,return_request,resolved
7477,634,27511,,2,1,0,return_request,resolved
7478,642,26773,,4,1,0,return_request,resolved
7479,643,40625,,72,1,1,return_request,resolved
7480,639,24664,6,48,1,0,technical_issue,in_progress
7481,631,48863,,24,1,0,return_request,resolved
7482,632,42613,,72,1,1,delivery_problem,resolved
7483,643,17653,,2,1,0,return_request,resolved
7484,635,24980,,8,1,0,return_request,in_progress
7485,639,36108,,2,1,0,billing_issue,resolved
7486,641,6444,,48,1,0,technical_issue,resolved
7487,642,48172,,4,1,0,technical_issue,in_progress
7488,642,9999,,48,1,0,delivery_problem,resolved
7489,644,25809,,4,1,0,delivery_problem,resolved
7490,643,28786,,4,1,0,technical_issue,resolved
7491,635,20460,14,8,1,0,billing_issue,resolved
7492,630,46985,20,120,1,1,return_request,resolved
7493,643,5711,,24,1,0,return_request,resolved
7494,636,25989,,2,1,0,return_request,resolved
7495,633,17366,,24,1,0,technical_issue,resolved
7496,631,14358,,120,1,1,return_request,resolved
7497,640,47716,,4,1,0,return_request,resolved
7498,636,18947,,8,1,0,technical_issue,resolved
7499,643,37245,,24,1,0,technical_issue,resolved
7500,640,39512,,48,1,0,return_request,resolved
7501,635,49951,,8,1,0,return_request,resolved
7502,637,46717,10,24,1,0,technical_issue,resolved
7503,643,15183,25,168,1,1,return_request,resolved
7504,638,20536,,24,1,0,return_request,resolved
7505,643,41509,6,24,1,0,return_request,resolved
7506,642,44644,,72,1,1,return_request,resolved
7507,637,5231,,24,1,0,product_inquiry,in_progress
7508,638,31115,,8,1,0,return_request,resolved
7509,636,30404,,8,1,0,return_request,resolved
7510,641,517,,48,1,0,return_request,resolved
7511,641,11789,,4,1,0,return_request,resolved
7512,639,10462,,4,1,0,return_request,resolved
7513,632,21131,,2,1,0,return_request,in_progress
7514,642,28156,,24,1,0,return_request,resolved
7515,640,6213,,48,1,0,return_request,resolved
7516,632,17029,10,24,1,0,technical_issue,resolved
7517,639,46988,,24,1,0,technical_issue,resolved
7518,640,22853,,8,1,0,return_request,resolved
7519,639,25974,,24,1,0,return_request,resolved
7520,635,1582,,72,1,1,return_request,resolved
7521,641,3224,,48,1,0,return_request,resolved
7522,640,3379,,4,1,0,return_request,resolved
7523,647,12436,13,8,1,0,technical_issue,resolved
7524,646,11504,,24,1,0,warranty_claim,resolved
7525,637,34434,,4,1,0,billing_issue,resolved
7526,635,29030,,4,1,0,return_request,resolved
7527,639,28720,,72,1,1,return_request,resolved
7528,642,26371,,168,1,1,delivery_problem,resolved
7529,645,1400,,8,1,0,return_request,resolved
7530,641,13739,4,120,1,1,return_request,resolved
7531,642,49800,,48,1,0,return_request,resolved
7532,634,16595,,2,1,0,delivery_problem,resolved
7533,641,14086,,8,1,0,delivery_problem,resolved
7534,641,15552,26,8,1,0,billing_issue,resolved
7535,642,8006,,2,1,0,return_request,resolved
7536,644,43643,,72,1,1,return_request,resolved
7537,635,38203,,24,1,0,technical_issue,resolved
7538,641,32397,,2,1,0,return_request,resolved
7539,648,1802,,2,1,0,billing_issue,resolved
7540,646,613,,8,1,0,return_request,resolved
7541,647,10055,,8,1,0,return_request,resolved
7542,644,25912,,4,1,0,return_request,pending
7543,642,47664,,72,1,1,return_request,pending
7544,644,22770,,24,1,0,return_request,resolved
7545,643,30322,28,8,1,0,billing_issue,resolved
7546,635,5252,,48,1,0,technical_issue,resolved
7547,642,2828,13,120,1,1,technical_issue,resolved
7548,648,26942,,2,1,0,return_request,resolved
7549,645,13104,,48,1,0,return_request,resolved
7550,640,44838,,8,1,0,delivery_problem,resolved
7551,641,12771,,24,1,0,billing_issue,resolved
7552,639,19650,,4,1,0,return_request,resolved
7553,649,16065,,24,1,0,return_request,resolved
7554,648,44841,,48,1,0,return_request,pending
7555,648,34607,,48,1,0,return_request,resolved
7556,640,5131,,24,1,0,return_request,resolved
7557,639,18606,,4,1,0,return_request,resolved
7558,637,21764,,24,1,0,return_request,in_progress
7559,639,21724,,8,1,0,return_request,resolved
7560,648,5155,,4,1,0,return_request,in_progress
7561,635,36886,,24,1,0,return_request,resolved
7562,639,37534,,72,1,1,return_request,resolved
7563,644,10057,,8,1,0,return_request,resolved
7564,640,28315,,8,1,0,billing_issue,resolved
7565,641,9398,,24,1,0,billing_issue,resolved
7566,650,7060,,168,1,1,return_request,resolved
7567,647,41061,,8,1,0,return_request,resolved
7568,646,43477,,2,1,0,return_request,resolved
7569,636,35635,,24,1,0,return_request,resolved
7570,642,25706,,8,1,0,return_request,resolved
7571,648,21153,,24,1,0,delivery_problem,resolved
7572,649,21409,,48,1,0,return_request,in_progress
7573,641,30937,,24,1,0,return_request,resolved
7574,650,47101,11,4,1,0,technical_issue,resolved
7575,646,26144,,8,1,0,return_request,resolved
7576,648,49134,,8,1,0,delivery_problem,resolved
7577,651,5181,16,24,1,0,technical_issue,resolved
7578,638,39002,,8,1,0,return_request,resolved
7579,640,27319,,4,1,0,return_request,resolved
7580,643,28121,,8,1,0,return_request,resolved
7581,642,15710,12,24,1,0,delivery_problem,resolved
7582,650,1702,20,4,1,0,warranty_claim,resolved
7583,650,33336,,48,1,0,return_request,in_progress
7584,650,1152,,8,1,0,return_request,resolved
7585,643,23311,,2,1,0,return_request,resolved
7586,642,34926,,48,1,0,return_request,resolved
7587,646,15041,,24,1,0,return_request,resolved
7588,644,27859,,24,1,0,return_request,in_progress
7589,646,6968,,24,1,0,return_request,resolved
7590,644,37912,,48,1,0,return_request,resolved
7591,650,30117,,72,1,1,delivery_problem,resolved
7592,640,40752,,48,1,0,return_request,resolved
7593,642,21980,,8,1,0,technical_issue,pending
7594,645,10665,,24,1,0,return_request,resolved
7595,646,20462,13,24,1,0,technical_issue,resolved
7596,641,44177,,24,1,0,product_inquiry,pending
7597,653,39759,,8,1,0,product_inquiry,resolved
7598,650,12626,,24,1,0,technical_issue,resolved
7599,648,26313,8,8,1,0,technical_issue,resolved
7600,649,28475,7,24,1,0,delivery_problem,resolved
7601,651,29551,,2,1,0,warranty_claim,resolved
7602,648,15098,,24,1,0,return_request,resolved
7603,644,16687,28,168,1,1,delivery_problem,resolved
7604,643,3776,11,8,1,0,warranty_claim,resolved
7605,646,42918,,2,1,0,return_request,resolved
7606,649,19350,,24,1,0,return_request,resolved
7607,641,31317,,24,1,0,return_request,resolved
7608,640,18209,25,24,1,0,delivery_problem,in_progress
7609,654,31188,,8,1,0,warranty_claim,pending
7610,649,8495,,24,1,0,billing_issue,in_progress
7611,649,33800,,48,1,0,delivery_problem,resolved
7612,648,47212,,120,1,1,return_request,in_progress
7613,642,31066,,2,1,0,return_request,resolved
7614,652,21940,,24,1,0,billing_issue,resolved
7615,644,40741,19,8,1,0,technical_issue,resolved
7616,645,18861,,72,1,1,billing_issue,resolved
7617,647,40885,,24,1,0,billing_issue,in_progress
7618,643,27248,,4,1,0,return_request,resolved
7619,645,39561,,72,1,1,delivery_problem,resolved
7620,645,14877,,8,1,0,return_request,resolved
7621,641,33093,,4,1,0,billing_issue,in_progress
7622,653,9820,,24,1,0,delivery_problem,resolved
7623,645,6872,,4,1,0,return_request,pending
7624,642,635,,120,1,1,return_request,resolved
7625,651,49373,,24,1,0,return_request,resolved
7626,642,38458,,4,1,0,delivery_problem,resolved
7627,645,6049,,72,1,1,return_request,resolved
7628,653,40944,18,48,1,0,return_request,resolved
7629,653,5189,,168,1,1,technical_issue,pending
7630,653,4284,,72,1,1,return_request,resolved
7631,650,7148,,72,1,1,return_request,resolved
7632,655,6626,27,24,1,0,warranty_claim,resolved
7633,648,7619,,4,1,0,billing_issue,resolved
7634,648,13373,,72,1,1,billing_issue,resolved
7635,644,2811,,4,1,0,return_request,resolved
7636,644,18582,14,24,1,0,warranty_claim,resolved
7637,647,24302,,4,1,0,return_request,resolved
7638,647,38005,,48,1,0,billing_issue,resolved
7639,650,9027,,24,1,0,return_request,resolved
7640,650,4897,25,8,1,0,return_request,resolved
7641,643,45691,,168,1,1,delivery_problem,resolved
7642,654,1687,,2,1,0,technical_issue,resolved
7643,644,14497,9,48,1,0,technical_issue,resolved
7644,648,41329,6,4,1,0,technical_issue,in_progress
7645,645,35314,,8,1,0,billing_issue,resolved
7646,648,24734,,2,1,0,return_request,pending
7647,650,30902,19,72,1,1,return_request,resolved
7648,650,39364,,2,1,0,return_request,resolved
7649,656,48449,,4,1,0,delivery_problem,resolved
7650,643,16318,,24,1,0,delivery_problem,resolved
7651,645,46852,,24,1,0,return_request,resolved
7652,652,39820,18,24,1,0,delivery_problem,resolved
7653,651,33423,,24,1,0,return_request,resolved
7654,652,45603,,48,1,0,warranty_claim,resolved
7655,651,49625,,4,1,0,return_request,resolved
7656,646,4182,,24,1,0,delivery_problem,resolved
7657,649,18991,,72,1,1,return_request,resolved
7658,648,42382,,8,1,0,return_request,resolved
7659,656,11189,19,72,1,1,product_inquiry,resolved
7660,656,48160,,8,1,0,return_request,resolved
7661,651,5639,,4,1,0,technical_issue,resolved
7662,650,32027,,8,1,0,technical_issue,resolved
7663,646,44112,,8,1,0,delivery_problem,resolved
7664,654,37452,,2,1,0,product_inquiry,resolved
7665,649,13731,21,48,1,0,warranty_claim,resolved
7666,645,6009,,8,1,0,return_request,resolved
7667,645,21116,,8,1,0,return_request,resolved
7668,655,25156,,8,1,0,delivery_problem,resolved
7669,644,16207,,2,1,0,return_request,resolved
7670,646,10973,,24,1,0,return_request,resolved
7671,659,30180,,8,1,0,return_request,resolved
7672,649,25156,,48,1,0,return_request,resolved
7673,653,48632,,24,1,0,technical_issue,pending
7674,651,12013,2,24,1,0,technical_issue,resolved
7675,651,13102,,8,1,0,return_request,resolved
7676,655,28811,,8,1,0,return_request,resolved
7677,659,183,,4,1,0,delivery_problem,resolved
7678,653,8417,,48,1,0,return_request,resolved
7679,654,37691,,24,1,0,return_request,resolved
7680,651,19212,,4,1,0,warranty_claim,resolved
7681,649,2337,,8,1,0,billing_issue,resolved
7682,659,9319,,24,1,0,return_request,resolved
7683,649,16234,,24,1,0,return_request,in_progress
7684,657,17165,,24,1,0,return_request,resolved
7685,648,6444,,4,1,0,return_request,resolved
7686,649,42717,,48,1,0,technical_issue,resolved
7687,656,37524,,8,1,0,billing_issue,resolved
7688,653,34687,,24,1,0,return_request,resolved
7689,652,14549,,2,1,0,delivery_problem,resolved
7690,646,38449,,48,1,0,return_request,resolved
7691,658,15427,,24,1,0,technical_issue,resolved
7692,660,39049,,8,1,0,return_request,resolved
7693,656,24484,,8,1,0,return_request,resolved
7694,653,1108,,4,1,0,delivery_problem,resolved
7695,647,43544,5,24,1,0,return_request,resolved
7696,659,44497,,4,1,0,technical_issue,resolved
7697,657,9509,,24,1,0,return_request,resolved
7698,655,8149,,48,1,0,delivery_problem,resolved
7699,651,32344,,2,1,0,return_request,resolved
7700,647,9766,,24,1,0,technical_issue,in_progress
7701,655,25709,,24,1,0,billing_issue,in_progress
7702,659,19890,,4,1,0,return_request,resolved
7703,659,20596,14,168,1,1,billing_issue,resolved
7704,651,34256,,72,1,1,return_request,resolved
7705,647,20554,,8,1,0,return_request,resolved
7706,655,5967,,4,1,0,delivery_problem,resolved
7707,661,37698,,72,1,1,warranty_claim,resolved
7708,662,40932,26,8,1,0,return_request,resolved
7709,657,13155,,4,1,0,return_request,resolved
7710,662,25226,,120,1,1,return_request,resolved
7711,660,39146,,48,1,0,return_request,resolved
7712,650,1972,,2,1,0,warranty_claim,resolved
7713,659,43914,,48,1,0,delivery_problem,resolved
7714,656,17539,,48,1,0,return_request,resolved
7715,660,11762,17,24,1,0,return_request,resolved
7716,655,19477,,24,1,0,delivery_problem,resolved
7717,662,45540,,8,1,0,return_request,resolved
7718,655,1740,23,8,1,0,billing_issue,resolved
7719,659,48763,,8,1,0,return_request,resolved
7720,661,25601,,4,1,0,return_request,resolved
7721,650,30096,1,8,1,0,technical_issue,resolved
7722,652,5613,,8,1,0,return_request,resolved
7723,662,1212,,24,1,0,return_request,resolved
7724,660,10114,,2,1,0,return_request,pending
7725,659,32958,22,24,1,0,return_request,in_progress
7726,660,25905,,48,1,0,return_request,resolved
7727,663,31765,,4,1,0,return_request,resolved
7728,663,37858,,2,1,0,delivery_problem,resolved
7729,657,26878,,8,1,0,billing_issue,resolved
7730,660,2425,,4,1,0,billing_issue,resolved
7731,652,34415,,8,1,0,return_request,resolved
7732,664,14772,,2,1,0,return_request,resolved
7733,650,24182,,4,1,0,return_request,resolved
7734,661,7941,,8,1,0,technical_issue,resolved
7735,657,35424,2,8,1,0,delivery_problem,resolved
7736,664,42551,,8,1,0,return_request,resolved
7737,664,13959,,24,1,0,return_request,resolved
7738,657,17633,,24,1,0,return_request,resolved
7739,662,18799,,4,1,0,return_request,resolved
7740,658,26285,11,4,1,0,technical_issue,resolved
7741,663,14252,,48,1,0,technical_issue,resolved
7742,650,31421,,24,1,0,return_request,resolved
7743,657,22197,,48,1,0,delivery_problem,resolved
7744,653,1139,,8,1,0,return_request,resolved
7745,659,9001,12,48,1,0,technical_issue,pending
7746,659,49411,,4,1,0,return_request,resolved
7747,652,17921,,4,1,0,return_request,resolved
7748,659,49695,27,24,1,0,technical_issue,resolved
7749,663,7217,14,4,1,0,technical_issue,resolved
7750,652,24301,,48,1,0,warranty_claim,resolved
7751,654,3164,19,24,1,0,technical_issue,resolved
7752,658,47775,,72,1,1,return_request,resolved
7753,664,15984,,168,1,1,return_request,resolved
7754,663,46077,,2,1,0,return_request,resolved
7755,663,38662,10,4,1,0,return_request,resolved
7756,658,35963,,24,1,0,return_request,resolved
7757,663,40107,,72,1,1,return_request,pending
7758,666,41511,,48,1,0,return_request,resolved
7759,659,2992,,8,1,0,return_request,in_progress
7760,658,38865,28,8,1,0,product_inquiry,resolved
7761,666,258,,4,1,0,return_request,resolved
7762,656,15352,,48,1,0,return_request,pending
7763,653,20565,,8,1,0,delivery_problem,resolved
7764,663,42379,,8,1,0,return_request,resolved
7765,652,37972,17,2,1,0,delivery_problem,resolved
7766,662,28073,,24,1,0,return_request,in_progress
7767,663,7372,,24,1,0,technical_issue,resolved
7768,663,40710,,24,1,0,return_request,resolved
7769,663,33197,,24,1,0,technical_issue,resolved
7770,667,8065,,4,1,0,return_request,resolved
7771,662,47952,,8,1,0,technical_issue,resolved
7772,665,8035,,24,1,0,return_request,resolved
7773,663,154,,8,1,0,delivery_problem,resolved
7774,658,34624,,24,1,0,return_request,resolved
7775,659,36825,,120,1,1,return_request,resolved
7776,664,10196,19,4,1,0,technical_issue,resolved
7777,657,785,,2,1,0,return_request,resolved
7778,663,32641,,2,1,0,return_request,resolved
7779,662,1873,,8,1,0,return_request,pending
7780,666,30372,,72,1,1,technical_issue,resolved
7781,660,23659,,24,1,0,return_request,resolved
7782,664,9158,,2,1,0,warranty_claim,resolved
7783,659,11217,5,8,1,0,technical_issue,in_progress
7784,664,37249,,8,1,0,return_request,resolved
7785,668,36565,15,8,1,0,technical_issue,in_progress
7786,666,36982,,24,1,0,return_request,resolved
7787,654,20519,,4,1,0,return_request,resolved
7788,666,4385,,24,1,0,return_request,resolved
7789,664,44249,,48,1,0,warranty_claim,resolved
7790,667,3009,,8,1,0,return_request,resolved
7791,665,11892,,24,1,0,return_request,in_progress
7792,655,43772,2,8,1,0,billing_issue,resolved
7793,662,38402,,24,1,0,return_request,resolved
7794,661,21127,,8,1,0,warranty_claim,resolved
7795,662,2573,,24,1,0,return_request,resolved
7796,666,12670,,24,1,0,return_request,resolved
7797,665,46134,,24,1,0,return_request,resolved
7798,664,33981,,48,1,0,return_request,resolved
7799,655,37485,,72,1,1,return_request,resolved
7800,659,32797,,24,1,0,billing_issue,resolved
7801,666,4630,,72,1,1,return_request,resolved
7802,657,19192,,24,1,0,delivery_problem,resolved
7803,659,46803,,120,1,1,technical_issue,resolved
7804,668,21968,,2,1,0,return_request,resolved
7805,666,34935,,4,1,0,return_request,resolved
7806,662,43514,,8,1,0,billing_issue,resolved
7807,659,46365,,8,1,0,warranty_claim,resolved
7808,666,31319,,48,1,0,delivery_problem,pending
7809,669,15540,,48,1,0,return_request,resolved
7810,670,165,,8,1,0,return_request,resolved
7811,656,13856,,4,1,0,technical_issue,resolved
7812,664,46982,,2,1,0,return_request,resolved
7813,657,30977,18,8,1,0,delivery_problem,resolved
7814,660,22501,14,8,1,0,delivery_problem,resolved
7815,657,8380,3,8,1,0,product_inquiry,resolved
7816,663,34761,,2,1,0,return_request,resolved
7817,661,35402,,8,1,0,return_request,in_progress
7818,671,16549,,8,1,0,technical_issue,resolved
7819,669,38734,,72,1,1,return_request,resolved
7820,657,12115,,48,1,0,return_request,resolved
7821,670,13337,,4,1,0,delivery_problem,resolved
7822,671,43807,,48,1,0,return_request,resolved
7823,667,7994,,8,1,0,technical_issue,resolved
7824,658,22651,27,120,1,1,delivery_problem,resolved
7825,657,2038,,48,1,0,return_request,resolved
7826,662,16516,,8,1,0,return_request,resolved
7827,660,23453,,4,1,0,return_request,resolved
7828,668,15945,,4,1,0,return_request,pending
7829,671,21925,,48,1,0,return_request,resolved
7830,663,1540,,8,1,0,return_request,resolved
7831,662,20730,,8,1,0,return_request,resolved
7832,661,47223,,4,1,0,technical_issue,in_progress
7833,670,25198,,24,1,0,return_request,resolved
7834,660,18067,7,24,1,0,delivery_problem,resolved
7835,661,6154,,2,1,0,return_request,resolved
7836,658,37014,,72,1,1,technical_issue,resolved
7837,671,44559,,4,1,0,return_request,pending
7838,672,32177,,8,1,0,return_request,resolved
7839,669,4074,,24,1,0,return_request,resolved
7840,668,6066,,48,1,0,warranty_claim,resolved
7841,660,31242,,48,1,0,return_request,in_progress
7842,661,29684,,8,1,0,product_inquiry,resolved
7843,672,6382,,24,1,0,return_request,resolved
7844,668,8922,4,24,1,0,billing_issue,resolved
7845,665,16713,,24,1,0,return_request,pending
7846,667,47787,,24,1,0,return_request,resolved
7847,673,1880,,24,1,0,return_request,resolved
7848,664,36583,,24,1,0,return_request,in_progress
7849,660,47583,,8,1,0,return_request,resolved
7850,671,32658,,24,1,0,return_request,resolved
7851,673,29675,19,24,1,0,billing_issue,in_progress
7852,674,12399,18,24,1,0,return_request,resolved
7853,667,3868,,8,1,0,return_request,in_progress
7854,670,25634,,48,1,0,return_request,resolved
7855,672,6133,,4,1,0,return_request,resolved
7856,667,14203,,48,1,0,return_request,resolved
7857,669,25171,,24,1,0,billing_issue,resolved
7858,674,17904,,8,1,0,technical_issue,resolved
7859,663,15655,,24,1,0,return_request,resolved
7860,667,6279,13,72,1,1,warranty_claim,resolved
7861,664,30915,,2,1,0,return_request,resolved
7862,668,48158,,8,1,0,return_request,pending
7863,669,21780,,8,1,0,delivery_problem,pending
7864,662,35183,,48,1,0,return_request,resolved
7865,666,40057,,48,1,0,return_request,resolved
7866,661,1028,,4,1,0,delivery_problem,resolved
7867,675,839,,8,1,0,return_request,resolved
7868,675,4851,,8,1,0,technical_issue,resolved
7869,673,40070,,8,1,0,return_request,resolved
7870,672,41101,,2,1,0,return_request,resolved
7871,663,16361,,72,1,1,product_inquiry,resolved
7872,674,33916,,8,1,0,warranty_claim,resolved
7873,676,48368,,72,1,1,return_request,resolved
7874,665,42766,,8,1,0,return_request,resolved
7875,665,32023,,8,1,0,return_request,resolved
7876,665,44785,,2,1,0,return_request,resolved
7877,662,17829,,48,1,0,return_request,resolved
7878,674,20344,,2,1,0,technical_issue,in_progress
7879,670,5035,,4,1,0,return_request,resolved
7880,668,18247,,8,1,0,return_request,resolved
7881,672,29705,,168,1,1,delivery_problem,resolved
7882,662,44406,,4,1,0,return_request,resolved
7883,671,48882,,24,1,0,return_request,resolved
7884,673,47545,8,8,1,0,technical_issue,resolved
7885,669,28828,23,2,1,0,delivery_problem,resolved
7886,664,26002,,24,1,0,return_request,resolved
7887,671,16994,,24,1,0,return_request,resolved
7888,662,26913,,48,1,0,return_request,resolved
7889,667,9810,,120,1,1,delivery_problem,pending
7890,668,10996,,48,1,0,return_request,resolved
7891,664,14216,16,48,1,0,billing_issue,resolved
7892,669,43723,,8,1,0,return_request,resolved
7893,667,15665,,4,1,0,return_request,in_progress
7894,670,48686,,8,1,0,return_request,resolved
7895,672,26769,,24,1,0,return_request,resolved
7896,670,27603,,24,1,0,delivery_problem,resolved
7897,675,5235,,2,1,0,product_inquiry,resolved
7898,669,47643,,24,1,0,return_request,resolved
7899,665,8725,,8,1,0,return_request,resolved
7900,665,29310,26,24,1,0,delivery_problem,resolved
7901,675,30118,13,24,1,0,delivery_problem,resolved
7902,666,35657,,120,1,1,return_request,resolved
7903,669,32142,,48,1,0,return_request,resolved
7904,677,35042,,24,1,0,technical_issue,resolved
7905,669,37846,,24,1,0,return_request,resolved
7906,672,3731,,24,1,0,technical_issue,resolved
7907,672,4864,,24,1,0,return_request,resolved
7908,669,12436,,48,1,0,return_request,resolved
7909,675,40880,14,72,1,1,delivery_problem,in_progress
7910,675,45045,,24,1,0,return_request,resolved
7911,678,2212,17,24,1,0,return_request,resolved
7912,672,46672,,24,1,0,return_request,resolved
7913,666,9644,,2,1,0,technical_issue,resolved
7914,668,35916,,8,1,0,return_request,resolved
7915,670,14693,6,8,1,0,return_request,in_progress
7916,664,25823,,48,1,0,return_request,pending
7917,670,30786,15,24,1,0,technical_issue,resolved
7918,676,35456,,24,1,0,return_request,resolved
7919,672,49890,,24,1,0,technical_issue,resolved
7920,668,9745,,8,1,0,billing_issue,resolved
7921,679,5208,,48,1,0,return_request,resolved
7922,674,23557,14,24,1,0,return_request,resolved
7923,669,31890,,4,1,0,return_request,pending
7924,679,213,,48,1,0,return_request,resolved
7925,674,9353,,4,1,0,return_request,pending
7926,676,3981,,2,1,0,return_request,resolved
7927,678,36913,,2,1,0,return_request,resolved
7928,672,9325,,8,1,0,return_request,resolved
7929,674,15443,,24,1,0,return_request,resolved
7930,673,47544,,24,1,0,return_request,in_progress
7931,680,34198,,48,1,0,billing_issue,resolved
7932,669,38226,,24,1,0,billing_issue,in_progress
7933,676,48907,,8,1,0,technical_issue,resolved
7934,676,20468,25,24,1,0,delivery_problem,resolved
7935,680,37087,,24,1,0,return_request,resolved
7936,667,9810,,48,1,0,return_request,resolved
7937,667,9767,,4,1,0,technical_issue,resolved
7938,674,7102,18,24,1,0,technical_issue,resolved
7939,676,36841,,24,1,0,return_request,resolved
7940,677,29162,,24,1,0,return_request,in_progress
7941,674,49347,,2,1,0,technical_issue,resolved
7942,672,1380,4,4,1,0,return_request,resolved
7943,680,6236,,8,1,0,return_request,resolved
7944,675,4004,1,8,1,0,billing_issue,resolved
7945,670,42629,,8,1,0,return_request,resolved
7946,673,35465,,24,1,0,return_request,resolved
7947,681,7685,,24,1,0,warranty_claim,resolved
7948,679,42107,20,4,1,0,technical_issue,resolved
7949,669,30662,27,120,1,1,warranty_claim,resolved
7950,672,42679,,48,1,0,return_request,resolved
7951,677,4179,22,24,1,0,technical_issue,resolved
7952,678,40545,,72,1,1,return_request,resolved
7953,679,4304,,2,1,0,billing_issue,in_progress
7954,676,24570,,8,1,0,return_request,resolved
7955,680,22353,,120,1,1,warranty_claim,resolved
7956,682,8386,,48,1,0,return_request,resolved
7957,677,45693,28,72,1,1,technical_issue,resolved
7958,669,4627,2,8,1,0,delivery_problem,resolved
7959,669,40514,,4,1,0,return_request,resolved
7960,674,7063,,8,1,0,technical_issue,resolved
7961,679,11134,,48,1,0,return_request,in_progress
7962,669,36079,,48,1,0,return_request,resolved
7963,674,11726,,4,1,0,return_request,resolved
7964,679,10778,,8,1,0,technical_issue,resolved
7965,669,24145,,4,1,0,return_request,resolved
7966,676,15357,,8,1,0,return_request,resolved
7967,678,42557,,72,1,1,billing_issue,resolved
7968,680,13894,,24,1,0,technical_issue,resolved
7969,678,45758,,8,1,0,return_request,in_progress
7970,676,11195,,4,1,0,billing_issue,resolved
7971,676,47374,,72,1,1,return_request,resolved
7972,678,41331,3,48,1,0,return_request,resolved
7973,683,16414,,8,1,0,return_request,resolved
7974,683,22129,,4,1,0,return_request,in_progress
7975,683,44614,,4,1,0,return_request,resolved
7976,675,1380,,120,1,1,return_request,resolved
7977,679,10616,,4,1,0,billing_issue,resolved
7978,682,31845,,4,1,0,return_request,resolved
7979,677,32972,13,24,1,0,technical_issue,pending
7980,671,22102,,2,1,0,return_request,resolved
7981,684,39082,,24,1,0,technical_issue,resolved
7982,684,30559,,4,1,0,return_request,resolved
7983,679,30544,,120,1,1,billing_issue,resolved
7984,679,19545,,4,1,0,return_request,pending
7985,672,30210,,8,1,0,return_request,resolved
7986,671,30380,,24,1,0,billing_issue,resolved
7987,681,38221,,48,1,0,return_request,resolved
7988,672,22509,18,4,1,0,delivery_problem,pending
7989,682,45510,16,24,1,0,return_request,resolved
7990,682,816,,48,1,0,return_request,resolved
7991,678,30541,,8,1,0,return_request,resolved
7992,682,31807,,72,1,1,return_request,resolved
7993,677,2796,,2,1,0,product_inquiry,resolved
7994,679,48551,,4,1,0,return_request,resolved
7995,685,15994,,4,1,0,return_request,resolved
7996,680,14473,,168,1,1,return_request,resolved
7997,679,18840,9,72,1,1,delivery_problem,resolved
7998,672,17867,,48,1,0,return_request,resolved
7999,680,22692,,4,1,0,return_request,resolved
8000,683,43186,,8,1,0,return_request,resolved
8001,676,47187,,8,1,0,return_request,resolved
8002,683,45733,,8,1,0,return_request,resolved
8003,684,40588,16,120,1,1,delivery_problem,resolved
8004,679,21333,,8,1,0,return_request,resolved
8005,675,48714,,72,1,1,return_request,resolved
8006,684,31515,,24,1,0,return_request,resolved
8007,676,14641,,8,1,0,return_request,pending
8008,671,21435,15,24,1,0,return_request,resolved
8009,674,40767,,4,1,0,return_request,resolved
8010,674,26521,,48,1,0,return_request,resolved
8011,684,37402,,72,1,1,return_request,resolved
8012,684,49207,11,72,1,1,delivery_problem,resolved
8013,685,49772,,24,1,0,return_request,resolved
8014,681,35254,11,24,1,0,billing_issue,resolved
8015,684,49794,18,8,1,0,billing_issue,resolved
8016,681,14490,10,48,1,0,delivery_problem,resolved
8017,678,42921,,24,1,0,delivery_problem,resolved
8018,685,18645,,4,1,0,return_request,resolved
8019,674,17262,5,8,1,0,billing_issue,resolved
8020,682,46389,,4,1,0,return_request,resolved
8021,686,3278,2,120,1,1,technical_issue,pending
8022,679,18490,,4,1,0,return_request,resolved
8023,686,46935,,72,1,1,return_request,resolved
8024,672,41265,23,48,1,0,delivery_problem,pending
8025,676,46959,,8,1,0,return_request,in_progress
8026,679,18327,,24,1,0,return_request,resolved
8027,684,27766,,48,1,0,return_request,resolved
8028,683,1407,3,4,1,0,warranty_claim,resolved
8029,677,37491,,48,1,0,return_request,resolved
8030,686,27586,4,24,1,0,technical_issue,resolved
8031,684,25600,,4,1,0,return_request,resolved
8032,677,11900,,48,1,0,return_request,in_progress
8033,682,40916,,72,1,1,billing_issue,resolved
8034,683,15512,,120,1,1,return_request,pending
8035,687,12687,,24,1,0,return_request,resolved
8036,677,13677,,24,1,0,return_request,resolved
8037,680,13655,,72,1,1,delivery_problem,resolved
8038,680,11692,,24,1,0,return_request,resolved
8039,679,3954,,8,1,0,return_request,resolved
8040,687,9017,,8,1,0,return_request,resolved
8041,673,29886,,24,1,0,return_request,resolved
8042,677,35637,,24,1,0,billing_issue,resolved
8043,681,40455,,48,1,0,return_request,resolved
8044,679,28172,,120,1,1,return_request,resolved
8045,685,39083,,72,1,1,return_request,resolved
8046,683,20177,,120,1,1,return_request,resolved
8047,685,47885,24,4,1,0,return_request,resolved
8048,681,43878,,4,1,0,return_request,resolved
8049,673,13328,7,4,1,0,warranty_claim,resolved
8050,680,4442,,8,1,0,return_request,resolved
8051,680,34277,,2,1,0,return_request,resolved
8052,679,7023,,120,1,1,return_request,resolved
8053,686,12190,,8,1,0,return_request,resolved
8054,682,34771,,48,1,0,return_request,resolved
8055,681,3354,,120,1,1,return_request,resolved
8056,679,46078,,120,1,1,return_request,resolved
8057,677,1173,9,48,1,0,warranty_claim,resolved
8058,675,38063,,72,1,1,return_request,resolved
8059,677,42051,,4,1,0,return_request,resolved
8060,682,3035,,72,1,1,return_request,resolved
8061,675,10860,,24,1,0,return_request,resolved
8062,681,8128,,4,1,0,return_request,resolved
8063,674,23241,,4,1,0,delivery_problem,resolved
8064,685,3604,,4,1,0,delivery_problem,resolved
8065,686,40075,,2,1,0,return_request,resolved
8066,685,48348,15,48,1,0,billing_issue,in_progress
8067,687,38270,,48,1,0,return_request,resolved
8068,683,21189,,24,1,0,return_request,resolved
8069,678,43256,,2,1,0,return_request,resolved
8070,674,12491,,24,1,0,return_request,resolved
8071,680,14607,,24,1,0,warranty_claim,resolved
8072,675,17992,,48,1,0,return_request,resolved
8073,687,8605,,168,1,1,return_request,resolved
8074,685,23796,,24,1,0,return_request,resolved
8075,678,14265,,4,1,0,technical_issue,resolved
8076,688,12495,,24,1,0,product_inquiry,resolved
8077,678,34910,,24,1,0,technical_issue,resolved
8078,679,47809,,24,1,0,return_request,resolved
8079,681,41807,,4,1,0,return_request,resolved
8080,687,22839,,48,1,0,return_request,resolved
8081,677,27545,,24,1,0,return_request,resolved
8082,680,15309,,24,1,0,return_request,resolved
8083,686,22347,,8,1,0,technical_issue,resolved
8084,679,5141,,24,1,0,return_request,resolved
8085,675,28853,,4,1,0,return_request,resolved
8086,676,25702,,4,1,0,return_request,resolved
8087,688,37269,,120,1,1,return_request,resolved
8088,684,17378,,8,1,0,return_request,resolved
8089,679,12470,,8,1,0,return_request,in_progress
8090,685,27821,,24,1,0,return_request,resolved
8091,683,21451,,24,1,0,return_request,resolved
8092,681,8091,,24,1,0,return_request,resolved
8093,680,29905,,24,1,0,delivery_problem,resolved
8094,682,27785,,4,1,0,return_request,resolved
8095,682,12962,,72,1,1,return_request,resolved
8096,678,24542,,24,1,0,return_request,resolved
8097,683,6907,17,24,1,0,warranty_claim,pending
8098,688,31885,,24,1,0,return_request,resolved
8099,678,2831,,2,1,0,return_request,pending
8100,686,20090,,48,1,0,return_request,resolved
8101,684,8326,,8,1,0,return_request,resolved
8102,675,20528,,2,1,0,return_request,resolved
8103,682,33950,,24,1,0,return_request,resolved
8104,685,34356,,8,1,0,return_request,resolved
8105,681,23737,15,48,1,0,delivery_problem,resolved
8106,687,8733,,8,1,0,return_request,resolved
8107,688,38780,,120,1,1,return_request,resolved
8108,675,33751,,24,1,0,return_request,in_progress
8109,683,40459,,8,1,0,return_request,resolved
8110,688,29898,5,48,1,0,billing_issue,resolved
8111,682,22818,,8,1,0,return_request,resolved
8112,689,16298,,4,1,0,return_request,resolved
8113,690,2154,,2,1,0,delivery_problem,resolved
8114,678,8180,,8,1,0,return_request,resolved
8115,676,4960,,24,1,0,return_request,resolved
8116,690,2721,,48,1,0,return_request,resolved
8117,686,15992,,4,1,0,return_request,resolved
8118,690,37011,,48,1,0,return_request,resolved
8119,679,2041,18,120,1,1,technical_issue,resolved
8120,686,2519,,48,1,0,return_request,resolved
8121,690,12368,,2,1,0,return_request,resolved
8122,678,2503,,24,1,0,billing_issue,resolved
8123,682,7461,,8,1,0,return_request,resolved
8124,687,15258,,24,1,0,return_request,pending
8125,689,28842,,8,1,0,return_request,resolved
8126,681,46932,,24,1,0,return_request,resolved
8127,690,5038,,48,1,0,billing_issue,in_progress
8128,677,48919,,2,1,0,return_request,resolved
8129,688,29573,,120,1,1,return_request,resolved
8130,691,35223,,8,1,0,return_request,resolved
8131,690,2037,4,48,1,0,billing_issue,resolved
8132,686,22491,,2,1,0,return_request,resolved
8133,690,25481,,24,1,0,return_request,resolved
8134,680,40433,1,168,1,1,warranty_claim,resolved
8135,684,33655,,48,1,0,delivery_problem,resolved
8136,690,37885,,48,1,0,product_inquiry,resolved
8137,688,33068,,4,1,0,return_request,resolved
8138,679,13778,10,168,1,1,technical_issue,resolved
8139,686,9757,,24,1,0,warranty_claim,resolved
8140,677,16015,,24,1,0,technical_issue,resolved
8141,691,4604,,2,1,0,billing_issue,resolved
8142,691,6091,,8,1,0,return_request,resolved
8143,685,22179,,2,1,0,return_request,resolved
8144,689,22701,,24,1,0,return_request,resolved
8145,688,924,,24,1,0,technical_issue,resolved
8146,681,39741,28,24,1,0,warranty_claim,resolved
8147,684,12118,,8,1,0,return_request,resolved
8148,687,48174,,72,1,1,return_request,resolved
8149,678,37454,11,24,1,0,delivery_problem,resolved
8150,688,13031,20,24,1,0,billing_issue,resolved
8151,678,7772,,8,1,0,return_request,resolved
8152,687,27745,,4,1,0,return_request,resolved
8153,688,914,,2,1,0,return_request,resolved
8154,684,18743,,48,1,0,return_request,resolved
8155,681,35172,5,24,1,0,billing_issue,pending
8156,682,21160,,48,1,0,billing_issue,pending
8157,685,11269,19,4,1,0,product_inquiry,in_progress
8158,684,18930,,8,1,0,billing_issue,resolved
8159,679,1251,,8,1,0,return_request,resolved
8160,688,45639,,8,1,0,return_request,pending
8161,684,8636,,8,1,0,return_request,resolved
8162,683,29978,,24,1,0,return_request,pending
8163,681,49627,,120,1,1,return_request,resolved
8164,683,47277,,48,1,0,delivery_problem,resolved
8165,684,13051,,72,1,1,billing_issue,resolved
8166,681,20658,,24,1,0,return_request,resolved
8167,679,46996,,4,1,0,return_request,resolved
8168,688,22608,,24,1,0,delivery_problem,resolved
8169,683,3826,,8,1,0,return_request,resolved
8170,692,3307,,120,1,1,return_request,resolved
8171,683,40180,,24,1,0,return_request,resolved
8172,683,48684,,48,1,0,return_request,resolved
8173,687,11985,22,8,1,0,delivery_problem,resolved
8174,688,1456,,48,1,0,return_request,resolved
8175,681,6039,7,2,1,0,return_request,resolved
8176,679,36916,1,48,1,0,technical_issue,resolved
8177,690,35830,,24,1,0,return_request,resolved
8178,685,5140,2,48,1,0,technical_issue,resolved
8179,691,38531,,8,1,0,return_request,resolved
8180,680,24426,,2,1,0,return_request,resolved
8181,694,6091,,48,1,0,return_request,pending
8182,691,34922,,8,1,0,return_request,resolved
8183,685,37523,,4,1,0,return_request,resolved
8184,680,11730,,24,1,0,return_request,resolved
8185,682,2416,,8,1,0,return_request,resolved
8186,687,42679,,4,1,0,return_request,resolved
8187,690,38383,,4,1,0,return_request,pending
8188,686,4760,27,24,1,0,technical_issue,resolved
8189,680,35885,,24,1,0,return_request,resolved
8190,684,20283,,24,1,0,return_request,resolved
8191,691,27771,,2,1,0,return_request,resolved
8192,686,36295,,2,1,0,warranty_claim,resolved
8193,687,1656,2,168,1,1,delivery_problem,resolved
8194,685,45158,,8,1,0,return_request,resolved
8195,680,24363,,24,1,0,return_request,resolved
8196,691,17878,,2,1,0,return_request,resolved
8197,683,10242,,120,1,1,return_request,resolved
8198,688,17229,28,4,1,0,product_inquiry,resolved
8199,688,21912,,2,1,0,return_request,resolved
8200,693,8310,,24,1,0,product_inquiry,resolved
8201,695,20211,,8,1,0,technical_issue,resolved
8202,688,11168,,72,1,1,technical_issue,resolved
8203,694,3391,,24,1,0,delivery_problem,resolved
8204,685,26120,,8,1,0,return_request,resolved
8205,692,39594,,24,1,0,delivery_problem,resolved
8206,686,765,,24,1,0,return_request,resolved
8207,687,16697,,24,1,0,return_request,in_progress
8208,688,17136,25,120,1,1,technical_issue,resolved
8209,695,36754,,8,1,0,return_request,resolved
8210,687,10275,23,8,1,0,billing_issue,resolved
8211,686,24311,,24,1,0,return_request,resolved
8212,689,2799,,8,1,0,return_request,in_progress
8213,688,3248,,48,1,0,return_request,in_progress
8214,688,11569,1,24,1,0,return_request,resolved
8215,684,16525,16,24,1,0,product_inquiry,resolved
8216,688,43321,11,48,1,0,delivery_problem,in_progress
8217,683,47334,6,8,1,0,warranty_claim,resolved
8218,689,47210,,72,1,1,return_request,resolved
8219,687,27241,,72,1,1,return_request,pending
8220,690,3164,,24,1,0,warranty_claim,resolved
8221,694,31522,,24,1,0,return_request,pending
8222,691,36342,,8,1,0,technical_issue,resolved
8223,688,10507,,48,1,0,delivery_problem,in_progress
8224,696,22612,,4,1,0,return_request,resolved
8225,685,20476,,48,1,0,billing_issue,resolved
8226,682,22253,,120,1,1,return_request,resolved
8227,683,22799,,48,1,0,delivery_problem,resolved
8228,687,36717,,8,1,0,return_request,resolved
8229,690,22834,,8,1,0,delivery_problem,resolved
8230,684,16682,8,4,1,0,delivery_problem,resolved
8231,692,32650,,2,1,0,return_request,in_progress
8232,694,49793,,8,1,0,return_request,resolved
8233,696,20286,,48,1,0,return_request,resolved
8234,691,37938,,8,1,0,return_request,resolved
8235,687,44346,,168,1,1,return_request,resolved
8236,693,21857,,8,1,0,return_request,resolved
8237,684,412,,8,1,0,warranty_claim,resolved
8238,696,12774,,48,1,0,return_request,resolved
8239,688,11696,,24,1,0,return_request,resolved
8240,687,23748,,8,1,0,return_request,resolved
8241,692,33589,,8,1,0,return_request,resolved
8242,689,35277,,24,1,0,return_request,resolved
8243,683,15045,,24,1,0,return_request,resolved
8244,691,26015,,120,1,1,return_request,resolved
8245,691,21940,,4,1,0,return_request,resolved
8246,692,4468,,8,1,0,return_request,resolved
8247,697,3549,,24,1,0,return_request,resolved
8248,692,44654,,4,1,0,return_request,resolved
8249,692,38437,,8,1,0,return_request,resolved
8250,686,6525,16,8,1,0,delivery_problem,resolved
8251,691,9559,,8,1,0,warranty_claim,resolved
8252,690,19535,,48,1,0,return_request,resolved
8253,693,7803,,24,1,0,return_request,resolved
8254,691,3354,,24,1,0,return_request,in_progress
8255,688,44687,18,24,1,0,warranty_claim,resolved
8256,694,9485,,4,1,0,return_request,pending
8257,685,34489,,48,1,0,return_request,resolved
8258,688,34523,,8,1,0,billing_issue,resolved
8259,694,20750,17,4,1,0,technical_issue,resolved
8260,689,31958,,48,1,0,return_request,resolved
8261,696,24551,,8,1,0,return_request,pending
8262,687,34599,26,4,1,0,warranty_claim,pending
8263,686,30085,18,8,1,0,return_request,resolved
8264,690,2384,,8,1,0,return_request,resolved
8265,691,16515,,8,1,0,return_request,pending
8266,695,34052,,8,1,0,technical_issue,resolved
8267,692,45806,,24,1,0,return_request,resolved
8268,686,30016,,48,1,0,return_request,resolved
8269,692,14801,,8,1,0,return_request,resolved
8270,694,45111,,8,1,0,return_request,in_progress
8271,686,26627,,48,1,0,technical_issue,in_progress
8272,693,29807,,72,1,1,return_request,resolved
8273,697,5381,,48,1,0,return_request,resolved
8274,688,18764,,4,1,0,return_request,resolved
8275,698,14350,,24,1,0,return_request,resolved
8276,698,11946,,8,1,0,return_request,resolved
8277,692,30097,,2,1,0,technical_issue,resolved
8278,694,49142,,48,1,0,return_request,pending
8279,690,15878,,8,1,0,return_request,resolved
8280,697,18445,,2,1,0,return_request,resolved
8281,691,39626,,8,1,0,billing_issue,resolved
8282,690,44048,,48,1,0,return_request,in_progress
8283,695,25019,,8,1,0,technical_issue,resolved
8284,686,6344,,72,1,1,technical_issue,resolved
8285,686,46469,,24,1,0,return_request,resolved
8286,695,17789,,48,1,0,return_request,resolved
8287,691,32307,,72,1,1,return_request,resolved
8288,696,2831,,24,1,0,return_request,resolved
8289,695,38748,,8,1,0,billing_issue,resolved
8290,691,25206,,48,1,0,return_request,pending
8291,689,43335,4,2,1,0,product_inquiry,pending
8292,700,20804,,4,1,0,return_request,resolved
8293,688,20190,,8,1,0,product_inquiry,pending
8294,689,34684,,48,1,0,product_inquiry,resolved
8295,691,13091,,24,1,0,product_inquiry,resolved
8296,698,13611,,24,1,0,return_request,resolved
8297,697,19113,,4,1,0,return_request,resolved
8298,691,30491,,48,1,0,return_request,resolved
8299,698,36443,,72,1,1,return_request,resolved
8300,690,20237,,4,1,0,return_request,resolved
8301,700,31223,,4,1,0,return_request,resolved
8302,690,44926,1,48,1,0,technical_issue,resolved
8303,697,37546,,4,1,0,return_request,resolved
8304,692,34254,,72,1,1,technical_issue,resolved
8305,693,47390,,2,1,0,return_request,in_progress
8306,698,44554,25,24,1,0,technical_issue,pending
8307,687,18478,,168,1,1,return_request,resolved
8308,696,35377,,120,1,1,return_request,resolved
8309,695,6915,,24,1,0,return_request,resolved
8310,688,45242,,24,1,0,return_request,resolved
8311,688,41630,,24,1,0,return_request,resolved
8312,687,35242,,24,1,0,return_request,resolved
8313,687,2984,,24,1,0,return_request,in_progress
8314,687,37871,,8,1,0,return_request,resolved
8315,696,32115,,2,1,0,warranty_claim,resolved
8316,691,6116,,2,1,0,return_request,resolved
8317,690,42754,,120,1,1,return_request,resolved
8318,692,9601,,24,1,0,billing_issue,resolved
8319,700,43131,,24,1,0,return_request,in_progress
8320,698,10608,,8,1,0,billing_issue,resolved
8321,700,37754,,8,1,0,product_inquiry,in_progress
8322,688,18615,,4,1,0,warranty_claim,resolved
8323,701,47891,,4,1,0,return_request,resolved
8324,702,48305,16,8,1,0,delivery_problem,resolved
8325,699,24204,22,8,1,0,return_request,resolved
8326,697,13789,,4,1,0,return_request,in_progress
8327,690,41517,5,48,1,0,billing_issue,resolved
8328,695,588,2,8,1,0,technical_issue,resolved
8329,690,34259,,24,1,0,return_request,resolved
8330,696,37301,,8,1,0,product_inquiry,resolved
8331,691,40882,,8,1,0,technical_issue,resolved
8332,700,2144,,4,1,0,technical_issue,resolved
8333,692,6067,,4,1,0,return_request,resolved
8334,699,4044,,8,1,0,return_request,resolved
8335,688,32009,,8,1,0,return_request,pending
8336,702,20452,,8,1,0,return_request,resolved
8337,688,13752,,8,1,0,return_request,resolved
8338,694,7942,,48,1,0,return_request,resolved
8339,689,36016,,4,1,0,return_request,resolved
8340,688,17204,,8,1,0,return_request,resolved
8341,690,33070,,2,1,0,return_request,resolved
8342,691,540,,2,1,0,return_request,resolved
8343,701,39326,,8,1,0,return_request,resolved
8344,691,29773,,8,1,0,return_request,resolved
8345,692,38028,,72,1,1,return_request,resolved
8346,690,3390,,4,1,0,return_request,resolved
8347,701,12925,13,168,1,1,product_inquiry,resolved
8348,695,21323,,8,1,0,return_request,resolved
8349,689,5747,7,8,1,0,technical_issue,resolved
8350,699,15815,,8,1,0,return_request,resolved
8351,689,26693,,48,1,0,return_request,resolved
8352,700,43462,,24,1,0,warranty_claim,resolved
8353,690,20699,,24,1,0,return_request,resolved
8354,698,16097,,8,1,0,return_request,resolved
8355,695,47214,,8,1,0,return_request,resolved
8356,697,13689,,4,1,0,technical_issue,resolved
8357,696,4650,,24,1,0,product_inquiry,in_progress
8358,700,24585,,24,1,0,technical_issue,resolved
8359,693,2047,5,48,1,0,delivery_problem,resolved
8360,702,44972,,24,1,0,return_request,resolved
8361,692,35047,,24,1,0,return_request,in_progress
8362,699,21231,,24,1,0,billing_issue,resolved
8363,697,20711,,2,1,0,return_request,resolved
8364,698,3620,7,24,1,0,billing_issue,resolved
8365,696,30228,,24,1,0,billing_issue,resolved
8366,696,8089,,120,1,1,return_request,resolved
8367,699,11987,,24,1,0,return_request,resolved
8368,696,17211,,8,1,0,return_request,resolved
8369,693,19081,,8,1,0,return_request,resolved
8370,695,29625,,2,1,0,return_request,resolved
8371,697,44307,7,2,1,0,return_request,resolved
8372,689,21455,,4,1,0,return_request,in_progress
8373,695,15080,,72,1,1,return_request,resolved
8374,702,48826,1,72,1,1,billing_issue,resolved
8375,694,43008,,8,1,0,return_request,resolved
8376,700,11898,,2,1,0,product_inquiry,pending
8377,689,8498,,24,1,0,return_request,resolved
8378,698,25248,,24,1,0,return_request,resolved
8379,700,36880,,48,1,0,technical_issue,in_progress
8380,699,49101,,48,1,0,technical_issue,resolved
8381,698,47215,,2,1,0,return_request,in_progress
8382,699,32041,,72,1,1,billing_issue,resolved
8383,690,3814,,24,1,0,return_request,in_progress
8384,702,45027,,2,1,0,return_request,resolved
8385,699,32472,,48,1,0,billing_issue,resolved
8386,704,7833,,8,1,0,return_request,resolved
8387,703,30873,,8,1,0,product_inquiry,resolved
8388,696,5893,,72,1,1,return_request,resolved
8389,690,3706,,48,1,0,return_request,resolved
8390,704,43261,,4,1,0,return_request,resolved
8391,695,27537,,72,1,1,return_request,resolved
8392,697,34381,,24,1,0,return_request,resolved
8393,701,37625,,48,1,0,return_request,resolved
8394,690,39024,4,24,1,0,warranty_claim,resolved
8395,702,26351,27,72,1,1,billing_issue,resolved
8396,691,38334,,24,1,0,return_request,resolved
8397,703,8141,,24,1,0,return_request,resolved
8398,701,1332,,4,1,0,return_request,resolved
8399,696,42370,,8,1,0,return_request,resolved
8400,703,39288,,72,1,1,return_request,resolved
8401,694,21181,,4,1,0,return_request,resolved
8402,703,42418,,4,1,0,technical_issue,in_progress
8403,698,4953,20,48,1,0,billing_issue,pending
8404,700,14397,,24,1,0,return_request,resolved
8405,702,49557,,24,1,0,return_request,resolved
8406,700,41053,,24,1,0,return_request,resolved
8407,705,3904,,24,1,0,return_request,resolved
8408,692,33800,26,24,1,0,delivery_problem,resolved
8409,695,24726,,4,1,0,return_request,in_progress
8410,705,6140,,8,1,0,return_request,resolved
8411,697,31200,,48,1,0,billing_issue,pending
8412,704,9135,,24,1,0,return_request,resolved
8413,704,31782,,48,1,0,technical_issue,resolved
8414,696,38137,,8,1,0,return_request,resolved
8415,701,28743,,24,1,0,return_request,resolved
8416,704,26242,,48,1,0,delivery_problem,resolved
8417,694,8119,,24,1,0,technical_issue,resolved
8418,703,45416,,8,1,0,billing_issue,pending
8419,699,24565,27,8,1,0,billing_issue,resolved
8420,692,4752,,8,1,0,return_request,resolved
8421,704,20521,,4,1,0,return_request,in_progress
8422,696,24901,,24,1,0,return_request,resolved
8423,698,39685,,2,1,0,return_request,resolved
8424,703,35818,,4,1,0,return_request,resolved
8425,695,28667,,4,1,0,return_request,resolved
8426,699,37799,,2,1,0,return_request,resolved
8427,696,35748,,24,1,0,return_request,in_progress
8428,699,11516,,24,1,0,return_request,pending
8429,703,11794,,48,1,0,return_request,pending
8430,705,26473,,8,1,0,return_request,resolved
8431,692,17366,,24,1,0,return_request,pending
8432,702,23190,,8,1,0,return_request,resolved
8433,702,14575,,8,1,0,warranty_claim,resolved
8434,695,42913,28,24,1,0,product_inquiry,resolved
8435,697,14820,,4,1,0,technical_issue,resolved
8436,697,34385,,24,1,0,return_request,resolved
8437,701,15927,,4,1,0,return_request,in_progress
8438,695,30310,,24,1,0,return_request,resolved
8439,707,19085,,24,1,0,billing_issue,resolved
8440,706,14008,,4,1,0,technical_issue,resolved
8441,695,30162,,2,1,0,return_request,resolved
8442,693,26796,,8,1,0,return_request,resolved
8443,706,13631,17,72,1,1,warranty_claim,resolved
8444,704,39589,,2,1,0,return_request,resolved
8445,693,4010,2,72,1,1,delivery_problem,resolved
8446,697,25011,,8,1,0,return_request,resolved
8447,700,28711,,2,1,0,return_request,resolved
8448,697,29230,,72,1,1,billing_issue,in_progress
8449,700,24053,,8,1,0,return_request,resolved
8450,704,23751,,2,1,0,return_request,resolved
8451,699,47573,26,48,1,0,delivery_problem,resolved
8452,695,11854,,8,1,0,return_request,resolved
8453,696,17054,18,8,1,0,technical_issue,resolved
8454,705,48717,,72,1,1,return_request,resolved
8455,704,5587,,48,1,0,return_request,resolved
8456,703,26829,,24,1,0,return_request,pending
8457,703,6440,,72,1,1,return_request,resolved
8458,701,1114,,72,1,1,return_request,resolved
8459,702,6314,,4,1,0,return_request,in_progress
8460,703,32276,,72,1,1,return_request,resolved
8461,700,34694,,24,1,0,return_request,resolved
8462,694,12767,,24,1,0,technical_issue,resolved
8463,701,5286,,2,1,0,return_request,in_progress
8464,701,32997,,48,1,0,return_request,resolved
8465,701,26582,,2,1,0,return_request,resolved
8466,707,217,,8,1,0,return_request,resolved
8467,701,2635,,8,1,0,return_request,resolved
8468,703,15326,,72,1,1,return_request,resolved
8469,700,18323,,2,1,0,return_request,resolved
8470,700,24550,22,48,1,0,technical_issue,in_progress
8471,696,24170,,24,1,0,return_request,resolved
8472,704,16310,,24,1,0,return_request,resolved
8473,697,14464,,2,1,0,return_request,resolved
8474,695,27252,,168,1,1,return_request,resolved
8475,694,234,,2,1,0,billing_issue,resolved
8476,697,12429,,4,1,0,return_request,resolved
8477,696,19346,,72,1,1,billing_issue,resolved
8478,698,16724,,48,1,0,return_request,resolved
8479,696,37711,,8,1,0,return_request,resolved
8480,698,30490,,24,1,0,return_request,resolved
8481,704,44528,,2,1,0,return_request,resolved
8482,695,21203,,24,1,0,return_request,in_progress
8483,695,23595,,2,1,0,delivery_problem,resolved
8484,698,13718,,8,1,0,delivery_problem,resolved
8485,701,35228,,72,1,1,return_request,resolved
8486,701,21768,,2,1,0,warranty_claim,resolved
8487,699,28827,,24,1,0,return_request,resolved
8488,698,13378,,4,1,0,return_request,resolved
8489,698,7463,25,2,1,0,billing_issue,resolved
8490,703,15210,,48,1,0,technical_issue,resolved
8491,700,37801,,8,1,0,return_request,resolved
8492,693,37147,25,8,1,0,warranty_claim,resolved
8493,700,43473,,8,1,0,billing_issue,resolved
8494,695,42570,17,4,1,0,delivery_problem,resolved
8495,707,3543,,8,1,0,return_request,resolved
8496,696,27332,,24,1,0,delivery_problem,resolved
8497,705,5270,,8,1,0,return_request,resolved
8498,695,47168,,4,1,0,warranty_claim,resolved
8499,699,14944,,24,1,0,return_request,pending
8500,694,28033,,48,1,0,return_request,resolved
8501,707,13983,,8,1,0,return_request,resolved
8502,705,49713,,48,1,0,return_request,resolved
8503,699,27276,,72,1,1,delivery_problem,resolved
8504,706,18808,,168,1,1,warranty_claim,resolved
8505,703,15342,,24,1,0,delivery_problem,resolved
8506,708,24910,,120,1,1,return_request,resolved
8507,697,13874,,120,1,1,return_request,in_progress
8508,702,43599,3,8,1,0,warranty_claim,pending
8509,698,21943,,120,1,1,return_request,resolved
8510,708,29484,,24,1,0,return_request,resolved
8511,699,10402,,8,1,0,return_request,resolved
8512,701,18351,,120,1,1,technical_issue,resolved
8513,697,15349,,4,1,0,return_request,in_progress
8514,695,31843,,8,1,0,return_request,resolved
8515,706,16876,,48,1,0,return_request,resolved
8516,700,36237,,120,1,1,return_request,resolved
8517,697,27780,,48,1,0,return_request,resolved
8518,694,7394,5,4,1,0,return_request,resolved
8519,696,36665,23,2,1,0,warranty_claim,resolved
8520,707,11216,,2,1,0,warranty_claim,resolved
8521,698,26118,,8,1,0,return_request,resolved
8522,698,42053,,24,1,0,return_request,resolved
8523,697,27738,,24,1,0,return_request,resolved
8524,697,83,,72,1,1,technical_issue,resolved
8525,699,77,8,72,1,1,technical_issue,resolved
8526,697,38470,,72,1,1,return_request,resolved
8527,698,21428,,8,1,0,delivery_problem,pending
8528,695,30459,,24,1,0,delivery_problem,resolved
8529,698,14822,,8,1,0,return_request,resolved
8530,701,24827,19,8,1,0,technical_issue,resolved
8531,703,2702,,24,1,0,product_inquiry,resolved
8532,704,9118,,8,1,0,return_request,resolved
8533,707,49847,,4,1,0,return_request,resolved
8534,695,11622,,2,1,0,billing_issue,resolved
8535,708,32251,,72,1,1,warranty_claim,resolved
8536,705,11576,,120,1,1,return_request,resolved
8537,699,5570,,48,1,0,return_request,resolved
8538,709,46409,10,24,1,0,technical_issue,resolved
8539,700,43855,,2,1,0,technical_issue,resolved
8540,703,26458,5,4,1,0,product_inquiry,resolved
8541,708,4640,4,168,1,1,return_request,resolved
8542,698,36551,,48,1,0,return_request,resolved
8543,698,893,,48,1,0,return_request,resolved
8544,698,7010,,72,1,1,return_request,resolved
8545,703,34788,,24,1,0,return_request,resolved
8546,708,35927,,24,1,0,return_request,resolved
8547,703,28409,,72,1,1,return_request,resolved
8548,706,7683,,8,1,0,return_request,resolved
8549,706,39042,,24,1,0,technical_issue,resolved
8550,704,13741,,24,1,0,return_request,resolved
8551,696,42009,,24,1,0,warranty_claim,resolved
8552,703,2361,,120,1,1,return_request,resolved
8553,703,15537,,24,1,0,warranty_claim,in_progress
8554,708,9333,,24,1,0,return_request,resolved
8555,706,36213,,4,1,0,return_request,in_progress
8556,710,38510,,120,1,1,return_request,in_progress
8557,696,20494,,48,1,0,return_request,resolved
8558,699,29836,,8,1,0,return_request,resolved
8559,707,35017,27,2,1,0,return_request,resolved
8560,696,2130,,24,1,0,return_request,resolved
8561,709,36558,20,8,1,0,billing_issue,resolved
8562,703,3074,,4,1,0,return_request,resolved
8563,702,2193,,24,1,0,return_request,resolved
8564,709,30614,,8,1,0,return_request,resolved
8565,708,12850,,120,1,1,billing_issue,resolved
8566,706,31972,5,24,1,0,delivery_problem,resolved
8567,702,9738,,4,1,0,billing_issue,resolved
8568,709,32985,,8,1,0,return_request,resolved
8569,699,45686,,24,1,0,return_request,resolved
8570,698,14893,,4,1,0,return_request,pending
8571,698,27056,,8,1,0,return_request,resolved
8572,697,15404,,24,1,0,return_request,resolved
8573,701,1396,,4,1,0,return_request,resolved
8574,703,34885,,24,1,0,return_request,resolved
8575,711,47912,,4,1,0,return_request,resolved
8576,702,22590,,72,1,1,product_inquiry,resolved
8577,698,43931,,8,1,0,return_request,in_progress
8578,710,1408,,4,1,0,return_request,resolved
8579,706,14392,,4,1,0,return_request,resolved
8580,701,25698,,8,1,0,billing_issue,resolved
8581,708,28089,,48,1,0,return_request,resolved
8582,709,23063,,48,1,0,delivery_problem,resolved
8583,712,48184,,24,1,0,delivery_problem,resolved
8584,707,4985,,2,1,0,return_request,resolved
8585,699,19311,,8,1,0,technical_issue,resolved
8586,711,11356,,4,1,0,return_request,resolved
8587,701,37978,,8,1,0,product_inquiry,resolved
8588,710,48953,,120,1,1,return_request,resolved
8589,699,23223,,24,1,0,return_request,pending
8590,705,37667,25,48,1,0,technical_issue,resolved
8591,709,9593,,8,1,0,return_request,resolved
8592,701,16519,,4,1,0,technical_issue,pending
8593,712,12183,,8,1,0,return_request,resolved
8594,698,8739,,24,1,0,return_request,resolved
8595,703,67,,48,1,0,return_request,resolved
8596,700,25247,,24,1,0,return_request,resolved
8597,698,4190,,4,1,0,return_request,resolved
8598,704,43839,,72,1,1,return_request,in_progress
8599,712,43312,9,48,1,0,return_request,resolved
8600,699,49627,23,4,1,0,technical_issue,resolved
8601,700,42400,,24,1,0,billing_issue,resolved
8602,701,16208,19,48,1,0,return_request,resolved
8603,706,2534,,8,1,0,technical_issue,resolved
8604,707,11065,,8,1,0,return_request,resolved
8605,701,35550,,4,1,0,return_request,resolved
8606,713,23016,,4,1,0,return_request,in_progress
8607,712,23483,,24,1,0,return_request,resolved
8608,707,11971,10,8,1,0,return_request,resolved
8609,700,7629,,8,1,0,return_request,resolved
8610,706,17649,1,24,1,0,delivery_problem,resolved
8611,699,14558,28,8,1,0,billing_issue,pending
8612,707,27991,,72,1,1,return_request,in_progress
8613,710,40540,,8,1,0,warranty_claim,pending
8614,713,46797,,120,1,1,technical_issue,resolved
8615,699,8757,,2,1,0,warranty_claim,resolved
8616,710,32937,,72,1,1,return_request,resolved
8617,704,11551,,24,1,0,billing_issue,resolved
8618,707,37185,,48,1,0,technical_issue,resolved
8619,706,34235,,24,1,0,return_request,resolved
8620,708,2487,,24,1,0,return_request,resolved
8621,710,29334,6,8,1,0,warranty_claim,resolved
8622,704,36598,,8,1,0,return_request,pending
8623,700,3855,,48,1,0,return_request,resolved
8624,700,19627,,8,1,0,return_request,resolved
8625,706,43128,,48,1,0,return_request,resolved
8626,710,37889,,48,1,0,delivery_problem,resolved
8627,711,29654,,168,1,1,return_request,resolved
8628,714,28816,,24,1,0,return_request,resolved
8629,702,2631,,48,1,0,return_request,resolved
8630,706,606,,48,1,0,return_request,pending
8631,702,8066,10,8,1,0,warranty_claim,pending
8632,702,4636,,8,1,0,return_request,resolved
8633,706,15239,,4,1,0,return_request,resolved
8634,705,26150,,48,1,0,return_request,pending
8635,713,45730,3,8,1,0,billing_issue,resolved
8636,706,13148,,24,1,0,billing_issue,resolved
8637,700,8958,,8,1,0,product_inquiry,resolved
8638,707,6715,18,48,1,0,billing_issue,resolved
8639,700,9516,,24,1,0,return_request,resolved
8640,708,22832,,48,1,0,return_request,resolved
8641,712,28765,,168,1,1,product_inquiry,resolved
8642,709,41206,,120,1,1,return_request,pending
8643,706,43954,,2,1,0,billing_issue,resolved
8644,713,26637,,168,1,1,return_request,resolved
8645,705,31758,,72,1,1,return_request,resolved
8646,704,30807,,48,1,0,return_request,resolved
8647,711,44337,,72,1,1,return_request,resolved
8648,703,29385,,8,1,0,return_request,resolved
8649,712,43182,,48,1,0,technical_issue,resolved
8650,706,31519,,24,1,0,return_request,resolved
8651,701,33272,,24,1,0,return_request,resolved
8652,708,15801,,24,1,0,return_request,resolved
8653,707,7311,,8,1,0,warranty_claim,resolved
8654,702,49703,20,24,1,0,return_request,resolved
8655,701,23568,,4,1,0,return_request,resolved
8656,711,22759,28,4,1,0,delivery_problem,resolved
8657,713,47774,7,4,1,0,warranty_claim,in_progress
8658,715,21308,,2,1,0,technical_issue,in_progress
8659,706,35299,,8,1,0,billing_issue,resolved
8660,703,37084,,24,1,0,return_request,resolved
8661,710,14693,,120,1,1,technical_issue,resolved
8662,708,27528,,24,1,0,return_request,pending
8663,711,17710,,24,1,0,warranty_claim,resolved
8664,707,2222,,120,1,1,return_request,resolved
8665,705,29964,,24,1,0,return_request,resolved
8666,706,14673,,8,1,0,return_request,pending
8667,714,43308,20,24,1,0,product_inquiry,resolved
8668,703,26606,,8,1,0,return_request,resolved
8669,712,21749,,8,1,0,delivery_problem,resolved
8670,713,23189,,8,1,0,return_request,resolved
8671,716,37519,,48,1,0,return_request,resolved
8672,714,19018,,48,1,0,technical_issue,pending
8673,716,10337,,72,1,1,return_request,resolved
8674,703,39944,,8,1,0,technical_issue,resolved
8675,713,36917,,4,1,0,billing_issue,resolved
8676,705,21206,,4,1,0,return_request,pending
8677,715,31248,16,72,1,1,delivery_problem,resolved
8678,709,34993,,72,1,1,delivery_problem,resolved
8679,713,34312,,120,1,1,return_request,pending
8680,702,11609,,8,1,0,return_request,resolved
8681,709,1726,,48,1,0,return_request,resolved
8682,702,49742,,24,1,0,return_request,resolved
8683,707,27857,,8,1,0,return_request,resolved
8684,706,42695,,8,1,0,return_request,resolved
8685,705,46049,,8,1,0,return_request,resolved
8686,710,7553,,72,1,1,return_request,resolved
8687,714,16597,,24,1,0,return_request,resolved
8688,712,20866,,2,1,0,return_request,resolved
8689,713,10350,,48,1,0,return_request,resolved
8690,713,17232,25,48,1,0,product_inquiry,resolved
8691,708,48326,,8,1,0,return_request,resolved
8692,717,17943,,48,1,0,return_request,resolved
8693,709,35307,,4,1,0,delivery_problem,resolved
8694,705,17928,24,48,1,0,technical_issue,resolved
8695,713,41931,16,2,1,0,technical_issue,resolved
8696,711,42230,,2,1,0,return_request,resolved
8697,706,39247,,48,1,0,delivery_problem,resolved
8698,703,11171,,4,1,0,return_request,resolved
8699,711,43963,26,2,1,0,product_inquiry,resolved
8700,707,31193,,24,1,0,return_request,resolved
8701,706,48583,,24,1,0,delivery_problem,resolved
8702,706,44975,,4,1,0,return_request,pending
8703,708,9631,,48,1,0,return_request,resolved
8704,712,43689,,24,1,0,return_request,resolved
8705,710,44850,,72,1,1,delivery_problem,resolved
8706,703,12846,1,4,1,0,delivery_problem,in_progress
8707,703,30193,9,8,1,0,delivery_problem,resolved
8708,708,30043,,24,1,0,return_request,resolved
8709,703,45563,,4,1,0,return_request,resolved
8710,703,33437,,72,1,1,return_request,in_progress
8711,705,7195,,4,1,0,return_request,resolved
8712,708,31181,1,24,1,0,return_request,pending
8713,705,6810,22,120,1,1,warranty_claim,resolved
8714,703,46980,,2,1,0,return_request,in_progress
8715,715,29745,,72,1,1,product_inquiry,resolved
8716,704,23383,,8,1,0,return_request,in_progress
8717,711,25255,,24,1,0,return_request,resolved
8718,718,36931,,48,1,0,return_request,resolved
8719,706,28040,,24,1,0,return_request,resolved
8720,704,3170,,8,1,0,return_request,resolved
8721,718,28943,,48,1,0,return_request,resolved
8722,717,38260,,48,1,0,return_request,resolved
8723,704,26978,28,4,1,0,delivery_problem,resolved
8724,710,6615,7,4,1,0,return_request,resolved
8725,708,37537,,8,1,0,return_request,in_progress
8726,717,7475,,2,1,0,technical_issue,pending
8727,716,23010,,8,1,0,return_request,resolved
8728,706,47973,,8,1,0,return_request,resolved
8729,704,31580,,8,1,0,billing_issue,resolved
8730,716,10935,,24,1,0,return_request,resolved
8731,717,15018,,4,1,0,return_request,resolved
8732,711,3521,,4,1,0,return_request,pending
8733,712,19639,15,8,1,0,return_request,in_progress
8734,713,8440,14,168,1,1,delivery_problem,resolved
8735,713,24025,,48,1,0,return_request,resolved
8736,707,30352,,24,1,0,technical_issue,resolved
8737,712,21880,,2,1,0,return_request,resolved
8738,718,5396,,48,1,0,return_request,resolved
8739,705,21654,,4,1,0,return_request,resolved
8740,715,8750,,8,1,0,return_request,resolved
8741,708,14136,,24,1,0,delivery_problem,resolved
8742,713,23675,,120,1,1,technical_issue,resolved
8743,706,8265,,24,1,0,return_request,resolved
8744,707,40081,,8,1,0,return_request,in_progress
8745,716,49014,,2,1,0,warranty_claim,resolved
8746,717,24324,,48,1,0,return_request,resolved
8747,713,14235,,4,1,0,return_request,in_progress
8748,705,36299,,2,1,0,return_request,resolved
8749,712,8378,,24,1,0,delivery_problem,resolved
8750,708,38653,3,48,1,0,delivery_problem,resolved
8751,711,14970,,2,1,0,return_request,resolved
8752,716,6979,11,24,1,0,technical_issue,in_progress
8753,711,246,8,8,1,0,billing_issue,resolved
8754,715,49671,22,120,1,1,return_request,resolved
8755,712,29969,,48,1,0,return_request,resolved
8756,705,39427,,24,1,0,return_request,resolved
8757,713,3402,,8,1,0,return_request,resolved
8758,714,7124,7,2,1,0,technical_issue,resolved
8759,708,17667,,24,1,0,return_request,resolved
8760,715,1289,,24,1,0,return_request,resolved
8761,718,41426,,2,1,0,return_request,resolved
8762,717,40276,,8,1,0,return_request,resolved
8763,713,1162,,8,1,0,return_request,resolved
8764,710,19233,,120,1,1,return_request,in_progress
8765,709,35013,,8,1,0,return_request,resolved
8766,719,37781,1,72,1,1,technical_issue,resolved
8767,712,45521,,24,1,0,return_request,resolved
8768,708,17799,,24,1,0,return_request,resolved
8769,717,16959,,24,1,0,delivery_problem,resolved
8770,709,46370,,8,1,0,return_request,resolved
8771,711,5292,8,120,1,1,technical_issue,resolved
8772,717,12589,,24,1,0,return_request,resolved
8773,708,6285,7,4,1,0,technical_issue,resolved
8774,716,18631,,24,1,0,return_request,resolved
8775,716,46258,13,4,1,0,product_inquiry,in_progress
8776,710,37270,,120,1,1,return_request,resolved
8777,713,30244,,72,1,1,delivery_problem,resolved
8778,716,29608,6,2,1,0,billing_issue,resolved
8779,708,22130,,24,1,0,warranty_claim,resolved
8780,707,24892,,48,1,0,return_request,pending
8781,712,33968,4,48,1,0,warranty_claim,resolved
8782,707,15100,,4,1,0,billing_issue,resolved
8783,720,11341,,4,1,0,technical_issue,resolved
8784,714,1746,1,48,1,0,return_request,resolved
8785,717,46167,,24,1,0,return_request,resolved
8786,710,34880,,8,1,0,return_request,resolved
8787,716,25139,,24,1,0,return_request,resolved
8788,707,36658,,8,1,0,return_request,resolved
8789,707,19465,,72,1,1,return_request,pending
8790,711,47625,,8,1,0,return_request,resolved
8791,710,27471,,24,1,0,return_request,resolved
8792,713,28986,,48,1,0,return_request,resolved
8793,711,48129,,24,1,0,return_request,resolved
8794,712,1627,18,24,1,0,billing_issue,in_progress
8795,710,39138,,4,1,0,return_request,pending
8796,716,26938,,24,1,0,return_request,resolved
8797,715,23693,,48,1,0,return_request,resolved
8798,721,25301,,120,1,1,return_request,resolved
8799,721,44138,,4,1,0,delivery_problem,resolved
8800,717,38773,,24,1,0,return_request,resolved
8801,714,22430,20,2,1,0,technical_issue,resolved
8802,717,13241,,24,1,0,return_request,resolved
8803,718,44268,,8,1,0,return_request,pending
8804,721,7644,17,24,1,0,product_inquiry,resolved
8805,716,42159,,4,1,0,return_request,resolved
8806,717,47370,,24,1,0,technical_issue,resolved
8807,715,13270,,8,1,0,return_request,resolved
8808,708,38754,,24,1,0,return_request,resolved
8809,707,21053,,8,1,0,return_request,resolved
8810,721,11606,,4,1,0,return_request,in_progress
8811,716,9369,,2,1,0,return_request,resolved
8812,713,33316,,48,1,0,return_request,resolved
8813,716,9991,,8,1,0,return_request,resolved
8814,717,29474,,24,1,0,technical_issue,resolved
8815,713,27273,,8,1,0,return_request,resolved
8816,708,11238,,2,1,0,return_request,resolved
8817,721,20615,,2,1,0,return_request,resolved
8818,715,12405,,8,1,0,return_request,resolved
8819,709,25212,,4,1,0,billing_issue,resolved
8820,707,25856,,24,1,0,return_request,resolved
8821,707,42163,,8,1,0,return_request,resolved
8822,710,10435,,4,1,0,return_request,resolved
8823,722,26350,,2,1,0,delivery_problem,in_progress
8824,709,45229,,48,1,0,return_request,resolved
8825,719,39018,,72,1,1,return_request,resolved
8826,716,19168,,120,1,1,return_request,resolved
8827,721,11441,,24,1,0,return_request,resolved
8828,717,13958,,72,1,1,return_request,resolved
8829,717,35249,,8,1,0,billing_issue,resolved
8830,713,14739,,48,1,0,return_request,resolved
8831,710,19099,,2,1,0,return_request,resolved
8832,709,11791,,72,1,1,technical_issue,resolved
8833,716,33641,,24,1,0,return_request,resolved
8834,715,9708,,2,1,0,return_request,resolved
8835,714,40217,,2,1,0,billing_issue,resolved
8836,709,38855,,24,1,0,return_request,resolved
8837,708,27609,,48,1,0,return_request,resolved
8838,720,36831,,72,1,1,product_inquiry,resolved
8839,722,6500,,8,1,0,technical_issue,resolved
8840,711,49051,,120,1,1,billing_issue,resolved
8841,710,8778,,48,1,0,delivery_problem,in_progress
8842,714,29957,,24,1,0,billing_issue,resolved
8843,719,21302,2,24,1,0,return_request,resolved
8844,715,26579,,8,1,0,warranty_claim,resolved
8845,709,41394,,120,1,1,return_request,resolved
8846,721,44083,,4,1,0,delivery_problem,resolved
8847,709,44992,,4,1,0,return_request,resolved
8848,717,43388,,8,1,0,return_request,resolved
8849,716,831,,8,1,0,return_request,resolved
8850,722,45923,,8,1,0,return_request,resolved
8851,721,7902,,24,1,0,return_request,resolved
8852,720,382,,24,1,0,return_request,resolved
8853,722,39054,,24,1,0,product_inquiry,in_progress
8854,718,48645,,120,1,1,return_request,resolved
8855,717,41496,,24,1,0,return_request,resolved
8856,716,17362,8,24,1,0,warranty_claim,resolved
8857,712,34210,,4,1,0,return_request,resolved
8858,715,11932,,72,1,1,return_request,resolved
8859,713,3554,,24,1,0,return_request,resolved
8860,722,1722,,8,1,0,technical_issue,resolved
8861,718,11878,,2,1,0,return_request,resolved
8862,713,23713,,2,1,0,return_request,resolved
8863,715,37004,,24,1,0,return_request,resolved
8864,709,10037,,72,1,1,billing_issue,resolved
8865,714,19008,16,2,1,0,delivery_problem,resolved
8866,711,12644,14,8,1,0,warranty_claim,resolved
8867,718,36752,,4,1,0,return_request,resolved
8868,716,34860,17,48,1,0,technical_issue,resolved
8869,710,30463,,48,1,0,return_request,pending
8870,723,19837,,24,1,0,return_request,resolved
8871,712,20315,,24,1,0,delivery_problem,resolved
8872,719,31437,,24,1,0,technical_issue,resolved
8873,711,37936,,120,1,1,product_inquiry,pending
8874,720,6503,,24,1,0,return_request,pending
8875,711,10908,,2,1,0,return_request,pending
8876,723,6505,,24,1,0,return_request,resolved
8877,710,27729,,168,1,1,return_request,resolved
8878,717,49627,,2,1,0,return_request,resolved
8879,712,46832,,48,1,0,return_request,resolved
8880,713,831,14,48,1,0,technical_issue,resolved
8881,712,1700,,168,1,1,delivery_problem,resolved
8882,719,20763,,24,1,0,return_request,resolved
8883,723,36963,,8,1,0,return_request,resolved
8884,711,39469,,48,1,0,billing_issue,resolved
8885,718,24993,,8,1,0,delivery_problem,resolved
8886,714,5160,,8,1,0,return_request,in_progress
8887,714,19012,,8,1,0,return_request,resolved
8888,723,46517,,8,1,0,product_inquiry,resolved
8889,712,41098,,72,1,1,return_request,resolved
8890,713,14548,,168,1,1,warranty_claim,resolved
8891,720,13358,,120,1,1,return_request,resolved
8892,724,31788,,120,1,1,return_request,pending
8893,713,26856,,8,1,0,return_request,resolved
8894,722,8802,,24,1,0,return_request,resolved
8895,718,2725,,4,1,0,return_request,resolved
8896,715,14260,,72,1,1,product_inquiry,resolved
8897,713,46695,,48,1,0,return_request,resolved
8898,720,43599,,120,1,1,return_request,pending
8899,720,32970,,8,1,0,return_request,resolved
8900,722,39611,,8,1,0,return_request,resolved
8901,715,18896,,48,1,0,return_request,resolved
8902,724,46539,,8,1,0,return_request,resolved
8903,720,6396,,24,1,0,return_request,resolved
8904,722,28099,,2,1,0,return_request,pending
8905,720,25392,,4,1,0,return_request,resolved
8906,725,14908,,8,1,0,return_request,resolved
8907,713,9303,,8,1,0,technical_issue,resolved
8908,718,31285,,72,1,1,return_request,resolved
8909,720,45216,,24,1,0,delivery_problem,resolved
8910,721,32750,,24,1,0,return_request,resolved
8911,720,45869,,2,1,0,return_request,resolved
8912,715,24957,,120,1,1,return_request,in_progress
8913,725,29509,,24,1,0,technical_issue,pending
8914,720,25950,,24,1,0,return_request,resolved
8915,724,11361,10,72,1,1,product_inquiry,in_progress
8916,716,45045,,8,1,0,return_request,resolved
8917,724,29064,4,48,1,0,return_request,resolved
8918,716,24445,28,24,1,0,technical_issue,resolved
8919,723,27897,,4,1,0,product_inquiry,resolved
8920,714,30433,,4,1,0,return_request,resolved
8921,721,38986,,8,1,0,return_request,resolved
8922,721,28655,17,24,1,0,delivery_problem,resolved
8923,720,24768,,48,1,0,return_request,pending
8924,716,44506,,24,1,0,return_request,resolved
8925,712,42802,4,48,1,0,technical_issue,pending
8926,725,11566,,24,1,0,delivery_problem,resolved
8927,716,7152,,4,1,0,billing_issue,resolved
8928,716,8812,14,48,1,0,technical_issue,in_progress
8929,719,49519,18,2,1,0,billing_issue,resolved
8930,725,1018,,24,1,0,return_request,resolved
8931,715,21379,,48,1,0,return_request,resolved
8932,713,47356,,48,1,0,return_request,resolved
8933,724,37521,,120,1,1,warranty_claim,resolved
8934,716,41133,,4,1,0,return_request,resolved
8935,722,7541,,48,1,0,technical_issue,resolved
8936,725,13737,,48,1,0,technical_issue,resolved
8937,721,18275,,2,1,0,return_request,resolved
8938,722,20111,11,24,1,0,warranty_claim,resolved
8939,719,36979,24,4,1,0,technical_issue,resolved
8940,720,46052,,48,1,0,warranty_claim,resolved
8941,716,10488,12,24,1,0,delivery_problem,resolved
8942,727,35274,23,72,1,1,product_inquiry,pending
8943,727,15461,25,2,1,0,return_request,resolved
8944,713,2823,11,4,1,0,warranty_claim,resolved
8945,721,2051,,8,1,0,return_request,pending
8946,717,12388,,24,1,0,return_request,resolved
8947,720,31996,,8,1,0,billing_issue,in_progress
8948,718,46987,,24,1,0,return_request,resolved
8949,725,26558,,8,1,0,return_request,resolved
8950,716,31434,,8,1,0,return_request,pending
8951,724,15007,,72,1,1,return_request,in_progress
8952,716,47441,,2,1,0,return_request,resolved
8953,717,15123,,120,1,1,billing_issue,resolved
8954,716,22373,,2,1,0,return_request,resolved
8955,723,6295,,2,1,0,billing_issue,resolved
8956,717,37945,20,24,1,0,billing_issue,resolved
8957,714,27645,,24,1,0,return_request,in_progress
8958,714,7881,,8,1,0,return_request,resolved
8959,715,18751,,2,1,0,return_request,resolved
8960,719,6367,,24,1,0,return_request,resolved
8961,723,30512,5,4,1,0,return_request,resolved
8962,717,39388,,24,1,0,return_request,resolved
8963,713,41271,,24,1,0,return_request,resolved
8964,718,4278,,8,1,0,billing_issue,resolved
8965,717,3511,,24,1,0,return_request,resolved
8966,723,10031,,4,1,0,technical_issue,resolved
8967,714,8432,,2,1,0,return_request,resolved
8968,717,48327,,8,1,0,return_request,resolved
8969,720,1874,,2,1,0,delivery_problem,resolved
8970,715,40620,,8,1,0,technical_issue,resolved
8971,720,485,,4,1,0,return_request,resolved
8972,714,47146,,2,1,0,return_request,resolved
8973,716,37766,,120,1,1,return_request,resolved
8974,716,11249,21,8,1,0,delivery_problem,resolved
8975,719,7386,,4,1,0,return_request,resolved
8976,717,36796,,4,1,0,return_request,resolved
8977,719,43885,,8,1,0,return_request,resolved
8978,715,33139,,8,1,0,return_request,resolved
8979,725,38822,,4,1,0,return_request,resolved
8980,728,12437,,4,1,0,return_request,resolved
8981,726,16550,,120,1,1,warranty_claim,resolved
8982,715,31272,,24,1,0,return_request,resolved
8983,719,43642,,72,1,1,return_request,in_progress
8984,721,39294,24,48,1,0,billing_issue,in_progress
8985,721,33342,,72,1,1,billing_issue,in_progress
8986,728,9143,,24,1,0,return_request,in_progress
8987,727,29706,,48,1,0,warranty_claim,resolved
8988,716,49944,,168,1,1,return_request,resolved
8989,723,8137,,4,1,0,return_request,resolved
8990,728,36009,,8,1,0,delivery_problem,resolved
8991,717,16601,,48,1,0,return_request,resolved
8992,717,10893,,2,1,0,return_request,resolved
8993,724,47655,,48,1,0,billing_issue,resolved
8994,716,18400,,8,1,0,return_request,resolved
8995,725,47073,,24,1,0,delivery_problem,resolved
8996,715,2787,1,8,1,0,warranty_claim,resolved
8997,726,47306,,8,1,0,technical_issue,resolved
8998,724,38105,,24,1,0,billing_issue,resolved
8999,719,14355,24,72,1,1,return_request,resolved
9000,727,33064,,24,1,0,return_request,resolved
9001,725,31698,,72,1,1,return_request,resolved
9002,725,4252,,72,1,1,warranty_claim,resolved
9003,729,34373,,2,1,0,return_request,resolved
9004,726,46549,,4,1,0,return_request,resolved
9005,721,27613,,48,1,0,return_request,resolved
9006,727,6473,17,4,1,0,technical_issue,resolved
9007,715,48855,21,120,1,1,product_inquiry,pending
9008,726,48464,,48,1,0,return_request,resolved
9009,720,5318,,8,1,0,technical_issue,resolved
9010,717,39846,,24,1,0,product_inquiry,pending
9011,721,7354,,2,1,0,return_request,resolved
9012,729,31228,,72,1,1,product_inquiry,resolved
9013,728,39627,,4,1,0,return_request,resolved
9014,719,40592,,120,1,1,return_request,resolved
9015,724,18006,20,8,1,0,billing_issue,resolved
9016,728,32838,11,48,1,0,warranty_claim,resolved
9017,721,30711,2,72,1,1,technical_issue,resolved
9018,724,24444,,24,1,0,return_request,resolved
9019,728,20616,,24,1,0,return_request,resolved
9020,723,30059,,24,1,0,delivery_problem,resolved
9021,718,47611,,120,1,1,return_request,resolved
9022,725,4166,,4,1,0,billing_issue,resolved
9023,729,7431,,72,1,1,return_request,resolved
9024,726,41048,,48,1,0,return_request,resolved
9025,723,23539,,48,1,0,return_request,resolved
9026,724,5882,,48,1,0,technical_issue,resolved
9027,724,18620,,2,1,0,technical_issue,resolved
9028,718,28726,,4,1,0,return_request,pending
9029,717,47273,,8,1,0,return_request,resolved
9030,728,20117,12,24,1,0,return_request,resolved
9031,726,35592,,4,1,0,return_request,resolved
9032,720,39269,,24,1,0,return_request,resolved
9033,719,16722,,24,1,0,return_request,in_progress
9034,725,29280,,4,1,0,return_request,resolved
9035,721,13274,,72,1,1,return_request,resolved
9036,718,34799,,8,1,0,return_request,resolved
9037,730,15597,,72,1,1,return_request,in_progress
9038,719,41030,,48,1,0,return_request,in_progress
9039,720,22950,,24,1,0,return_request,pending
9040,718,33657,,4,1,0,technical_issue,pending
9041,720,28598,,8,1,0,return_request,resolved
9042,720,43788,,4,1,0,return_request,in_progress
9043,722,38637,,8,1,0,return_request,resolved
9044,717,3883,,2,1,0,return_request,in_progress
9045,728,8448,10,4,1,0,delivery_problem,resolved
9046,726,42453,,24,1,0,return_request,resolved
9047,725,9725,,4,1,0,delivery_problem,resolved
9048,725,10728,,24,1,0,return_request,resolved
9049,725,46550,,48,1,0,delivery_problem,resolved
9050,721,33402,,24,1,0,return_request,resolved
9051,728,31567,,4,1,0,return_request,resolved
9052,729,11964,,72,1,1,return_request,resolved
9053,725,8010,,8,1,0,delivery_problem,in_progress
9054,720,14560,,8,1,0,return_request,resolved
9055,720,22248,,8,1,0,return_request,resolved
9056,723,795,,4,1,0,delivery_problem,resolved
9057,722,3754,,24,1,0,return_request,in_progress
9058,729,19325,,8,1,0,delivery_problem,pending
9059,718,44342,,48,1,0,return_request,in_progress
9060,720,25051,,24,1,0,return_request,in_progress
9061,718,14387,23,72,1,1,technical_issue,in_progress
9062,717,21519,,8,1,0,return_request,in_progress
9063,730,26427,,72,1,1,return_request,resolved
9064,723,35084,,48,1,0,return_request,resolved
9065,725,14849,,8,1,0,technical_issue,resolved
9066,729,6477,,48,1,0,delivery_problem,resolved
9067,725,34515,17,24,1,0,billing_issue,resolved
9068,728,43626,,4,1,0,return_request,resolved
9069,728,49203,,24,1,0,return_request,pending
9070,723,45605,3,168,1,1,billing_issue,resolved
9071,717,12352,,2,1,0,billing_issue,resolved
9072,730,43797,,4,1,0,warranty_claim,resolved
9073,720,43353,,8,1,0,return_request,resolved
9074,717,198,,24,1,0,return_request,in_progress
9075,718,1248,,4,1,0,return_request,in_progress
9076,718,39667,13,24,1,0,delivery_problem,resolved
9077,721,44599,,4,1,0,return_request,resolved
9078,728,15095,,2,1,0,return_request,pending
9079,719,5162,,8,1,0,return_request,resolved
9080,717,647,,24,1,0,return_request,resolved
9081,730,25094,,48,1,0,return_request,resolved
9082,721,16422,,8,1,0,technical_issue,resolved
9083,718,41761,,24,1,0,return_request,resolved
9084,718,22084,,24,1,0,return_request,resolved
9085,723,20735,,24,1,0,return_request,resolved
9086,726,12133,,24,1,0,return_request,resolved
9087,717,14727,16,72,1,1,technical_issue,resolved
9088,728,39511,,24,1,0,delivery_problem,in_progress
9089,729,16461,,8,1,0,return_request,resolved
9090,727,3383,,120,1,1,return_request,resolved
9091,729,17176,,4,1,0,return_request,resolved
9092,721,42346,17,48,1,0,product_inquiry,resolved
9093,731,7587,,4,1,0,return_request,resolved
9094,727,9640,,8,1,0,return_request,resolved
9095,724,17216,,72,1,1,return_request,pending
9096,725,2890,,24,1,0,billing_issue,resolved
9097,730,43851,,24,1,0,return_request,resolved
9098,720,39478,15,168,1,1,warranty_claim,resolved
9099,718,24436,,2,1,0,return_request,resolved
9100,731,5808,,24,1,0,return_request,resolved
9101,727,9044,,24,1,0,return_request,resolved
9102,719,9434,4,4,1,0,warranty_claim,resolved
9103,719,226,,48,1,0,return_request,resolved
9104,727,1735,,24,1,0,technical_issue,resolved
9105,731,10461,,120,1,1,return_request,resolved
9106,724,49116,,48,1,0,return_request,resolved
9107,722,22909,,120,1,1,return_request,pending
9108,722,8181,,24,1,0,return_request,resolved
9109,728,20223,,48,1,0,delivery_problem,resolved
9110,729,41259,,8,1,0,return_request,resolved
9111,729,37377,,8,1,0,return_request,resolved
9112,720,14137,,8,1,0,delivery_problem,resolved
9113,728,29987,,72,1,1,return_request,resolved
9114,721,9048,,24,1,0,return_request,resolved
9115,729,33704,,24,1,0,technical_issue,resolved
9116,730,5298,,4,1,0,billing_issue,resolved
9117,732,28258,,24,1,0,return_request,pending
9118,729,19446,19,4,1,0,technical_issue,resolved
9119,728,46443,,24,1,0,return_request,resolved
9120,729,44308,,4,1,0,product_inquiry,resolved
9121,718,17783,,24,1,0,return_request,resolved
9122,718,15654,,24,1,0,return_request,resolved
9123,719,10371,,4,1,0,product_inquiry,resolved
9124,728,39147,,48,1,0,return_request,resolved
9125,731,20285,,24,1,0,return_request,resolved
9126,725,19328,,168,1,1,return_request,resolved
9127,724,40736,,72,1,1,delivery_problem,resolved
9128,719,35304,,72,1,1,return_request,resolved
9129,720,46723,,8,1,0,return_request,resolved
9130,726,14537,,24,1,0,technical_issue,in_progress
9131,729,36902,,2,1,0,return_request,resolved
9132,719,25915,,4,1,0,return_request,resolved
9133,730,2050,,72,1,1,technical_issue,resolved
9134,730,16849,,2,1,0,return_request,resolved
9135,722,49715,,24,1,0,return_request,resolved
9136,731,5500,,4,1,0,return_request,resolved
9137,722,20571,,48,1,0,return_request,resolved
9138,722,27381,19,24,1,0,delivery_problem,resolved
9139,719,17081,,8,1,0,delivery_problem,resolved
9140,727,23571,3,72,1,1,billing_issue,pending
9141,727,28939,,4,1,0,return_request,resolved
9142,733,24191,,8,1,0,return_request,resolved
9143,733,44959,,48,1,0,warranty_claim,resolved
9144,728,19466,,2,1,0,billing_issue,resolved
9145,729,20421,,24,1,0,return_request,resolved
9146,732,25648,,2,1,0,billing_issue,in_progress
9147,729,14596,,8,1,0,return_request,resolved
9148,724,3356,,24,1,0,return_request,resolved
9149,733,37491,,48,1,0,return_request,resolved
9150,720,37289,,24,1,0,return_request,resolved
9151,720,17612,,48,1,0,return_request,resolved
9152,724,30004,24,24,1,0,warranty_claim,resolved
9153,721,29649,,48,1,0,return_request,resolved
9154,723,726,8,2,1,0,delivery_problem,resolved
9155,733,32325,,24,1,0,return_request,resolved
9156,727,15029,,4,1,0,technical_issue,resolved
9157,733,31232,10,8,1,0,delivery_problem,resolved
9158,733,49395,,24,1,0,return_request,resolved
9159,727,37693,,120,1,1,return_request,pending
9160,725,33430,,48,1,0,return_request,resolved
9161,719,21265,,24,1,0,return_request,resolved
9162,723,46352,5,2,1,0,technical_issue,resolved
9163,731,48590,,120,1,1,return_request,resolved
9164,729,22434,,2,1,0,return_request,resolved
9165,722,16811,28,4,1,0,technical_issue,resolved
9166,725,43869,,24,1,0,return_request,resolved
9167,726,21657,,2,1,0,return_request,resolved
9168,721,39931,19,48,1,0,billing_issue,resolved
9169,729,30419,,4,1,0,warranty_claim,resolved
9170,723,49213,,24,1,0,return_request,resolved
9171,719,22486,,24,1,0,billing_issue,resolved
9172,725,35437,5,2,1,0,return_request,resolved
9173,723,25845,,8,1,0,product_inquiry,resolved
9174,729,39128,,48,1,0,return_request,resolved
9175,733,26018,,24,1,0,return_request,resolved
9176,733,46000,,2,1,0,return_request,in_progress
9177,724,9375,,2,1,0,return_request,resolved
9178,724,25700,,2,1,0,technical_issue,resolved
9179,721,42011,,48,1,0,product_inquiry,resolved
9180,727,6106,18,2,1,0,product_inquiry,resolved
9181,723,2838,,24,1,0,return_request,resolved
9182,720,5142,,72,1,1,technical_issue,pending
9183,724,9029,,8,1,0,return_request,resolved
9184,724,10369,,24,1,0,return_request,resolved
9185,732,36873,,4,1,0,delivery_problem,in_progress
9186,723,45848,,48,1,0,return_request,resolved
9187,720,35367,,4,1,0,technical_issue,resolved
9188,721,22821,,120,1,1,return_request,in_progress
9189,720,33034,,4,1,0,return_request,resolved
9190,724,12569,,24,1,0,return_request,resolved
9191,730,17861,,2,1,0,technical_issue,resolved
9192,730,4944,23,24,1,0,delivery_problem,resolved
9193,730,36895,,72,1,1,return_request,resolved
9194,731,43087,,2,1,0,return_request,resolved
9195,724,34885,,24,1,0,technical_issue,resolved
9196,722,42739,,48,1,0,return_request,resolved
9197,734,6211,,8,1,0,return_request,resolved
9198,728,42283,,24,1,0,return_request,pending
9199,725,3643,,2,1,0,return_request,resolved
9200,720,43831,25,24,1,0,delivery_problem,resolved
9201,725,3189,,24,1,0,product_inquiry,resolved
9202,729,38583,,8,1,0,return_request,resolved
9203,731,18241,,4,1,0,return_request,resolved
9204,721,746,,48,1,0,return_request,pending
9205,735,33664,,4,1,0,return_request,resolved
9206,734,29055,,4,1,0,return_request,resolved
9207,727,4034,,8,1,0,return_request,pending
9208,727,42890,20,8,1,0,delivery_problem,resolved
9209,723,33550,,48,1,0,return_request,resolved
9210,727,35513,,48,1,0,return_request,pending
9211,733,20876,7,168,1,1,warranty_claim,resolved
9212,723,10086,,8,1,0,billing_issue,resolved
9213,722,34568,7,48,1,0,technical_issue,resolved
9214,735,35036,,24,1,0,return_request,resolved
9215,722,28469,,8,1,0,technical_issue,in_progress
9216,734,35058,25,8,1,0,technical_issue,resolved
9217,732,48192,,24,1,0,return_request,resolved
9218,725,36840,21,72,1,1,warranty_claim,resolved
9219,735,33856,,48,1,0,return_request,pending
9220,725,12309,,4,1,0,product_inquiry,pending
9221,732,49146,9,72,1,1,billing_issue,resolved
9222,721,25863,,8,1,0,return_request,pending
9223,725,20813,23,72,1,1,return_request,pending
9224,730,34385,5,72,1,1,warranty_claim,resolved
9225,728,38241,,24,1,0,return_request,resolved
9226,726,45557,,48,1,0,return_request,resolved
9227,725,1872,,24,1,0,delivery_problem,resolved
9228,725,34606,16,24,1,0,delivery_problem,resolved
9229,732,42824,,4,1,0,delivery_problem,resolved
9230,721,5551,,168,1,1,return_request,resolved
9231,722,19061,,168,1,1,return_request,resolved
9232,730,18449,,2,1,0,delivery_problem,in_progress
9233,733,13559,,4,1,0,return_request,resolved
9234,734,7543,,8,1,0,return_request,resolved
9235,732,29068,,72,1,1,return_request,in_progress
9236,725,31704,,72,1,1,return_request,resolved
9237,733,8887,14,48,1,0,warranty_claim,pending
9238,727,16144,27,48,1,0,warranty_claim,in_progress
9239,722,18069,,24,1,0,return_request,resolved
9240,725,21985,,4,1,0,delivery_problem,resolved
9241,736,49320,2,48,1,0,return_request,pending
9242,734,42950,,24,1,0,return_request,resolved
9243,727,24636,5,24,1,0,delivery_problem,resolved
9244,723,13102,,24,1,0,return_request,resolved
9245,731,31858,,4,1,0,return_request,resolved
9246,724,22636,,2,1,0,return_request,resolved
9247,732,1615,,24,1,0,return_request,resolved
9248,726,8903,,2,1,0,return_request,resolved
9249,735,32452,,72,1,1,return_request,resolved
9250,736,18341,14,8,1,0,delivery_problem,resolved
9251,735,44526,,72,1,1,delivery_problem,resolved
9252,733,39492,,72,1,1,return_request,resolved
9253,723,27957,,24,1,0,return_request,resolved
9254,725,1969,,2,1,0,return_request,resolved
9255,734,12610,,24,1,0,return_request,resolved
9256,722,36348,,8,1,0,return_request,resolved
9257,726,26050,,120,1,1,technical_issue,in_progress
9258,725,33241,7,4,1,0,technical_issue,pending
9259,725,22228,13,24,1,0,technical_issue,resolved
9260,730,7479,,48,1,0,return_request,resolved
9261,728,35105,,8,1,0,return_request,resolved
9262,731,21349,,168,1,1,return_request,resolved
9263,723,40056,,8,1,0,return_request,resolved
9264,728,31327,,48,1,0,return_request,resolved
9265,722,26319,,8,1,0,technical_issue,resolved
9266,731,40280,,24,1,0,return_request,resolved
9267,725,23957,28,168,1,1,delivery_problem,resolved
9268,730,21426,9,8,1,0,technical_issue,resolved
9269,735,24704,10,2,1,0,product_inquiry,resolved
9270,729,6250,,4,1,0,return_request,resolved
9271,723,13477,,24,1,0,return_request,pending
9272,733,30055,,24,1,0,return_request,resolved
9273,735,31344,,8,1,0,return_request,resolved
9274,726,2695,,8,1,0,product_inquiry,resolved
9275,727,32580,,8,1,0,return_request,resolved
9276,735,41182,,8,1,0,return_request,resolved
9277,735,40156,,4,1,0,technical_issue,resolved
9278,728,2652,,120,1,1,return_request,pending
9279,724,14570,,24,1,0,return_request,resolved
9280,730,20607,23,8,1,0,delivery_problem,resolved
9281,736,18278,,4,1,0,return_request,resolved
9282,731,29664,,168,1,1,return_request,resolved
9283,728,47182,,120,1,1,return_request,resolved
9284,724,30407,,2,1,0,return_request,resolved
9285,726,35998,,4,1,0,return_request,pending
9286,730,31733,,8,1,0,product_inquiry,resolved
9287,736,33626,,24,1,0,return_request,resolved
9288,725,17396,,2,1,0,return_request,resolved
9289,726,158,,4,1,0,return_request,pending
9290,734,40446,,2,1,0,billing_issue,resolved
9291,729,42192,,120,1,1,return_request,resolved
9292,734,2356,,4,1,0,return_request,resolved
9293,737,7402,,8,1,0,return_request,resolved
9294,729,10371,,48,1,0,return_request,resolved
9295,735,24291,,48,1,0,return_request,pending
9296,730,21174,,2,1,0,return_request,resolved
9297,724,3532,,8,1,0,return_request,resolved
9298,735,25635,,4,1,0,return_request,resolved
9299,725,29853,,2,1,0,billing_issue,pending
9300,735,39045,,4,1,0,delivery_problem,resolved
9301,729,2612,,4,1,0,return_request,resolved
9302,726,33938,10,4,1,0,delivery_problem,in_progress
9303,734,27838,,24,1,0,return_request,in_progress
9304,735,14340,,72,1,1,return_request,resolved
9305,734,13962,14,4,1,0,delivery_problem,resolved
9306,735,24456,,48,1,0,return_request,resolved
9307,726,46876,,4,1,0,return_request,resolved
9308,723,32663,,4,1,0,return_request,resolved
9309,728,37619,,24,1,0,return_request,resolved
9310,729,13165,,8,1,0,technical_issue,resolved
9311,724,37153,,8,1,0,return_request,resolved
9312,734,47855,,4,1,0,delivery_problem,resolved
9313,728,28160,,4,1,0,billing_issue,resolved
9314,735,22883,,4,1,0,return_request,resolved
9315,732,7269,,24,1,0,return_request,resolved
9316,726,20566,,8,1,0,product_inquiry,resolved
9317,732,11727,,48,1,0,warranty_claim,resolved
9318,733,25599,5,8,1,0,billing_issue,resolved
9319,730,38354,,8,1,0,return_request,resolved
9320,732,33563,23,24,1,0,delivery_problem,resolved
9321,735,46954,,2,1,0,return_request,resolved
9322,737,1912,,4,1,0,billing_issue,resolved
9323,737,26726,12,8,1,0,delivery_problem,resolved
9324,725,19943,,8,1,0,return_request,resolved
9325,725,9082,,8,1,0,return_request,resolved
9326,736,46157,,72,1,1,return_request,resolved
9327,733,1898,,8,1,0,return_request,resolved
9328,735,3710,,72,1,1,return_request,resolved
9329,731,32708,,48,1,0,return_request,resolved
9330,723,315,,8,1,0,return_request,resolved
9331,723,24228,,4,1,0,return_request,resolved
9332,729,41240,,2,1,0,return_request,resolved
9333,732,13560,17,48,1,0,technical_issue,resolved
9334,723,34368,,72,1,1,technical_issue,resolved
9335,733,33643,,120,1,1,return_request,resolved
9336,731,35916,,48,1,0,return_request,resolved
9337,737,27290,,2,1,0,delivery_problem,resolved
9338,724,47936,,120,1,1,return_request,resolved
9339,728,40734,,8,1,0,technical_issue,pending
9340,728,46577,,8,1,0,technical_issue,resolved
9341,731,5795,10,72,1,1,technical_issue,resolved
9342,726,34737,,8,1,0,return_request,resolved
9343,734,36374,,4,1,0,return_request,resolved
9344,735,15935,,24,1,0,return_request,in_progress
9345,737,9390,,8,1,0,return_request,resolved
9346,724,42789,10,4,1,0,delivery_problem,resolved
9347,729,21125,,8,1,0,return_request,resolved
9348,731,4783,,24,1,0,return_request,resolved
9349,735,35217,,48,1,0,billing_issue,resolved
9350,737,28564,,24,1,0,return_request,resolved
9351,725,28101,,48,1,0,return_request,resolved
9352,735,3616,,72,1,1,return_request,resolved
9353,736,35651,,168,1,1,return_request,resolved
9354,732,47729,,24,1,0,return_request,resolved
9355,730,34302,,4,1,0,return_request,resolved
9356,729,17261,,8,1,0,warranty_claim,resolved
9357,735,7100,,72,1,1,return_request,resolved
9358,726,36202,,72,1,1,return_request,resolved
9359,725,41628,,8,1,0,return_request,in_progress
9360,727,21791,,48,1,0,technical_issue,resolved
9361,728,6400,,8,1,0,return_request,resolved
9362,728,6341,,4,1,0,warranty_claim,resolved
9363,736,46492,,72,1,1,return_request,resolved
9364,725,13921,,24,1,0,return_request,resolved
9365,728,18676,,24,1,0,return_request,resolved
9366,729,22263,,4,1,0,delivery_problem,resolved
9367,731,25227,,24,1,0,billing_issue,resolved
9368,724,43806,,48,1,0,return_request,pending
9369,735,8889,,2,1,0,return_request,resolved
9370,724,34835,,8,1,0,return_request,resolved
9371,724,41557,,8,1,0,delivery_problem,in_progress
9372,729,10798,,2,1,0,return_request,resolved
9373,727,2655,,24,1,0,return_request,resolved
9374,737,49276,,24,1,0,product_inquiry,resolved
9375,728,13357,,24,1,0,return_request,resolved
9376,727,28529,,24,1,0,return_request,resolved
9377,732,33066,,2,1,0,return_request,resolved
9378,738,38348,,4,1,0,delivery_problem,resolved
9379,733,7783,,120,1,1,billing_issue,pending
9380,727,3419,,24,1,0,return_request,resolved
9381,739,28411,,2,1,0,return_request,resolved
9382,733,37824,,4,1,0,delivery_problem,in_progress
9383,727,29588,,4,1,0,billing_issue,resolved
9384,728,10540,,8,1,0,return_request,resolved
9385,739,20816,,48,1,0,technical_issue,resolved
9386,730,34789,,2,1,0,return_request,resolved
9387,731,28329,,48,1,0,return_request,resolved
9388,736,19516,,72,1,1,delivery_problem,resolved
9389,732,18461,24,8,1,0,delivery_problem,in_progress
9390,727,17024,,24,1,0,return_request,resolved
9391,733,17958,,72,1,1,return_request,resolved
9392,733,26811,,72,1,1,technical_issue,resolved
9393,731,6700,10,4,1,0,billing_issue,in_progress
9394,735,15109,,2,1,0,return_request,resolved
9395,728,31855,,48,1,0,return_request,resolved
9396,733,47952,,168,1,1,return_request,resolved
9397,727,35370,,24,1,0,return_request,resolved
9398,736,34811,,4,1,0,return_request,resolved
9399,738,47624,,8,1,0,return_request,resolved
9400,739,15046,16,24,1,0,delivery_problem,resolved
9401,728,13570,,4,1,0,technical_issue,resolved
9402,730,28549,,8,1,0,return_request,resolved
9403,727,15235,,2,1,0,return_request,resolved
9404,727,42692,,24,1,0,technical_issue,resolved
9405,725,8933,,2,1,0,return_request,resolved
9406,726,8704,,48,1,0,return_request,in_progress
9407,728,22784,,4,1,0,product_inquiry,in_progress
9408,735,14210,,72,1,1,return_request,resolved
9409,737,10014,11,8,1,0,delivery_problem,resolved
9410,739,28931,,48,1,0,technical_issue,resolved
9411,734,35560,9,4,1,0,billing_issue,resolved
9412,740,43914,,24,1,0,return_request,resolved
9413,731,6812,,168,1,1,return_request,pending
9414,731,22582,27,2,1,0,product_inquiry,resolved
9415,731,22365,,8,1,0,return_request,resolved
9416,735,44964,,2,1,0,return_request,resolved
9417,737,28831,,72,1,1,warranty_claim,resolved
9418,736,38261,,2,1,0,return_request,resolved
9419,740,32683,,72,1,1,return_request,resolved
9420,731,48376,28,48,1,0,billing_issue,resolved
9421,741,23834,,72,1,1,return_request,in_progress
9422,728,41074,,48,1,0,return_request,resolved
9423,738,18937,,24,1,0,billing_issue,resolved
9424,738,18845,,4,1,0,return_request,resolved
9425,732,32916,,24,1,0,return_request,resolved
9426,739,28811,,4,1,0,return_request,pending
9427,736,5891,17,24,1,0,return_request,resolved
9428,732,7378,,24,1,0,return_request,resolved
9429,737,44213,,72,1,1,return_request,resolved
9430,737,31772,23,4,1,0,technical_issue,resolved
9431,729,31767,5,72,1,1,warranty_claim,in_progress
9432,731,17377,,4,1,0,return_request,resolved
9433,734,401,,48,1,0,return_request,resolved
9434,737,28606,,24,1,0,return_request,resolved
9435,731,13539,13,2,1,0,technical_issue,resolved
9436,734,11634,,24,1,0,return_request,resolved
9437,736,7872,,4,1,0,return_request,resolved
9438,729,49967,,24,1,0,return_request,resolved
9439,728,38129,18,8,1,0,technical_issue,resolved
9440,731,38969,,120,1,1,return_request,resolved
9441,728,46906,,2,1,0,technical_issue,resolved
9442,736,29945,13,24,1,0,technical_issue,resolved
9443,739,19403,,24,1,0,return_request,resolved
9444,736,19394,,24,1,0,return_request,resolved
9445,732,46837,,24,1,0,return_request,resolved
9446,736,8550,,24,1,0,return_request,resolved
9447,737,42877,,48,1,0,billing_issue,resolved
9448,742,2186,,4,1,0,return_request,resolved
9449,732,3432,,120,1,1,return_request,resolved
9450,740,25947,,72,1,1,return_request,resolved
9451,732,48542,,8,1,0,technical_issue,resolved
9452,729,44052,,72,1,1,return_request,in_progress
9453,739,7843,,24,1,0,billing_issue,resolved
9454,731,14889,4,4,1,0,delivery_problem,resolved
9455,741,24867,1,24,1,0,product_inquiry,resolved
9456,729,47167,,24,1,0,return_request,resolved
9457,728,23190,16,8,1,0,technical_issue,resolved
9458,731,23927,,48,1,0,return_request,resolved
9459,730,46241,17,120,1,1,product_inquiry,resolved
9460,735,24884,,120,1,1,return_request,resolved
9461,730,48652,,168,1,1,return_request,resolved
9462,730,3718,,24,1,0,return_request,resolved
9463,736,36170,,24,1,0,return_request,resolved
9464,741,29812,,24,1,0,return_request,resolved
9465,736,23834,,24,1,0,return_request,resolved
9466,743,34846,,24,1,0,return_request,resolved
9467,731,16422,10,24,1,0,technical_issue,resolved
9468,739,19840,23,8,1,0,delivery_problem,resolved
9469,740,14344,,4,1,0,return_request,resolved
9470,734,49459,,8,1,0,return_request,resolved
9471,741,28653,,2,1,0,return_request,in_progress
9472,729,20058,,24,1,0,return_request,resolved
9473,729,24215,,2,1,0,warranty_claim,resolved
9474,741,45817,,2,1,0,return_request,resolved
9475,742,469,27,2,1,0,billing_issue,resolved
9476,742,30506,28,24,1,0,technical_issue,resolved
9477,740,2066,,4,1,0,delivery_problem,resolved
9478,740,1194,,48,1,0,return_request,resolved
9479,730,48899,14,2,1,0,delivery_problem,in_progress
9480,733,45542,,24,1,0,return_request,resolved
9481,738,2850,,24,1,0,return_request,pending
9482,736,988,,24,1,0,return_request,resolved
9483,736,15598,,24,1,0,return_request,resolved
9484,743,14044,,24,1,0,return_request,resolved
9485,729,28090,6,24,1,0,return_request,pending
9486,731,10493,,4,1,0,return_request,resolved
9487,732,44993,,8,1,0,delivery_problem,resolved
9488,744,11771,2,4,1,0,billing_issue,resolved
9489,743,43361,13,48,1,0,billing_issue,resolved
9490,744,15912,,72,1,1,return_request,resolved
9491,741,26025,,24,1,0,return_request,resolved
9492,731,15739,,4,1,0,return_request,pending
9493,730,33493,,48,1,0,return_request,in_progress
9494,730,22980,,48,1,0,delivery_problem,resolved
9495,744,19630,,120,1,1,billing_issue,resolved
9496,732,30237,,24,1,0,return_request,resolved
9497,742,25269,,24,1,0,return_request,resolved
9498,740,7398,,72,1,1,return_request,in_progress
9499,735,20378,7,72,1,1,return_request,resolved
9500,738,5490,,8,1,0,return_request,pending
9501,735,18537,,48,1,0,return_request,resolved
9502,737,10647,,2,1,0,return_request,resolved
9503,739,29844,,2,1,0,return_request,resolved
9504,744,24876,,24,1,0,technical_issue,resolved
9505,736,47725,5,2,1,0,warranty_claim,pending
9506,741,48949,,24,1,0,billing_issue,resolved
9507,743,43697,,24,1,0,delivery_problem,resolved
9508,741,30781,,2,1,0,return_request,resolved
9509,738,21628,,48,1,0,return_request,resolved
9510,738,894,,24,1,0,return_request,resolved
9511,735,3851,,8,1,0,return_request,resolved
9512,739,15008,,8,1,0,return_request,resolved
9513,735,45891,,4,1,0,delivery_problem,resolved
9514,735,15906,,48,1,0,return_request,pending
9515,741,10418,,24,1,0,technical_issue,resolved
9516,737,19892,,24,1,0,return_request,resolved
9517,740,33192,,8,1,0,warranty_claim,resolved
9518,736,24595,,24,1,0,technical_issue,in_progress
9519,733,219,,8,1,0,product_inquiry,resolved
9520,731,34536,,2,1,0,return_request,resolved
9521,734,10126,,24,1,0,return_request,resolved
9522,744,31734,,48,1,0,billing_issue,resolved
9523,739,13391,,48,1,0,return_request,resolved
9524,734,44133,19,4,1,0,product_inquiry,resolved
9525,739,10310,,48,1,0,delivery_problem,resolved
9526,741,17658,,8,1,0,return_request,resolved
9527,734,11808,7,2,1,0,billing_issue,resolved
9528,743,17477,,48,1,0,return_request,in_progress
9529,732,37642,,8,1,0,delivery_problem,resolved
9530,745,37899,,2,1,0,return_request,pending
9531,744,12928,,48,1,0,return_request,resolved
9532,742,48766,,4,1,0,return_request,pending
9533,746,18003,,24,1,0,return_request,resolved
9534,742,22840,,24,1,0,return_request,resolved
9535,739,25281,,24,1,0,return_request,resolved
9536,734,31341,3,2,1,0,technical_issue,resolved
9537,737,46868,,72,1,1,return_request,resolved
9538,739,2759,,8,1,0,return_request,resolved
9539,741,29751,,24,1,0,return_request,resolved
9540,738,32986,,24,1,0,warranty_claim,resolved
9541,732,34474,,48,1,0,return_request,resolved
9542,740,11443,,24,1,0,return_request,pending
9543,740,44758,,24,1,0,return_request,resolved
9544,734,9498,20,4,1,0,warranty_claim,resolved
9545,746,10250,,48,1,0,return_request,resolved
9546,735,11128,23,48,1,0,delivery_problem,resolved
9547,733,44084,,4,1,0,billing_issue,resolved
9548,739,14849,,24,1,0,return_request,resolved
9549,747,5816,,120,1,1,return_request,resolved
9550,740,6696,,72,1,1,return_request,resolved
9551,743,48767,,2,1,0,return_request,resolved
9552,737,24132,,24,1,0,warranty_claim,resolved
9553,735,40441,5,24,1,0,technical_issue,resolved
9554,734,9902,,24,1,0,return_request,resolved
9555,742,45353,,24,1,0,return_request,resolved
9556,747,25640,,120,1,1,return_request,resolved
9557,745,31868,,24,1,0,return_request,resolved
9558,740,29936,28,24,1,0,return_request,resolved
9559,734,46748,,8,1,0,return_request,resolved
9560,739,46894,,120,1,1,return_request,resolved
9561,748,8922,,24,1,0,return_request,resolved
9562,744,28021,,24,1,0,return_request,resolved
9563,741,48489,,24,1,0,technical_issue,resolved
9564,736,1469,,8,1,0,warranty_claim,resolved
9565,739,19499,,48,1,0,return_request,resolved
9566,748,18628,,24,1,0,return_request,resolved
9567,742,32964,,24,1,0,return_request,in_progress
9568,735,41434,,24,1,0,return_request,resolved
9569,743,19696,,24,1,0,return_request,resolved
9570,749,30114,,8,1,0,delivery_problem,resolved
9571,743,13551,,4,1,0,return_request,resolved
9572,743,25446,,4,1,0,return_request,resolved
9573,743,29313,,8,1,0,technical_issue,resolved
9574,746,48764,,24,1,0,return_request,resolved
9575,747,12483,,8,1,0,warranty_claim,resolved
9576,740,5710,,8,1,0,return_request,resolved
9577,749,34760,,4,1,0,return_request,resolved
9578,739,15004,,24,1,0,return_request,resolved
9579,736,12576,6,24,1,0,technical_issue,resolved
9580,738,42750,,48,1,0,return_request,resolved
9581,736,25605,,72,1,1,technical_issue,in_progress
9582,749,43136,,4,1,0,return_request,pending
9583,738,33190,,24,1,0,return_request,resolved
9584,742,37138,,4,1,0,return_request,resolved
9585,749,11753,,168,1,1,return_request,pending
9586,740,40138,14,24,1,0,billing_issue,resolved
9587,736,36975,,4,1,0,return_request,in_progress
9588,737,22051,,2,1,0,return_request,resolved
9589,745,18308,,24,1,0,warranty_claim,resolved
9590,747,18818,,72,1,1,return_request,resolved
9591,745,6176,,48,1,0,return_request,resolved
9592,736,12899,,48,1,0,return_request,resolved
9593,746,23626,16,24,1,0,return_request,resolved
9594,736,34817,,2,1,0,return_request,resolved
9595,748,29275,,4,1,0,product_inquiry,resolved
9596,747,20412,,72,1,1,delivery_problem,resolved
9597,746,2960,,24,1,0,billing_issue,resolved
9598,743,34083,,4,1,0,return_request,resolved
9599,749,24268,,24,1,0,billing_issue,resolved
9600,739,11791,,4,1,0,delivery_problem,resolved
9601,749,23714,1,4,1,0,warranty_claim,resolved
9602,742,11333,,24,1,0,return_request,resolved
9603,750,5372,,24,1,0,delivery_problem,resolved
9604,751,45454,,24,1,0,return_request,resolved
9605,743,16204,,4,1,0,return_request,resolved
9606,740,15945,,48,1,0,warranty_claim,resolved
9607,745,29527,,2,1,0,return_request,resolved
9608,745,45631,,48,1,0,technical_issue,resolved
9609,737,32928,,8,1,0,return_request,resolved
9610,737,41910,,24,1,0,technical_issue,resolved
9611,738,14886,,8,1,0,return_request,resolved
9612,750,19528,,8,1,0,return_request,resolved
9613,748,23387,,24,1,0,return_request,resolved
9614,745,47620,,4,1,0,return_request,pending
9615,739,40058,8,2,1,0,technical_issue,resolved
9616,750,24434,,48,1,0,return_request,resolved
9617,741,46877,,120,1,1,return_request,resolved
9618,752,42138,,24,1,0,return_request,resolved
9619,742,26311,,24,1,0,return_request,resolved
9620,739,26250,,24,1,0,delivery_problem,resolved
9621,746,36273,,2,1,0,return_request,resolved
9622,747,36320,,24,1,0,return_request,resolved
9623,751,7762,,120,1,1,return_request,resolved
9624,750,20443,,24,1,0,return_request,in_progress
9625,742,24746,,8,1,0,warranty_claim,resolved
9626,743,21164,7,48,1,0,delivery_problem,resolved
9627,738,31339,17,24,1,0,delivery_problem,pending
9628,739,19682,10,48,1,0,warranty_claim,resolved
9629,739,19692,,24,1,0,return_request,resolved
9630,751,6248,,4,1,0,billing_issue,resolved
9631,750,2552,,8,1,0,return_request,resolved
9632,748,30150,,24,1,0,billing_issue,resolved
9633,739,27435,27,24,1,0,delivery_problem,resolved
9634,753,9318,,24,1,0,billing_issue,resolved
9635,742,14339,,4,1,0,return_request,resolved
9636,751,14266,,24,1,0,return_request,resolved
9637,752,17255,,72,1,1,return_request,in_progress
9638,740,27678,,24,1,0,return_request,resolved
9639,746,7847,,8,1,0,technical_issue,resolved
9640,747,9025,,24,1,0,return_request,resolved
9641,746,31390,,24,1,0,return_request,resolved
9642,743,32144,,4,1,0,return_request,resolved
9643,746,25813,,8,1,0,return_request,resolved
9644,753,42106,,48,1,0,return_request,resolved
9645,739,29819,,24,1,0,return_request,resolved
9646,743,1320,,8,1,0,return_request,resolved
9647,748,5517,20,4,1,0,return_request,resolved
9648,747,22757,11,24,1,0,return_request,in_progress
9649,741,41507,,24,1,0,return_request,resolved
9650,748,4372,,48,1,0,return_request,resolved
9651,751,21858,,24,1,0,return_request,pending
9652,742,47090,,8,1,0,return_request,resolved
9653,751,32839,,2,1,0,return_request,resolved
9654,740,49918,,2,1,0,return_request,resolved
9655,753,29582,,48,1,0,return_request,resolved
9656,745,23489,,24,1,0,return_request,in_progress
9657,742,36936,,120,1,1,return_request,resolved
9658,750,18110,,2,1,0,return_request,pending
9659,754,38858,,4,1,0,return_request,resolved
9660,749,6247,23,24,1,0,delivery_problem,resolved
9661,743,44570,,8,1,0,return_request,resolved
9662,742,18109,,4,1,0,return_request,resolved
9663,748,41501,,72,1,1,technical_issue,resolved
9664,749,13475,,48,1,0,return_request,resolved
9665,744,20913,12,2,1,0,delivery_problem,resolved
9666,752,14272,,48,1,0,return_request,resolved
9667,744,19543,,72,1,1,return_request,resolved
9668,747,18065,,8,1,0,return_request,resolved
9669,746,22933,,72,1,1,return_request,in_progress
9670,749,27087,,2,1,0,technical_issue,resolved
9671,747,26150,,24,1,0,technical_issue,resolved
9672,750,36391,,24,1,0,return_request,resolved
9673,752,40728,,2,1,0,return_request,resolved
9674,751,49290,19,4,1,0,warranty_claim,resolved
9675,751,43012,,4,1,0,return_request,resolved
9676,741,46132,,72,1,1,return_request,resolved
9677,748,49773,,168,1,1,return_request,resolved
9678,742,43967,,24,1,0,return_request,resolved
9679,753,16519,,4,1,0,return_request,resolved
9680,753,29472,,48,1,0,return_request,resolved
9681,748,17844,,8,1,0,return_request,resolved
9682,744,2121,,8,1,0,return_request,resolved
9683,754,39203,,24,1,0,return_request,resolved
9684,746,570,,24,1,0,return_request,resolved
9685,745,37531,,48,1,0,return_request,resolved
9686,742,31641,,4,1,0,return_request,resolved
9687,749,26787,,8,1,0,billing_issue,pending
9688,747,37902,,8,1,0,return_request,resolved
9689,745,6622,,8,1,0,return_request,resolved
9690,749,21363,,8,1,0,return_request,resolved
9691,742,3252,,24,1,0,return_request,in_progress
9692,754,14406,,120,1,1,delivery_problem,resolved
9693,744,49108,16,4,1,0,technical_issue,resolved
9694,756,24248,,48,1,0,return_request,resolved
9695,742,24187,,4,1,0,return_request,resolved
9696,755,22667,,8,1,0,return_request,resolved
9697,755,16717,,8,1,0,return_request,resolved
9698,749,46748,,8,1,0,billing_issue,in_progress
9699,749,16358,,48,1,0,technical_issue,resolved
9700,745,14313,,8,1,0,return_request,resolved
9701,742,48245,,72,1,1,return_request,resolved
9702,751,8516,,120,1,1,return_request,resolved
9703,755,28950,,8,1,0,technical_issue,resolved
9704,747,21085,,4,1,0,return_request,resolved
9705,742,992,,120,1,1,return_request,resolved
9706,753,15607,,8,1,0,return_request,resolved
9707,744,10350,,24,1,0,return_request,resolved
9708,744,48954,,4,1,0,return_request,resolved
9709,747,15794,,48,1,0,return_request,resolved
9710,750,28392,,48,1,0,return_request,resolved
9711,755,22095,17,8,1,0,technical_issue,in_progress
9712,747,20663,,72,1,1,return_request,resolved
9713,755,31742,,48,1,0,product_inquiry,resolved
9714,744,8245,,72,1,1,return_request,resolved
9715,753,14624,,8,1,0,return_request,resolved
9716,748,21723,,8,1,0,delivery_problem,resolved
9717,743,32259,,4,1,0,return_request,resolved
9718,756,3765,5,4,1,0,delivery_problem,resolved
9719,754,8059,,48,1,0,billing_issue,resolved
9720,753,45648,,24,1,0,return_request,resolved
9721,745,30139,,72,1,1,return_request,resolved
9722,756,4077,,8,1,0,return_request,pending
9723,750,35839,,8,1,0,return_request,resolved
9724,750,15469,20,48,1,0,delivery_problem,resolved
9725,751,4250,,48,1,0,return_request,resolved
9726,747,27341,,168,1,1,return_request,resolved
9727,748,7416,,8,1,0,billing_issue,resolved
9728,749,4609,,8,1,0,delivery_problem,resolved
9729,751,25624,,4,1,0,return_request,resolved
9730,751,34737,12,48,1,0,billing_issue,in_progress
9731,749,35008,,24,1,0,technical_issue,resolved
9732,749,25466,,24,1,0,product_inquiry,resolved
9733,756,45661,,24,1,0,product_inquiry,resolved
9734,750,31434,,48,1,0,return_request,resolved
9735,749,16033,,24,1,0,delivery_problem,pending
9736,747,40281,,2,1,0,return_request,resolved
9737,753,17342,,48,1,0,return_request,resolved
9738,758,44420,16,48,1,0,technical_issue,resolved
9739,744,14666,,48,1,0,return_request,resolved
9740,748,39252,,8,1,0,delivery_problem,resolved
9741,746,18961,,4,1,0,technical_issue,resolved
9742,758,18807,,24,1,0,delivery_problem,resolved
9743,751,10864,,2,1,0,product_inquiry,resolved
9744,757,39096,,8,1,0,return_request,resolved
9745,756,48283,23,24,1,0,delivery_problem,resolved
9746,756,30905,,8,1,0,warranty_claim,resolved
9747,750,5194,16,8,1,0,technical_issue,resolved
9748,753,48441,16,24,1,0,technical_issue,resolved
9749,757,39645,,24,1,0,return_request,resolved
9750,752,5787,,48,1,0,return_request,resolved
9751,758,7147,,24,1,0,return_request,resolved
9752,754,39394,,24,1,0,return_request,resolved
9753,749,27668,17,2,1,0,technical_issue,resolved
9754,744,34618,,24,1,0,return_request,resolved
9755,746,24427,16,8,1,0,technical_issue,resolved
9756,753,3191,3,24,1,0,return_request,in_progress
9757,751,41757,,24,1,0,return_request,resolved
9758,758,36130,,2,1,0,return_request,resolved
9759,752,20212,15,168,1,1,technical_issue,resolved
9760,745,39357,,24,1,0,return_request,resolved
9761,753,37440,,48,1,0,return_request,resolved
9762,755,42351,,4,1,0,return_request,resolved
9763,758,42709,,72,1,1,return_request,in_progress
9764,751,6885,,4,1,0,return_request,resolved
9765,753,17046,,24,1,0,return_request,in_progress
9766,752,25064,,24,1,0,return_request,pending
9767,750,16382,,24,1,0,return_request,resolved
9768,755,4159,,8,1,0,return_request,resolved
9769,758,6985,10,8,1,0,technical_issue,resolved
9770,756,23299,,4,1,0,technical_issue,pending
9771,745,15492,,168,1,1,return_request,resolved
9772,749,39764,10,4,1,0,technical_issue,resolved
9773,753,30242,,8,1,0,return_request,resolved
9774,750,17804,,168,1,1,return_request,resolved
9775,746,11397,,4,1,0,warranty_claim,in_progress
9776,759,23367,7,4,1,0,billing_issue,resolved
9777,754,37314,,8,1,0,delivery_problem,resolved
9778,756,42189,14,2,1,0,technical_issue,in_progress
9779,759,6480,,8,1,0,return_request,pending
9780,748,17105,,8,1,0,technical_issue,resolved
9781,753,45118,,72,1,1,return_request,pending
9782,752,13358,,2,1,0,return_request,resolved
9783,747,20866,,168,1,1,return_request,in_progress
9784,746,24282,,24,1,0,return_request,resolved
9785,755,3621,,4,1,0,product_inquiry,resolved
9786,746,27704,,24,1,0,return_request,resolved
9787,749,36416,,24,1,0,return_request,resolved
9788,759,34259,,24,1,0,return_request,resolved
9789,752,25035,,168,1,1,return_request,resolved
9790,760,17535,,48,1,0,product_inquiry,resolved
9791,749,37428,,8,1,0,warranty_claim,resolved
9792,749,36514,,72,1,1,return_request,resolved
9793,756,15627,,24,1,0,return_request,resolved
9794,755,44339,,120,1,1,return_request,resolved
9795,749,46369,,8,1,0,return_request,resolved
9796,751,29739,,24,1,0,return_request,resolved
9797,750,24888,,72,1,1,return_request,resolved
9798,757,37911,,8,1,0,return_request,resolved
9799,752,4717,,24,1,0,return_request,resolved
9800,761,30800,,4,1,0,return_request,resolved
9801,760,16203,,24,1,0,return_request,resolved
9802,753,4781,,2,1,0,billing_issue,resolved
9803,750,3988,,72,1,1,return_request,in_progress
9804,753,4121,,2,1,0,delivery_problem,in_progress
9805,760,39152,,168,1,1,return_request,resolved
9806,762,2129,3,8,1,0,delivery_problem,resolved
9807,756,10615,,8,1,0,return_request,resolved
9808,754,26539,,4,1,0,delivery_problem,resolved
9809,754,45019,,24,1,0,return_request,resolved
9810,750,41651,,2,1,0,return_request,resolved
9811,756,36335,,48,1,0,return_request,resolved
9812,749,1743,,24,1,0,return_request,resolved
9813,757,32433,16,24,1,0,return_request,resolved
9814,755,19627,,24,1,0,delivery_problem,resolved
9815,762,26007,,4,1,0,return_request,resolved
9816,756,21040,,24,1,0,return_request,pending
9817,755,14047,,2,1,0,return_request,pending
9818,761,22221,,48,1,0,return_request,resolved
9819,753,17417,,8,1,0,return_request,resolved
9820,759,7477,20,24,1,0,billing_issue,resolved
9821,759,1430,,24,1,0,return_request,resolved
9822,751,351,,2,1,0,return_request,resolved
9823,753,23486,,24,1,0,delivery_problem,resolved
9824,758,34022,2,4,1,0,billing_issue,pending
9825,756,37021,,24,1,0,return_request,resolved
9826,751,24228,,2,1,0,warranty_claim,resolved
9827,751,31644,,48,1,0,return_request,resolved
9828,752,14407,,24,1,0,return_request,resolved
9829,755,2715,,8,1,0,return_request,resolved
9830,754,29808,,72,1,1,technical_issue,resolved
9831,760,44858,,4,1,0,return_request,resolved
9832,756,33787,,8,1,0,return_request,resolved
9833,756,6057,,168,1,1,delivery_problem,resolved
9834,762,48110,,72,1,1,warranty_claim,resolved
9835,761,12124,,72,1,1,return_request,in_progress
9836,762,4046,,4,1,0,return_request,resolved
9837,756,24832,,24,1,0,technical_issue,resolved
9838,751,7850,17,4,1,0,billing_issue,resolved
9839,757,24822,,168,1,1,billing_issue,resolved
9840,757,12768,,48,1,0,return_request,resolved
9841,757,4252,,2,1,0,return_request,resolved
9842,762,44646,,8,1,0,delivery_problem,in_progress
9843,756,21884,10,72,1,1,return_request,resolved
9844,753,29353,,24,1,0,return_request,resolved
9845,754,13282,,8,1,0,delivery_problem,resolved
9846,758,21616,,4,1,0,return_request,resolved
9847,753,44502,,72,1,1,return_request,in_progress
9848,761,33832,,24,1,0,return_request,resolved
9849,766,9643,,4,1,0,return_request,resolved
9850,763,27304,21,48,1,0,billing_issue,resolved
9851,760,40703,,24,1,0,return_request,pending
9852,761,46213,,48,1,0,return_request,resolved
9853,766,1427,,48,1,0,technical_issue,resolved
9854,756,22474,,48,1,0,product_inquiry,resolved
9855,757,5127,,8,1,0,return_request,resolved
9856,761,42106,,2,1,0,warranty_claim,resolved
9857,753,9357,,24,1,0,product_inquiry,resolved
9858,758,34373,,24,1,0,billing_issue,resolved
9859,762,25725,,4,1,0,return_request,resolved
9860,766,15656,20,48,1,0,delivery_problem,resolved
9861,758,4089,,4,1,0,return_request,resolved
9862,765,44305,,4,1,0,return_request,resolved
9863,765,16577,,72,1,1,return_request,resolved
9864,768,40666,,24,1,0,return_request,resolved
9865,754,22356,,72,1,1,return_request,resolved
9866,754,28425,,120,1,1,return_request,resolved
9867,764,11397,,8,1,0,return_request,in_progress
9868,765,35020,,48,1,0,return_request,resolved
9869,760,6372,,24,1,0,return_request,pending
9870,761,4355,,24,1,0,return_request,resolved
9871,756,47211,,24,1,0,return_request,pending
9872,767,12203,,120,1,1,return_request,resolved
9873,763,36204,,8,1,0,return_request,resolved
9874,767,1351,,72,1,1,return_request,resolved
9875,762,37658,,4,1,0,return_request,resolved
9876,769,3025,,8,1,0,return_request,resolved
9877,760,19906,,4,1,0,return_request,resolved
9878,760,3835,,48,1,0,return_request,resolved
9879,767,49821,,4,1,0,return_request,resolved
9880,755,11352,,168,1,1,return_request,in_progress
9881,767,21525,12,48,1,0,return_request,resolved
9882,761,28365,,4,1,0,billing_issue,resolved
9883,768,47910,,24,1,0,billing_issue,resolved
9884,767,20032,,24,1,0,return_request,resolved
9885,765,38239,,2,1,0,return_request,resolved
9886,768,19376,,4,1,0,return_request,pending
9887,756,7719,,24,1,0,return_request,resolved
9888,763,46681,,24,1,0,return_request,resolved
9889,757,40961,,48,1,0,return_request,resolved
9890,758,14781,,8,1,0,return_request,pending
9891,770,45039,,24,1,0,return_request,in_progress
9892,763,44583,,72,1,1,return_request,resolved
9893,757,37996,,2,1,0,return_request,pending
9894,761,42083,,48,1,0,return_request,resolved
9895,766,3006,,48,1,0,return_request,resolved
9896,771,14160,,24,1,0,billing_issue,resolved
9897,767,39883,,48,1,0,return_request,resolved
9898,766,46227,,72,1,1,return_request,resolved
9899,767,18464,,72,1,1,return_request,resolved
9900,770,31401,,4,1,0,return_request,resolved
9901,758,2396,2,24,1,0,return_request,resolved
9902,763,25727,,24,1,0,billing_issue,resolved
9903,763,8642,,24,1,0,return_request,resolved
9904,764,7615,,8,1,0,return_request,resolved
9905,770,37702,,24,1,0,warranty_claim,resolved
9906,758,49588,,48,1,0,return_request,resolved
9907,767,28157,6,2,1,0,technical_issue,resolved
9908,760,40084,,4,1,0,warranty_claim,resolved
9909,768,16776,,120,1,1,warranty_claim,resolved
9910,764,20212,,4,1,0,return_request,resolved
9911,758,24501,,72,1,1,return_request,pending
9912,768,21041,,24,1,0,return_request,resolved
9913,758,11952,,24,1,0,return_request,pending
9914,771,1884,,8,1,0,return_request,resolved
9915,772,46378,,24,1,0,return_request,resolved
9916,762,2531,,4,1,0,return_request,resolved
9917,763,17374,,48,1,0,return_request,resolved
9918,771,3046,18,72,1,1,billing_issue,resolved
9919,759,38792,,24,1,0,return_request,resolved
9920,767,34789,,8,1,0,product_inquiry,resolved
9921,760,40338,,24,1,0,return_request,resolved
9922,769,24578,,4,1,0,return_request,resolved
9923,766,36900,,24,1,0,warranty_claim,resolved
9924,758,9212,,72,1,1,return_request,resolved
9925,769,44273,,48,1,0,return_request,pending
9926,759,12160,,24,1,0,return_request,in_progress
9927,762,47929,,8,1,0,return_request,resolved
9928,769,7725,25,8,1,0,delivery_problem,resolved
9929,771,2536,,48,1,0,return_request,resolved
9930,765,45995,,2,1,0,return_request,resolved
9931,773,8312,,24,1,0,return_request,resolved
9932,760,42539,,48,1,0,return_request,pending
9933,765,2549,22,24,1,0,return_request,resolved
9934,770,34258,,4,1,0,return_request,resolved
9935,774,27541,13,72,1,1,billing_issue,pending
9936,768,30126,13,24,1,0,warranty_claim,resolved
9937,775,34756,,72,1,1,return_request,resolved
9938,765,35529,,24,1,0,warranty_claim,resolved
9939,769,43938,,168,1,1,return_request,in_progress
9940,775,20874,,72,1,1,return_request,in_progress
9941,762,11089,,2,1,0,technical_issue,resolved
9942,775,34981,,8,1,0,return_request,resolved
9943,765,46287,24,24,1,0,technical_issue,resolved
9944,768,36685,,8,1,0,return_request,in_progress
9945,764,8773,,8,1,0,return_request,resolved
9946,768,5981,,72,1,1,warranty_claim,in_progress
9947,769,20904,,24,1,0,return_request,resolved
9948,767,37833,,24,1,0,technical_issue,resolved
9949,763,16938,,24,1,0,return_request,resolved
9950,764,42185,,4,1,0,return_request,resolved
9951,775,18849,12,8,1,0,technical_issue,resolved
9952,771,45290,,8,1,0,return_request,pending
9953,767,29893,,72,1,1,return_request,resolved
9954,767,29455,,24,1,0,return_request,resolved
9955,769,16100,,72,1,1,billing_issue,resolved
9956,762,36089,,24,1,0,return_request,resolved
9957,775,33138,6,8,1,0,return_request,resolved
9958,766,15446,,120,1,1,product_inquiry,resolved
9959,772,32498,,48,1,0,return_request,resolved
9960,765,12929,,120,1,1,delivery_problem,resolved
9961,771,31307,,72,1,1,return_request,resolved
9962,776,36087,,24,1,0,return_request,pending
9963,776,21317,,48,1,0,technical_issue,resolved
9964,763,2862,,48,1,0,return_request,pending
9965,773,34203,6,72,1,1,billing_issue,resolved
9966,773,28094,,8,1,0,delivery_problem,resolved
9967,774,3841,,48,1,0,return_request,resolved
9968,772,40183,,4,1,0,return_request,resolved
9969,777,29058,,48,1,0,return_request,resolved
9970,776,48074,,24,1,0,billing_issue,resolved
9971,767,7602,,72,1,1,technical_issue,resolved
9972,769,9998,,168,1,1,return_request,pending
9973,764,31641,,48,1,0,return_request,resolved
9974,776,13742,,24,1,0,warranty_claim,resolved
9975,777,9848,28,48,1,0,technical_issue,resolved
9976,770,33061,25,8,1,0,billing_issue,pending
9977,774,46682,,24,1,0,return_request,resolved
9978,765,45342,,8,1,0,technical_issue,resolved
9979,779,12824,,8,1,0,technical_issue,resolved
9980,779,20766,,8,1,0,product_inquiry,resolved
9981,775,37640,,72,1,1,return_request,resolved
9982,778,3523,,8,1,0,return_request,resolved
9983,775,38855,,2,1,0,return_request,resolved
9984,775,38886,,120,1,1,return_request,resolved
9985,769,20016,,24,1,0,return_request,resolved
9986,767,47383,,8,1,0,return_request,pending
9987,765,3282,,8,1,0,return_request,resolved
9988,777,38560,26,24,1,0,warranty_claim,pending
9989,779,26053,,120,1,1,delivery_problem,resolved
9990,773,24461,,24,1,0,return_request,resolved
9991,779,32059,1,24,1,0,billing_issue,pending
9992,768,43838,,48,1,0,delivery_problem,resolved
9993,773,32346,,2,1,0,return_request,resolved
9994,776,18284,,24,1,0,return_request,resolved
9995,772,28343,9,24,1,0,warranty_claim,resolved
9996,774,20588,14,24,1,0,billing_issue,resolved
9997,768,46257,,168,1,1,return_request,resolved
9998,770,18084,,24,1,0,return_request,pending
9999,779,4915,,24,1,0,return_request,resolved
10000,767,46140,,8,1,0,return_request,resolved
10001,779,19849,,4,1,0,delivery_problem,resolved
10002,768,28280,,24,1,0,return_request,resolved
10003,773,29012,,8,1,0,return_request,resolved
10004,772,15777,25,24,1,0,return_request,resolved
10005,769,10379,,8,1,0,warranty_claim,resolved
10006,768,27314,,48,1,0,delivery_problem,resolved
10007,777,5376,,4,1,0,return_request,resolved
10008,778,8416,21,24,1,0,delivery_problem,resolved
10009,774,44575,,24,1,0,return_request,pending
10010,783,35682,,24,1,0,return_request,resolved
10011,779,24980,27,48,1,0,return_request,resolved
10012,775,20130,,120,1,1,return_request,resolved
10013,779,33318,,120,1,1,return_request,resolved
10014,776,5884,,48,1,0,product_inquiry,resolved
10015,770,24974,,8,1,0,return_request,resolved
10016,772,37575,,4,1,0,delivery_problem,resolved
10017,772,8011,,24,1,0,return_request,resolved
10018,776,22134,,4,1,0,return_request,resolved
10019,780,27918,,72,1,1,return_request,resolved
10020,772,23167,,24,1,0,technical_issue,pending
10021,782,12583,,24,1,0,return_request,resolved
10022,779,30180,,24,1,0,return_request,resolved
10023,781,34275,,72,1,1,return_request,resolved
10024,770,12614,,8,1,0,return_request,in_progress
10025,779,991,,2,1,0,product_inquiry,resolved
10026,777,29825,,48,1,0,return_request,resolved
10027,771,48542,,8,1,0,billing_issue,resolved
10028,772,6797,,48,1,0,return_request,resolved
10029,771,43661,,72,1,1,return_request,pending
10030,781,46190,,2,1,0,return_request,resolved
10031,777,7124,,8,1,0,return_request,resolved
10032,770,16961,,2,1,0,return_request,in_progress
10033,784,4386,17,8,1,0,warranty_claim,resolved
10034,784,17999,25,2,1,0,delivery_problem,resolved
10035,775,48330,,24,1,0,return_request,resolved
10036,785,40371,,24,1,0,return_request,resolved
10037,771,23894,,4,1,0,return_request,resolved
10038,780,45019,,8,1,0,return_request,resolved
10039,773,48391,,8,1,0,return_request,resolved
10040,785,31524,,8,1,0,return_request,resolved
10041,777,5428,24,24,1,0,return_request,resolved
10042,777,3897,,72,1,1,return_request,resolved
10043,786,34515,,4,1,0,return_request,resolved
10044,785,20937,,24,1,0,return_request,resolved
10045,779,36513,,48,1,0,return_request,resolved
10046,776,28359,25,2,1,0,return_request,resolved
10047,777,5016,,8,1,0,technical_issue,resolved
10048,777,21880,,24,1,0,return_request,resolved
10049,773,49704,,8,1,0,return_request,resolved
10050,774,42177,,120,1,1,return_request,resolved
10051,781,37596,14,2,1,0,warranty_claim,resolved
10052,778,41636,,24,1,0,return_request,resolved
10053,779,31991,,24,1,0,return_request,resolved
10054,774,14126,,8,1,0,return_request,resolved
10055,782,14937,,72,1,1,return_request,resolved
10056,787,48379,,48,1,0,return_request,pending
10057,778,17598,,4,1,0,return_request,resolved
10058,773,4336,,4,1,0,technical_issue,resolved
10059,786,24315,,72,1,1,return_request,resolved
10060,776,13943,,24,1,0,return_request,in_progress
10061,773,31509,,48,1,0,return_request,resolved
10062,783,38198,,2,1,0,return_request,resolved
10063,786,23026,,2,1,0,return_request,resolved
10064,776,20062,,24,1,0,return_request,resolved
10065,784,31525,,4,1,0,return_request,resolved
10066,788,19172,,24,1,0,return_request,resolved
10067,775,1871,,120,1,1,return_request,resolved
10068,784,7229,,24,1,0,return_request,resolved
10069,786,12437,,4,1,0,return_request,resolved
10070,777,7347,10,120,1,1,billing_issue,resolved
10071,774,11630,28,24,1,0,billing_issue,resolved
10072,776,13965,,4,1,0,billing_issue,resolved
10073,779,43017,,4,1,0,return_request,resolved
10074,785,13966,,2,1,0,return_request,resolved
10075,776,42678,,24,1,0,return_request,resolved
10076,786,42718,,24,1,0,return_request,resolved
10077,785,696,,48,1,0,return_request,pending
10078,789,16186,,2,1,0,return_request,resolved
10079,780,13418,,8,1,0,delivery_problem,resolved
10080,777,14238,,4,1,0,return_request,in_progress
10081,787,2837,,48,1,0,billing_issue,in_progress
10082,789,6873,,4,1,0,delivery_problem,resolved
10083,778,1262,,24,1,0,return_request,resolved
10084,780,38819,,4,1,0,return_request,resolved
10085,781,10901,,48,1,0,return_request,resolved
10086,776,37241,,72,1,1,delivery_problem,resolved
10087,788,25198,,4,1,0,return_request,resolved
10088,783,41136,,24,1,0,return_request,resolved
10089,780,3225,,120,1,1,billing_issue,resolved
10090,791,19703,,2,1,0,return_request,resolved
10091,788,18731,,2,1,0,return_request,resolved
10092,786,47539,,24,1,0,delivery_problem,in_progress
10093,787,47398,,2,1,0,return_request,in_progress
10094,786,4151,,48,1,0,return_request,resolved
10095,785,20204,,8,1,0,technical_issue,resolved
10096,786,42333,,2,1,0,return_request,resolved
10097,780,8072,,8,1,0,return_request,resolved
10098,790,4800,,48,1,0,delivery_problem,resolved
10099,785,21431,,2,1,0,return_request,resolved
10100,791,11334,,120,1,1,warranty_claim,resolved
10101,782,25770,,8,1,0,return_request,resolved
10102,779,12670,,24,1,0,return_request,pending
10103,787,14069,,4,1,0,product_inquiry,resolved
10104,778,42630,,4,1,0,return_request,resolved
10105,786,4367,,4,1,0,return_request,in_progress
10106,778,16480,,48,1,0,return_request,resolved
10107,779,28877,,4,1,0,return_request,pending
10108,790,17787,,120,1,1,delivery_problem,resolved
10109,789,4871,,72,1,1,return_request,in_progress
10110,789,6244,,24,1,0,delivery_problem,resolved
10111,780,3475,,4,1,0,return_request,resolved
10112,793,2242,12,24,1,0,return_request,resolved
10113,783,30566,,24,1,0,return_request,resolved
10114,787,6531,24,24,1,0,return_request,pending
10115,785,40365,,4,1,0,technical_issue,resolved
10116,786,49500,,2,1,0,delivery_problem,resolved
10117,782,2048,,120,1,1,return_request,resolved
10118,780,12357,,8,1,0,return_request,resolved
10119,784,40718,,8,1,0,return_request,resolved
10120,786,21775,,24,1,0,return_request,resolved
10121,788,6652,,48,1,0,return_request,resolved
10122,789,12586,,24,1,0,technical_issue,resolved
10123,789,11975,,8,1,0,return_request,pending
10124,782,15577,18,4,1,0,return_request,pending
10125,788,47001,,4,1,0,return_request,resolved
10126,788,47453,,4,1,0,technical_issue,resolved
10127,792,24231,,4,1,0,technical_issue,in_progress
10128,794,47885,,8,1,0,technical_issue,in_progress
10129,789,23846,,72,1,1,return_request,resolved
10130,785,28599,,4,1,0,return_request,resolved
10131,787,11913,,48,1,0,return_request,resolved
10132,790,48272,28,2,1,0,technical_issue,resolved
10133,793,30649,,48,1,0,return_request,resolved
10134,788,47177,,4,1,0,return_request,resolved
10135,783,38024,,4,1,0,return_request,resolved
10136,795,11081,,24,1,0,return_request,resolved
10137,787,40577,,4,1,0,return_request,resolved
10138,793,24048,,4,1,0,delivery_problem,pending
10139,792,1915,,8,1,0,billing_issue,resolved
10140,789,42108,,24,1,0,return_request,resolved
10141,784,10902,,4,1,0,return_request,resolved
10142,783,3591,,120,1,1,return_request,resolved
10143,791,47630,,8,1,0,return_request,resolved
10144,789,1213,,8,1,0,delivery_problem,resolved
10145,792,26313,,8,1,0,return_request,resolved
10146,796,27967,,24,1,0,return_request,resolved
10147,793,42570,,4,1,0,return_request,resolved
10148,789,44868,,24,1,0,return_request,resolved
10149,798,27980,,24,1,0,return_request,resolved
10150,794,7908,,24,1,0,return_request,resolved
10151,792,35555,,8,1,0,return_request,resolved
10152,794,49323,,120,1,1,return_request,resolved
10153,792,42551,,4,1,0,technical_issue,resolved
10154,792,31794,,24,1,0,return_request,resolved
10155,795,25456,,8,1,0,return_request,resolved
10156,798,15480,,4,1,0,return_request,pending
10157,796,23699,,2,1,0,return_request,resolved
10158,793,17478,,24,1,0,warranty_claim,resolved
10159,792,31577,,24,1,0,return_request,resolved
10160,785,10442,11,4,1,0,product_inquiry,in_progress
10161,799,32026,,8,1,0,return_request,resolved
10162,795,27313,,72,1,1,return_request,resolved
10163,799,28332,,120,1,1,return_request,resolved
10164,797,34680,,8,1,0,return_request,in_progress
10165,798,11692,,2,1,0,return_request,in_progress
10166,794,44416,,4,1,0,return_request,resolved
10167,788,44415,,24,1,0,return_request,resolved
10168,798,42124,,24,1,0,return_request,resolved
10169,793,17266,,4,1,0,technical_issue,resolved
10170,797,16684,,4,1,0,return_request,resolved
10171,792,28636,,24,1,0,delivery_problem,in_progress
10172,797,33236,,24,1,0,billing_issue,resolved
10173,794,4845,,8,1,0,technical_issue,resolved
10174,794,15508,,8,1,0,delivery_problem,resolved
10175,790,8211,,24,1,0,return_request,resolved
10176,796,41605,,24,1,0,return_request,resolved
10177,793,49992,25,4,1,0,return_request,resolved
10178,799,49377,,2,1,0,return_request,resolved
10179,796,16750,,72,1,1,return_request,resolved
10180,797,5414,,8,1,0,return_request,resolved
10181,790,10174,,24,1,0,billing_issue,resolved
10182,799,21773,,2,1,0,return_request,resolved
10183,792,1537,25,4,1,0,return_request,resolved
10184,788,38292,,72,1,1,return_request,resolved
10185,788,5762,,24,1,0,return_request,resolved
10186,799,15790,,24,1,0,return_request,resolved
10187,791,28865,8,24,1,0,return_request,resolved
10188,793,7743,,8,1,0,product_inquiry,resolved
10189,798,12816,,8,1,0,return_request,resolved
10190,792,5201,,72,1,1,technical_issue,resolved
10191,795,15098,19,24,1,0,return_request,resolved
10192,798,28337,,4,1,0,return_request,resolved
10193,800,21520,,4,1,0,return_request,resolved
10194,799,37070,,24,1,0,return_request,resolved
10195,794,21789,,8,1,0,return_request,resolved
10196,799,48528,,24,1,0,return_request,resolved
10197,799,13551,,8,1,0,return_request,resolved
10198,801,14000,,8,1,0,technical_issue,resolved
10199,798,47371,,24,1,0,billing_issue,resolved
10200,799,49543,,120,1,1,return_request,resolved
10201,800,36315,,24,1,0,return_request,resolved
10202,793,27107,,72,1,1,delivery_problem,resolved
10203,795,26495,,4,1,0,technical_issue,resolved
10204,796,10248,,48,1,0,return_request,resolved
10205,800,35704,,8,1,0,return_request,resolved
10206,805,35735,,2,1,0,return_request,resolved
10207,793,30724,,24,1,0,return_request,resolved
10208,804,16536,,8,1,0,return_request,resolved
10209,805,42662,,2,1,0,return_request,resolved
10210,800,20596,,24,1,0,return_request,resolved
10211,793,1065,,24,1,0,product_inquiry,resolved
10212,805,977,,120,1,1,return_request,resolved
10213,802,29292,,4,1,0,return_request,resolved
10214,797,25429,,24,1,0,return_request,resolved
10215,797,46937,,24,1,0,return_request,resolved
10216,796,25881,,24,1,0,technical_issue,resolved
10217,804,12816,,120,1,1,return_request,resolved
10218,792,48764,,24,1,0,return_request,resolved
10219,799,11236,,2,1,0,delivery_problem,resolved
10220,799,3052,6,168,1,1,billing_issue,resolved
10221,794,11983,,48,1,0,warranty_claim,resolved
10222,797,11427,,4,1,0,return_request,resolved
10223,803,41069,,2,1,0,billing_issue,resolved
10224,807,17104,,24,1,0,return_request,resolved
10225,793,48092,,4,1,0,return_request,resolved
10226,807,22200,,4,1,0,return_request,resolved
10227,794,42962,10,24,1,0,delivery_problem,resolved
10228,799,49056,11,8,1,0,return_request,resolved
10229,802,19606,8,24,1,0,technical_issue,pending
10230,807,39070,,120,1,1,return_request,resolved
10231,803,35565,,8,1,0,delivery_problem,resolved
10232,804,23931,,4,1,0,return_request,resolved
10233,795,6136,,24,1,0,product_inquiry,resolved
10234,803,4017,,8,1,0,return_request,resolved
10235,804,24338,,120,1,1,technical_issue,resolved
10236,800,30077,,2,1,0,return_request,resolved
10237,807,41401,,4,1,0,return_request,resolved
10238,794,44144,,120,1,1,return_request,resolved
10239,800,6463,,24,1,0,return_request,in_progress
10240,803,2941,9,4,1,0,warranty_claim,resolved
10241,801,49070,,72,1,1,return_request,resolved
10242,808,1205,,8,1,0,return_request,resolved
10243,804,8916,,48,1,0,return_request,resolved
10244,801,5771,,24,1,0,return_request,resolved
10245,804,28603,15,168,1,1,billing_issue,pending
10246,797,6206,,8,1,0,return_request,pending
10247,806,27461,,72,1,1,return_request,resolved
10248,805,20103,,24,1,0,warranty_claim,resolved
10249,807,41902,,8,1,0,return_request,pending
10250,803,11152,,48,1,0,return_request,resolved
10251,808,18734,4,120,1,1,technical_issue,resolved
10252,808,24101,,24,1,0,return_request,resolved
10253,805,43330,,2,1,0,return_request,resolved
10254,808,15241,,4,1,0,return_request,resolved
10255,796,46759,7,24,1,0,billing_issue,resolved
10256,796,47976,,8,1,0,return_request,resolved
10257,807,36473,,24,1,0,return_request,resolved
10258,809,23618,,8,1,0,product_inquiry,resolved
10259,803,49198,,8,1,0,return_request,resolved
10260,802,30694,,48,1,0,delivery_problem,resolved
10261,800,34676,,8,1,0,return_request,pending
10262,801,16854,,48,1,0,return_request,resolved
10263,810,13904,,4,1,0,return_request,resolved
10264,805,24416,,4,1,0,return_request,resolved
10265,807,3431,,72,1,1,return_request,resolved
10266,804,21000,,2,1,0,return_request,resolved
10267,805,45621,,8,1,0,return_request,resolved
10268,803,8871,,24,1,0,return_request,resolved
10269,808,21602,13,2,1,0,return_request,resolved
10270,810,33550,,48,1,0,technical_issue,resolved
10271,803,35766,21,24,1,0,return_request,resolved
10272,806,12308,,4,1,0,return_request,resolved
10273,807,36840,,8,1,0,return_request,resolved
10274,800,45888,,2,1,0,technical_issue,resolved
10275,806,12001,,4,1,0,delivery_problem,resolved
10276,805,45845,,2,1,0,return_request,resolved
10277,799,4558,,4,1,0,return_request,resolved
10278,806,4427,,72,1,1,return_request,resolved
10279,811,7218,,168,1,1,return_request,resolved
10280,801,31696,,4,1,0,technical_issue,pending
10281,810,1035,,72,1,1,return_request,resolved
10282,802,36280,,8,1,0,return_request,resolved
10283,808,25796,,8,1,0,return_request,resolved
10284,813,20624,,2,1,0,return_request,resolved
10285,813,44292,,48,1,0,return_request,resolved
10286,808,17261,22,24,1,0,technical_issue,resolved
10287,808,15282,15,24,1,0,technical_issue,resolved
10288,810,46832,,24,1,0,return_request,resolved
10289,805,44166,,168,1,1,return_request,resolved
10290,809,31815,,48,1,0,return_request,resolved
10291,801,8398,,24,1,0,return_request,resolved
10292,811,20299,11,48,1,0,technical_issue,resolved
10293,809,39439,,24,1,0,return_request,resolved
10294,808,23273,,48,1,0,return_request,resolved
10295,814,20070,,120,1,1,warranty_claim,in_progress
10296,801,23723,,72,1,1,return_request,resolved
10297,802,26980,,8,1,0,technical_issue,resolved
10298,806,16522,,4,1,0,return_request,pending
10299,801,39305,,4,1,0,technical_issue,resolved
10300,806,15887,,24,1,0,return_request,in_progress
10301,805,35605,,2,1,0,return_request,resolved
10302,803,41926,,24,1,0,return_request,resolved
10303,811,42276,,8,1,0,delivery_problem,resolved
10304,807,15146,,4,1,0,return_request,resolved
10305,802,48924,,48,1,0,return_request,resolved
10306,804,38802,,2,1,0,return_request,in_progress
10307,814,25800,,24,1,0,return_request,resolved
10308,809,22651,,72,1,1,return_request,resolved
10309,815,23835,,4,1,0,return_request,resolved
10310,812,38960,,4,1,0,return_request,resolved
10311,807,44838,,4,1,0,return_request,in_progress
10312,815,16055,,72,1,1,return_request,resolved
10313,813,1694,,24,1,0,return_request,resolved
10314,815,35777,,8,1,0,warranty_claim,resolved
10315,809,890,,2,1,0,return_request,resolved
10316,808,30135,,8,1,0,return_request,resolved
10317,805,4470,,8,1,0,return_request,resolved
10318,804,9061,,168,1,1,return_request,pending
10319,811,7550,,2,1,0,return_request,resolved
10320,814,42812,8,8,1,0,technical_issue,in_progress
10321,807,48591,,8,1,0,return_request,resolved
10322,816,15353,25,24,1,0,technical_issue,resolved
10323,803,9066,,24,1,0,return_request,resolved
10324,809,29898,,72,1,1,return_request,resolved
10325,811,30817,,4,1,0,technical_issue,resolved
10326,809,23065,,8,1,0,warranty_claim,resolved
10327,807,31799,,8,1,0,product_inquiry,resolved
10328,804,31519,,4,1,0,billing_issue,resolved
10329,810,10232,,4,1,0,return_request,resolved
10330,812,6206,,2,1,0,return_request,resolved
10331,806,6940,,2,1,0,return_request,resolved
10332,818,17385,,72,1,1,return_request,resolved
10333,816,6781,1,48,1,0,product_inquiry,resolved
10334,814,45857,,48,1,0,return_request,resolved
10335,805,26077,,168,1,1,return_request,resolved
10336,806,32961,,24,1,0,return_request,resolved
10337,805,36306,,4,1,0,warranty_claim,resolved
10338,819,22556,,2,1,0,return_request,resolved
10339,810,32716,,2,1,0,return_request,resolved
10340,819,12336,,168,1,1,warranty_claim,resolved
10341,807,28510,,24,1,0,return_request,resolved
10342,806,5653,16,8,1,0,return_request,resolved
10343,818,44821,,8,1,0,return_request,pending
10344,816,31959,21,8,1,0,technical_issue,resolved
10345,812,20414,17,4,1,0,product_inquiry,resolved
10346,806,11354,,24,1,0,return_request,resolved
10347,816,9634,,2,1,0,return_request,in_progress
10348,805,7045,,120,1,1,return_request,in_progress
10349,805,32323,,4,1,0,return_request,resolved
10350,811,21451,,24,1,0,return_request,resolved
10351,812,33691,,8,1,0,technical_issue,resolved
10352,816,1495,8,24,1,0,warranty_claim,in_progress
10353,812,39807,,72,1,1,return_request,resolved
10354,816,48102,,8,1,0,warranty_claim,resolved
10355,814,35830,,4,1,0,billing_issue,resolved
10356,809,39998,,4,1,0,return_request,resolved
10357,811,35589,,24,1,0,return_request,resolved
10358,815,15145,,24,1,0,technical_issue,resolved
10359,814,2056,,24,1,0,return_request,resolved
10360,810,11601,,4,1,0,return_request,resolved
10361,808,36808,,48,1,0,return_request,resolved
10362,812,17525,1,2,1,0,delivery_problem,resolved
10363,812,36958,13,2,1,0,product_inquiry,resolved
10364,813,25970,,48,1,0,return_request,pending
10365,812,40248,,120,1,1,billing_issue,resolved
10366,810,2787,,2,1,0,return_request,resolved
10367,813,15567,,8,1,0,return_request,resolved
10368,812,6920,,72,1,1,return_request,resolved
10369,813,593,,2,1,0,return_request,resolved
10370,820,37164,,24,1,0,delivery_problem,resolved
10371,816,24637,,48,1,0,return_request,resolved
10372,820,41472,,24,1,0,return_request,resolved
10373,809,7741,,24,1,0,return_request,resolved
10374,814,37226,,4,1,0,return_request,resolved
10375,812,5151,,4,1,0,billing_issue,pending
10376,819,43646,11,8,1,0,delivery_problem,resolved
10377,809,6816,,72,1,1,return_request,resolved
10378,810,25438,,8,1,0,return_request,resolved
10379,811,4833,,48,1,0,return_request,resolved
10380,822,7192,26,8,1,0,billing_issue,in_progress
10381,822,17833,,48,1,0,return_request,resolved
10382,814,36895,,8,1,0,return_request,resolved
10383,813,27377,4,4,1,0,billing_issue,resolved
10384,821,25286,16,120,1,1,delivery_problem,resolved
10385,822,5476,,2,1,0,technical_issue,pending
10386,820,17505,,4,1,0,product_inquiry,resolved
10387,818,7221,,4,1,0,return_request,resolved
10388,821,14999,,24,1,0,billing_issue,resolved
10389,824,24014,,24,1,0,billing_issue,resolved
10390,810,35319,,24,1,0,delivery_problem,resolved
10391,814,43040,,48,1,0,product_inquiry,resolved
10392,814,47264,,48,1,0,return_request,resolved
10393,810,10472,18,24,1,0,billing_issue,resolved
10394,824,37097,,8,1,0,return_request,resolved
10395,812,36076,,72,1,1,return_request,resolved
10396,819,23968,,4,1,0,delivery_problem,resolved
10397,818,41889,,48,1,0,return_request,pending
10398,813,22486,,120,1,1,delivery_problem,resolved
10399,820,36946,18,2,1,0,delivery_problem,resolved
10400,819,8280,,2,1,0,billing_issue,resolved
10401,818,16676,,24,1,0,warranty_claim,resolved
10402,819,47786,,2,1,0,return_request,resolved
10403,818,41501,,4,1,0,return_request,resolved
10404,819,13735,,48,1,0,return_request,resolved
10405,813,21051,,2,1,0,return_request,resolved
10406,823,36985,23,8,1,0,return_request,resolved
10407,824,33953,24,120,1,1,billing_issue,resolved
10408,820,21260,,24,1,0,billing_issue,resolved
10409,817,6997,,24,1,0,return_request,resolved
10410,812,35480,,24,1,0,return_request,resolved
10411,826,31305,,4,1,0,return_request,resolved
10412,819,16408,,120,1,1,return_request,resolved
10413,822,1984,,24,1,0,technical_issue,resolved
10414,816,15551,,4,1,0,product_inquiry,resolved
10415,819,28770,,8,1,0,return_request,resolved
10416,826,24718,,48,1,0,delivery_problem,resolved
10417,813,30080,,24,1,0,return_request,resolved
10418,813,7200,,4,1,0,return_request,in_progress
10419,826,3074,,4,1,0,return_request,resolved
10420,822,8522,,8,1,0,return_request,resolved
10421,817,13148,,24,1,0,return_request,resolved
10422,826,20052,,8,1,0,return_request,pending
10423,820,25753,,8,1,0,return_request,pending
10424,820,2426,,48,1,0,return_request,resolved
10425,817,28179,,4,1,0,return_request,pending
10426,819,38645,,72,1,1,return_request,resolved
10427,823,17728,,24,1,0,return_request,resolved
10428,819,28069,10,48,1,0,billing_issue,resolved
10429,819,8661,,8,1,0,return_request,resolved
10430,818,32850,,72,1,1,return_request,resolved
10431,820,20895,,120,1,1,technical_issue,resolved
10432,818,757,,24,1,0,technical_issue,pending
10433,814,6600,25,48,1,0,billing_issue,resolved
10434,814,48768,,120,1,1,return_request,pending
10435,827,1334,4,24,1,0,return_request,resolved
10436,816,20765,,72,1,1,return_request,resolved
10437,826,49163,12,24,1,0,billing_issue,resolved
10438,828,11526,,120,1,1,warranty_claim,resolved
10439,820,41586,,2,1,0,technical_issue,resolved
10440,822,7016,27,8,1,0,technical_issue,resolved
10441,821,11385,,2,1,0,return_request,resolved
10442,819,49128,28,8,1,0,billing_issue,in_progress
10443,819,35421,,120,1,1,return_request,resolved
10444,824,45970,,168,1,1,return_request,resolved
10445,828,25743,,24,1,0,return_request,resolved
10446,818,29861,,120,1,1,return_request,resolved
10447,816,596,,48,1,0,return_request,resolved
10448,821,14224,,24,1,0,return_request,resolved
10449,819,32528,,8,1,0,technical_issue,resolved
10450,817,38612,,24,1,0,return_request,in_progress
10451,822,28101,,24,1,0,return_request,pending
10452,819,49923,,4,1,0,return_request,pending
10453,824,925,,8,1,0,return_request,resolved
10454,824,32375,,8,1,0,return_request,resolved
10455,819,47493,,8,1,0,return_request,resolved
10456,820,26479,,48,1,0,return_request,resolved
10457,825,39305,,4,1,0,product_inquiry,pending
10458,819,9287,,24,1,0,return_request,resolved
10459,829,46720,,8,1,0,return_request,resolved
10460,822,3636,24,24,1,0,delivery_problem,resolved
10461,826,35479,,4,1,0,return_request,resolved
10462,819,45099,,24,1,0,warranty_claim,resolved
10463,819,21855,16,24,1,0,billing_issue,resolved
10464,817,25985,,8,1,0,return_request,resolved
10465,821,9114,,4,1,0,return_request,resolved
10466,824,369,1,24,1,0,delivery_problem,resolved
10467,826,47015,,24,1,0,delivery_problem,resolved
10468,822,26475,22,24,1,0,delivery_problem,resolved
10469,822,4010,,72,1,1,return_request,resolved
10470,819,30126,12,8,1,0,product_inquiry,resolved
10471,820,11509,,48,1,0,return_request,resolved
10472,821,23666,,8,1,0,return_request,resolved
10473,829,9806,,24,1,0,return_request,resolved
10474,833,26716,,8,1,0,return_request,resolved
10475,823,35232,,4,1,0,return_request,resolved
10476,826,24037,3,24,1,0,delivery_problem,resolved
10477,819,27647,,4,1,0,return_request,resolved
10478,826,8508,,8,1,0,return_request,resolved
10479,831,28387,,2,1,0,return_request,resolved
10480,827,17819,,8,1,0,return_request,resolved
10481,828,25234,,8,1,0,return_request,resolved
10482,819,20086,12,24,1,0,warranty_claim,in_progress
10483,827,5566,,4,1,0,return_request,resolved
10484,826,16840,,2,1,0,return_request,resolved
10485,820,18213,,8,1,0,technical_issue,resolved
10486,827,7963,,24,1,0,return_request,pending
10487,832,46134,,24,1,0,return_request,resolved
10488,833,1609,,120,1,1,return_request,resolved
10489,829,3975,,24,1,0,return_request,resolved
10490,822,49294,,48,1,0,return_request,resolved
10491,828,44507,,120,1,1,return_request,resolved
10492,825,14827,21,4,1,0,delivery_problem,resolved
10493,825,37106,,48,1,0,technical_issue,resolved
10494,827,12394,,2,1,0,return_request,resolved
10495,824,4004,,24,1,0,return_request,resolved
10496,831,31544,28,24,1,0,technical_issue,resolved
10497,834,6108,26,4,1,0,warranty_claim,resolved
10498,825,35447,,72,1,1,warranty_claim,pending
10499,826,27664,6,72,1,1,return_request,resolved
10500,833,29828,25,24,1,0,technical_issue,in_progress
10501,826,11229,,2,1,0,return_request,resolved
10502,825,8205,,48,1,0,return_request,resolved
10503,828,5081,,48,1,0,return_request,resolved
10504,831,6337,,2,1,0,return_request,resolved
10505,834,26296,,24,1,0,billing_issue,resolved
10506,825,49931,,24,1,0,return_request,resolved
10507,827,9445,,24,1,0,return_request,pending
10508,836,3648,,4,1,0,return_request,resolved
10509,836,24227,21,24,1,0,return_request,pending
10510,826,18390,,120,1,1,delivery_problem,resolved
10511,822,1575,25,4,1,0,delivery_problem,in_progress
10512,831,39375,11,4,1,0,delivery_problem,pending
10513,825,13161,,24,1,0,return_request,resolved
10514,827,11429,,8,1,0,warranty_claim,pending
10515,828,18238,,8,1,0,return_request,resolved
10516,837,49722,8,4,1,0,product_inquiry,resolved
10517,830,13127,,8,1,0,technical_issue,resolved
10518,833,152,,8,1,0,return_request,pending
10519,824,41234,,8,1,0,return_request,resolved
10520,826,33628,,24,1,0,return_request,pending
10521,828,13467,,24,1,0,return_request,resolved
10522,836,9909,,72,1,1,return_request,resolved
10523,835,2946,,4,1,0,technical_issue,resolved
10524,837,30791,,48,1,0,return_request,resolved
10525,831,38310,,48,1,0,return_request,in_progress
10526,829,3523,,168,1,1,return_request,resolved
10527,825,9332,,4,1,0,return_request,resolved
10528,838,24611,,8,1,0,return_request,resolved
10529,825,26519,19,24,1,0,return_request,resolved
10530,839,10333,,8,1,0,return_request,in_progress
10531,834,20979,,4,1,0,return_request,resolved
10532,836,31035,,72,1,1,return_request,resolved
10533,831,46534,,4,1,0,return_request,resolved
10534,827,42249,,168,1,1,return_request,resolved
10535,836,42122,,8,1,0,return_request,resolved
10536,830,48710,,72,1,1,return_request,resolved
10537,834,11929,26,8,1,0,return_request,resolved
10538,831,47766,,24,1,0,return_request,resolved
10539,840,11090,,4,1,0,return_request,in_progress
10540,828,31195,,4,1,0,return_request,resolved
10541,826,49078,,48,1,0,return_request,in_progress
10542,828,26737,,24,1,0,return_request,resolved
10543,835,13885,,24,1,0,return_request,resolved
10544,832,4299,,8,1,0,billing_issue,resolved
10545,836,3239,,48,1,0,return_request,resolved
10546,831,4007,,24,1,0,technical_issue,resolved
10547,834,22223,8,24,1,0,billing_issue,resolved
10548,833,36422,,72,1,1,return_request,in_progress
10549,839,36515,,2,1,0,return_request,resolved
10550,828,44796,,8,1,0,return_request,resolved
10551,832,35307,,8,1,0,return_request,resolved
10552,837,8670,27,24,1,0,delivery_problem,resolved
10553,829,36150,,24,1,0,return_request,pending
10554,835,24299,,4,1,0,return_request,resolved
10555,835,9145,,8,1,0,billing_issue,in_progress
10556,833,13933,,24,1,0,return_request,resolved
10557,840,13165,10,24,1,0,delivery_problem,resolved
10558,832,35539,6,24,1,0,return_request,resolved
10559,835,24845,13,24,1,0,warranty_claim,resolved
10560,834,39463,,24,1,0,return_request,pending
10561,841,26668,,24,1,0,return_request,pending
10562,828,6589,,2,1,0,return_request,in_progress
10563,836,827,,4,1,0,return_request,resolved
10564,832,46359,26,2,1,0,delivery_problem,resolved
10565,837,7909,,24,1,0,return_request,pending
10566,830,23676,,8,1,0,delivery_problem,resolved
10567,837,10493,,4,1,0,technical_issue,resolved
10568,835,7397,25,8,1,0,delivery_problem,resolved
10569,833,35574,,4,1,0,return_request,resolved
10570,830,48196,,24,1,0,return_request,resolved
10571,834,29287,,24,1,0,technical_issue,resolved
10572,842,36518,12,48,1,0,product_inquiry,resolved
10573,829,3848,,24,1,0,return_request,resolved
10574,839,27732,,24,1,0,return_request,resolved
10575,839,2941,,168,1,1,technical_issue,resolved
10576,831,15278,,4,1,0,return_request,resolved
10577,835,23110,,2,1,0,return_request,resolved
10578,843,12626,,8,1,0,return_request,in_progress
10579,838,6180,,8,1,0,return_request,resolved
10580,841,1133,,72,1,1,return_request,resolved
10581,839,35508,,72,1,1,return_request,resolved
10582,841,21104,,2,1,0,return_request,pending
10583,841,3882,27,48,1,0,return_request,resolved
10584,835,7060,17,48,1,0,billing_issue,resolved
10585,837,3306,,4,1,0,return_request,resolved
10586,834,8072,,8,1,0,delivery_problem,resolved
10587,840,36994,,2,1,0,return_request,resolved
10588,838,20229,,24,1,0,technical_issue,resolved
10589,839,25899,,2,1,0,delivery_problem,resolved
10590,830,34781,,120,1,1,return_request,resolved
10591,842,15944,,8,1,0,return_request,resolved
10592,830,9825,,2,1,0,return_request,resolved
10593,834,17420,18,48,1,0,warranty_claim,resolved
10594,838,27336,,48,1,0,return_request,resolved
10595,842,6576,3,24,1,0,technical_issue,resolved
10596,840,2145,,120,1,1,return_request,resolved
10597,835,19555,,24,1,0,delivery_problem,resolved
10598,839,38246,,120,1,1,return_request,resolved
10599,839,29961,,2,1,0,return_request,resolved
10600,841,24728,,48,1,0,return_request,resolved
10601,844,15817,9,8,1,0,return_request,resolved
10602,836,25483,,2,1,0,return_request,resolved
10603,833,45780,,72,1,1,return_request,in_progress
10604,839,18928,,120,1,1,return_request,resolved
10605,833,26173,,48,1,0,return_request,resolved
10606,844,20833,,24,1,0,return_request,pending
10607,833,35083,,24,1,0,return_request,pending
10608,842,14018,,48,1,0,return_request,resolved
10609,834,642,,48,1,0,return_request,resolved
10610,833,44322,,2,1,0,return_request,resolved
10611,836,21610,,4,1,0,return_request,resolved
10612,846,23741,,4,1,0,return_request,in_progress
10613,832,41337,,120,1,1,return_request,resolved
10614,845,10757,,4,1,0,return_request,resolved
10615,840,13687,,8,1,0,technical_issue,resolved
10616,837,40317,,24,1,0,delivery_problem,resolved
10617,841,1043,,24,1,0,return_request,resolved
10618,840,18608,,48,1,0,product_inquiry,resolved
10619,834,28722,,4,1,0,return_request,resolved
10620,841,19829,,24,1,0,warranty_claim,resolved
10621,842,16073,,24,1,0,return_request,resolved
10622,837,19337,,8,1,0,return_request,in_progress
10623,847,10735,,24,1,0,technical_issue,resolved
10624,847,17657,,8,1,0,technical_issue,in_progress
10625,844,43987,,24,1,0,technical_issue,resolved
10626,843,15365,5,2,1,0,technical_issue,resolved
10627,842,15064,1,8,1,0,warranty_claim,in_progress
10628,835,37545,,48,1,0,return_request,resolved
10629,835,39687,28,48,1,0,technical_issue,resolved
10630,844,9099,15,4,1,0,technical_issue,resolved
10631,841,39209,13,24,1,0,billing_issue,pending
10632,833,49559,20,48,1,0,warranty_claim,resolved
10633,847,16464,,72,1,1,return_request,resolved
10634,835,44431,20,24,1,0,return_request,in_progress
10635,841,34246,,8,1,0,return_request,in_progress
10636,848,7407,14,24,1,0,warranty_claim,resolved
10637,837,15227,,24,1,0,return_request,resolved
10638,839,20940,,48,1,0,delivery_problem,resolved
10639,846,35542,,4,1,0,return_request,resolved
10640,834,45914,28,8,1,0,return_request,resolved
10641,836,40666,,24,1,0,return_request,resolved
10642,841,26576,,2,1,0,billing_issue,resolved
10643,844,30347,,48,1,0,technical_issue,resolved
10644,839,30482,,8,1,0,warranty_claim,resolved
10645,843,21561,,8,1,0,return_request,resolved
10646,838,27299,,24,1,0,delivery_problem,resolved
10647,841,22519,,4,1,0,return_request,resolved
10648,846,13411,,8,1,0,return_request,pending
10649,841,46711,,2,1,0,billing_issue,resolved
10650,834,26435,,24,1,0,billing_issue,resolved
10651,846,28693,17,24,1,0,product_inquiry,resolved
10652,846,11888,4,8,1,0,return_request,resolved
10653,846,45983,8,4,1,0,return_request,resolved
10654,849,29076,,24,1,0,return_request,resolved
10655,847,28291,,8,1,0,return_request,in_progress
10656,836,29262,,4,1,0,return_request,resolved
10657,845,42256,,24,1,0,return_request,resolved
10658,845,28987,,2,1,0,return_request,resolved
10659,847,9527,,72,1,1,return_request,resolved
10660,848,12886,,72,1,1,warranty_claim,resolved
10661,845,24620,18,24,1,0,delivery_problem,resolved
10662,840,10548,,120,1,1,return_request,pending
10663,847,37320,,24,1,0,return_request,resolved
10664,839,5264,,48,1,0,return_request,resolved
10665,836,31564,,4,1,0,return_request,in_progress
10666,836,23118,,24,1,0,warranty_claim,resolved
10667,847,12406,,72,1,1,return_request,resolved
10668,836,22998,,8,1,0,return_request,resolved
10669,841,6926,,2,1,0,return_request,resolved
10670,849,36213,,8,1,0,return_request,resolved
10671,837,26919,,168,1,1,return_request,resolved
10672,843,30764,,24,1,0,return_request,resolved
10673,841,29585,19,72,1,1,technical_issue,resolved
10674,845,3690,11,48,1,0,technical_issue,resolved
10675,841,14267,,24,1,0,technical_issue,resolved
10676,848,19573,,24,1,0,return_request,resolved
10677,840,14337,,8,1,0,return_request,in_progress
10678,842,3109,,24,1,0,delivery_problem,resolved
10679,841,49597,,24,1,0,product_inquiry,resolved
10680,843,7189,,48,1,0,return_request,resolved
10681,837,38256,11,120,1,1,billing_issue,resolved
10682,840,40854,22,2,1,0,return_request,pending
10683,837,39482,3,120,1,1,billing_issue,in_progress
10684,842,23459,,24,1,0,technical_issue,resolved
10685,849,3472,,48,1,0,return_request,resolved
10686,850,19939,,24,1,0,return_request,resolved
10687,843,2661,,24,1,0,return_request,resolved
10688,843,42560,,4,1,0,return_request,resolved
10689,841,25369,,8,1,0,return_request,resolved
10690,850,9225,,24,1,0,return_request,resolved
10691,846,45504,,2,1,0,return_request,resolved
10692,849,3153,,8,1,0,return_request,resolved
10693,846,32967,10,8,1,0,return_request,resolved
10694,845,27940,,4,1,0,return_request,resolved
10695,848,47119,10,72,1,1,technical_issue,resolved
10696,840,45605,23,8,1,0,technical_issue,resolved
10697,851,22749,,120,1,1,return_request,resolved
10698,839,19236,,4,1,0,delivery_problem,resolved
10699,850,10733,,8,1,0,return_request,in_progress
10700,843,27905,15,24,1,0,delivery_problem,resolved
10701,847,14348,,72,1,1,return_request,in_progress
10702,845,10473,,24,1,0,return_request,resolved
10703,850,30283,,2,1,0,return_request,resolved
10704,848,42880,,24,1,0,return_request,resolved
10705,849,32877,,8,1,0,return_request,in_progress
10706,852,37650,,24,1,0,return_request,resolved
10707,844,14879,,8,1,0,return_request,resolved
10708,849,47381,,120,1,1,return_request,resolved
10709,843,42514,,8,1,0,delivery_problem,resolved
10710,841,44231,25,24,1,0,delivery_problem,resolved
10711,844,29078,,48,1,0,return_request,resolved
10712,852,47319,11,72,1,1,delivery_problem,resolved
10713,853,10517,,120,1,1,return_request,resolved
10714,844,30313,,4,1,0,return_request,resolved
10715,844,13140,,2,1,0,return_request,resolved
10716,843,34726,,24,1,0,warranty_claim,resolved
10717,851,32400,,2,1,0,return_request,resolved
10718,852,7732,,8,1,0,return_request,resolved
10719,850,36709,15,2,1,0,technical_issue,resolved
10720,846,19574,,8,1,0,return_request,pending
10721,852,37723,,48,1,0,return_request,resolved
10722,844,20855,,2,1,0,return_request,resolved
10723,840,9836,,2,1,0,return_request,resolved
10724,845,13067,,24,1,0,return_request,pending
10725,847,11096,,8,1,0,return_request,resolved
10726,843,27725,,48,1,0,return_request,resolved
10727,841,33769,,24,1,0,delivery_problem,resolved
10728,852,38880,,8,1,0,return_request,pending
10729,855,47900,,4,1,0,delivery_problem,resolved
10730,846,17216,,24,1,0,return_request,resolved
10731,847,12702,,8,1,0,return_request,resolved
10732,849,24709,,24,1,0,product_inquiry,pending
10733,846,14310,,4,1,0,return_request,resolved
10734,852,25475,,4,1,0,warranty_claim,in_progress
10735,855,11043,,8,1,0,delivery_problem,resolved
10736,847,9471,,24,1,0,return_request,resolved
10737,845,14551,15,48,1,0,billing_issue,in_progress
10738,845,46421,,48,1,0,return_request,resolved
10739,851,43999,,8,1,0,delivery_problem,resolved
10740,856,17382,,24,1,0,product_inquiry,resolved
10741,843,25917,,8,1,0,return_request,resolved
10742,850,3218,,24,1,0,return_request,pending
10743,850,4167,,4,1,0,return_request,resolved
10744,851,40564,,8,1,0,delivery_problem,resolved
10745,850,16884,,8,1,0,return_request,resolved
10746,851,21462,,8,1,0,return_request,resolved
10747,853,21831,,120,1,1,return_request,resolved
10748,851,38790,,48,1,0,return_request,resolved
10749,855,49729,,4,1,0,return_request,in_progress
10750,853,35913,,48,1,0,return_request,resolved
10751,848,14877,12,8,1,0,technical_issue,resolved
10752,848,27187,16,72,1,1,billing_issue,pending
10753,854,41143,1,120,1,1,return_request,pending
10754,855,44847,,48,1,0,delivery_problem,resolved
10755,853,35411,,48,1,0,return_request,in_progress
10756,849,14072,2,4,1,0,billing_issue,resolved
10757,848,37184,26,2,1,0,billing_issue,resolved
10758,852,23836,,8,1,0,return_request,resolved
10759,854,36762,,8,1,0,warranty_claim,resolved
10760,846,16033,,72,1,1,return_request,resolved
10761,856,22751,,4,1,0,billing_issue,resolved
10762,855,7254,,48,1,0,technical_issue,resolved
10763,846,25549,,24,1,0,return_request,resolved
10764,850,12433,,4,1,0,return_request,resolved
10765,856,43713,,72,1,1,return_request,resolved
10766,854,14474,,8,1,0,return_request,resolved
10767,852,42653,3,8,1,0,delivery_problem,resolved
10768,850,8599,,48,1,0,warranty_claim,resolved
10769,845,11600,18,48,1,0,warranty_claim,resolved
10770,855,7562,,48,1,0,return_request,resolved
10771,858,32152,,48,1,0,return_request,pending
10772,856,21031,6,4,1,0,return_request,resolved
10773,851,23480,,48,1,0,return_request,resolved
10774,854,25484,,24,1,0,return_request,resolved
10775,855,19248,,24,1,0,return_request,resolved
10776,848,26580,,48,1,0,return_request,resolved
10777,848,46226,,72,1,1,return_request,resolved
10778,857,36306,,4,1,0,billing_issue,resolved
10779,854,22825,,24,1,0,return_request,resolved
10780,855,32247,,24,1,0,return_request,pending
10781,860,39737,,48,1,0,return_request,resolved
10782,858,32365,2,4,1,0,warranty_claim,in_progress
10783,847,49732,,24,1,0,technical_issue,pending
10784,855,13236,,2,1,0,delivery_problem,resolved
10785,858,40830,,2,1,0,technical_issue,resolved
10786,848,31054,,8,1,0,return_request,resolved
10787,858,2839,,48,1,0,return_request,resolved
10788,852,34495,,4,1,0,return_request,resolved
10789,855,45487,20,8,1,0,technical_issue,pending
10790,848,45306,,8,1,0,return_request,resolved
10791,854,42792,,24,1,0,return_request,resolved
10792,850,3407,,48,1,0,return_request,resolved
10793,859,22767,,24,1,0,return_request,resolved
10794,860,2922,18,72,1,1,delivery_problem,resolved
10795,850,23469,,4,1,0,technical_issue,resolved
10796,848,3307,17,8,1,0,billing_issue,resolved
10797,853,8656,,120,1,1,return_request,resolved
10798,856,11624,,2,1,0,return_request,resolved
10799,850,38885,,8,1,0,return_request,resolved
10800,852,24911,,2,1,0,technical_issue,in_progress
10801,853,40569,,8,1,0,return_request,pending
10802,854,39104,,24,1,0,return_request,pending
10803,853,21925,,24,1,0,return_request,resolved
10804,863,11273,,8,1,0,return_request,resolved
10805,857,38030,,72,1,1,return_request,resolved
10806,859,12181,17,4,1,0,delivery_problem,resolved
10807,863,2387,,2,1,0,billing_issue,resolved
10808,862,23102,,4,1,0,return_request,resolved
10809,859,48991,,72,1,1,billing_issue,resolved
10810,860,19643,,8,1,0,billing_issue,resolved
10811,854,1600,6,8,1,0,return_request,resolved
10812,856,44700,,2,1,0,return_request,in_progress
10813,851,12649,,4,1,0,return_request,resolved
10814,855,29177,,48,1,0,technical_issue,resolved
10815,851,41564,,48,1,0,return_request,resolved
10816,862,17870,,8,1,0,return_request,in_progress
10817,860,41708,,120,1,1,technical_issue,resolved
10818,864,17614,,2,1,0,delivery_problem,resolved
10819,854,25658,28,48,1,0,delivery_problem,resolved
10820,855,24335,,24,1,0,return_request,resolved
10821,850,2571,,4,1,0,technical_issue,resolved
10822,858,45960,,8,1,0,delivery_problem,resolved
10823,864,14088,,8,1,0,return_request,resolved
10824,855,45911,,24,1,0,return_request,resolved
10825,859,8310,,72,1,1,return_request,resolved
10826,853,27854,,72,1,1,return_request,in_progress
10827,856,47158,,2,1,0,return_request,resolved
10828,855,20268,,24,1,0,return_request,resolved
10829,857,31920,,24,1,0,return_request,resolved
10830,853,8435,,2,1,0,return_request,resolved
10831,854,43526,,24,1,0,product_inquiry,resolved
10832,856,4955,,8,1,0,return_request,resolved
10833,859,27001,,48,1,0,return_request,resolved
10834,854,12444,,120,1,1,return_request,resolved
10835,851,14567,,24,1,0,return_request,resolved
10836,863,24842,,168,1,1,return_request,resolved
10837,852,9738,,2,1,0,return_request,resolved
10838,859,14771,,8,1,0,return_request,resolved
10839,860,37452,,4,1,0,return_request,resolved
10840,862,21361,,168,1,1,return_request,resolved
10841,861,29116,18,24,1,0,return_request,resolved
10842,856,46702,,48,1,0,return_request,resolved
10843,853,1652,,4,1,0,return_request,resolved
10844,861,25108,,48,1,0,return_request,in_progress
10845,865,44994,3,4,1,0,product_inquiry,resolved
10846,853,16711,,8,1,0,billing_issue,resolved
10847,865,19232,,24,1,0,return_request,resolved
10848,859,37488,,4,1,0,return_request,pending
10849,865,5906,,24,1,0,return_request,resolved
10850,859,44446,,48,1,0,return_request,resolved
10851,855,32250,,24,1,0,return_request,resolved
10852,868,24842,,24,1,0,return_request,resolved
10853,854,12778,18,4,1,0,delivery_problem,resolved
10854,858,19875,,24,1,0,delivery_problem,resolved
10855,859,14370,,8,1,0,return_request,in_progress
10856,865,41302,,2,1,0,technical_issue,resolved
10857,856,37170,,4,1,0,return_request,resolved
10858,864,22273,,168,1,1,return_request,resolved
10859,861,14625,,4,1,0,return_request,resolved
10860,856,49892,7,24,1,0,return_request,resolved
10861,857,1410,,8,1,0,return_request,resolved
10862,861,21179,,8,1,0,return_request,resolved
10863,867,32918,,24,1,0,return_request,resolved
10864,854,35956,,2,1,0,return_request,resolved
10865,854,46063,,8,1,0,return_request,resolved
10866,866,14552,11,24,1,0,warranty_claim,resolved
10867,867,17910,20,4,1,0,technical_issue,resolved
10868,868,17967,,8,1,0,delivery_problem,resolved
10869,862,30118,11,2,1,0,return_request,resolved
10870,856,31807,,2,1,0,return_request,resolved
10871,865,4344,,48,1,0,billing_issue,resolved
10872,866,32333,,8,1,0,return_request,resolved
10873,865,29572,,72,1,1,return_request,pending
10874,865,36095,,4,1,0,billing_issue,resolved
10875,866,43333,,4,1,0,return_request,resolved
10876,868,31945,,24,1,0,return_request,resolved
10877,868,33413,,120,1,1,return_request,resolved
10878,857,33019,,8,1,0,billing_issue,resolved
10879,869,1424,,4,1,0,return_request,resolved
10880,868,41097,,24,1,0,return_request,resolved
10881,864,12654,,2,1,0,return_request,resolved
10882,864,22731,,24,1,0,return_request,pending
10883,864,38288,,2,1,0,billing_issue,pending
10884,865,12358,6,8,1,0,delivery_problem,resolved
10885,860,25884,,4,1,0,return_request,resolved
10886,862,26523,,48,1,0,return_request,resolved
10887,860,4005,,48,1,0,return_request,resolved
10888,865,44878,,72,1,1,return_request,resolved
10889,863,32822,,4,1,0,product_inquiry,pending
10890,857,30157,,48,1,0,billing_issue,resolved
10891,861,45204,27,8,1,0,return_request,in_progress
10892,864,29643,,4,1,0,delivery_problem,pending
10893,860,18538,,4,1,0,return_request,resolved
10894,859,8314,6,8,1,0,delivery_problem,resolved
10895,869,36855,11,48,1,0,billing_issue,resolved
10896,868,30975,21,48,1,0,technical_issue,resolved
10897,868,46264,,48,1,0,return_request,resolved
10898,862,2151,,72,1,1,return_request,resolved
10899,863,38515,,48,1,0,warranty_claim,in_progress
10900,860,5058,,48,1,0,return_request,resolved
10901,857,22523,,48,1,0,return_request,resolved
10902,860,47995,,48,1,0,return_request,resolved
10903,860,38597,,24,1,0,return_request,resolved
10904,864,10465,,48,1,0,return_request,pending
10905,869,32536,,8,1,0,return_request,resolved
10906,867,192,,72,1,1,technical_issue,resolved
10907,860,8258,,8,1,0,return_request,in_progress
10908,870,28945,,8,1,0,warranty_claim,resolved
10909,868,22308,,24,1,0,return_request,resolved
10910,870,42197,,2,1,0,return_request,resolved
10911,872,9253,,48,1,0,return_request,resolved
10912,869,6545,,24,1,0,return_request,resolved
10913,864,22907,,8,1,0,product_inquiry,resolved
10914,860,29668,,8,1,0,delivery_problem,resolved
10915,867,16163,,48,1,0,return_request,resolved
10916,860,27801,,72,1,1,return_request,resolved
10917,860,22264,,48,1,0,return_request,pending
10918,869,26992,,24,1,0,technical_issue,resolved
10919,868,38730,,8,1,0,billing_issue,pending
10920,871,39294,,8,1,0,product_inquiry,resolved
10921,866,8469,,48,1,0,return_request,in_progress
10922,866,12195,,4,1,0,return_request,resolved
10923,867,47825,12,24,1,0,product_inquiry,resolved
10924,871,8756,,8,1,0,return_request,resolved
10925,864,47416,,24,1,0,return_request,in_progress
10926,862,34128,21,24,1,0,billing_issue,resolved
10927,866,42986,,8,1,0,return_request,resolved
10928,868,34149,,48,1,0,technical_issue,resolved
10929,865,11298,,8,1,0,delivery_problem,resolved
10930,866,6563,20,2,1,0,delivery_problem,resolved
10931,863,4965,2,4,1,0,product_inquiry,resolved
10932,867,46305,,48,1,0,delivery_problem,resolved
10933,874,37244,,2,1,0,return_request,resolved
10934,863,29415,8,4,1,0,product_inquiry,resolved
10935,874,48937,,24,1,0,return_request,resolved
10936,866,8434,15,24,1,0,delivery_problem,resolved
10937,863,49444,,8,1,0,return_request,resolved
10938,866,34006,,24,1,0,return_request,pending
10939,867,16943,,72,1,1,return_request,resolved
10940,867,43954,,24,1,0,product_inquiry,resolved
10941,873,12533,,2,1,0,return_request,resolved
10942,864,5472,,24,1,0,return_request,resolved
10943,869,8539,,48,1,0,return_request,resolved
10944,871,25356,,24,1,0,return_request,resolved
10945,863,9301,,2,1,0,return_request,resolved
10946,870,4963,13,24,1,0,delivery_problem,resolved
10947,868,13070,,4,1,0,return_request,resolved
10948,875,5948,22,48,1,0,return_request,resolved
10949,866,37976,,48,1,0,return_request,resolved
10950,871,33020,20,8,1,0,return_request,in_progress
10951,873,13908,13,8,1,0,delivery_problem,in_progress
10952,864,17323,,4,1,0,return_request,resolved
10953,872,29289,11,48,1,0,technical_issue,resolved
10954,863,33234,,4,1,0,return_request,resolved
10955,864,5440,,8,1,0,return_request,resolved
10956,863,12246,,8,1,0,return_request,resolved
10957,863,13989,,8,1,0,billing_issue,resolved
10958,876,14387,13,2,1,0,technical_issue,resolved
10959,863,4996,,8,1,0,return_request,pending
10960,870,13296,,2,1,0,billing_issue,resolved
10961,870,3196,,24,1,0,billing_issue,pending
10962,876,2066,,72,1,1,technical_issue,resolved
10963,862,20809,,4,1,0,return_request,resolved
10964,862,17189,,48,1,0,technical_issue,resolved
10965,871,21156,,2,1,0,return_request,resolved
10966,864,30976,,8,1,0,return_request,pending
10967,867,6640,,48,1,0,return_request,resolved
10968,862,32196,,2,1,0,return_request,resolved
10969,865,46353,,2,1,0,return_request,resolved
10970,873,41280,,168,1,1,return_request,resolved
10971,864,34100,,8,1,0,return_request,resolved
10972,864,28030,,48,1,0,return_request,resolved
10973,869,41497,,48,1,0,return_request,resolved
10974,871,41510,,4,1,0,return_request,resolved
10975,870,44370,1,24,1,0,technical_issue,resolved
10976,869,20111,,2,1,0,product_inquiry,pending
10977,875,33554,,8,1,0,return_request,resolved
10978,872,42606,,48,1,0,return_request,resolved
10979,874,26113,,24,1,0,return_request,resolved
10980,869,142,,48,1,0,return_request,in_progress
10981,875,25474,,24,1,0,return_request,resolved
10982,873,38026,12,24,1,0,technical_issue,resolved
10983,873,28090,,8,1,0,return_request,resolved
10984,868,4224,,72,1,1,technical_issue,resolved
10985,869,2225,,72,1,1,return_request,resolved
10986,873,21700,17,48,1,0,delivery_problem,resolved
10987,864,20411,,48,1,0,return_request,resolved
10988,875,27701,18,24,1,0,product_inquiry,resolved
10989,865,21757,,24,1,0,return_request,resolved
10990,865,12733,12,8,1,0,delivery_problem,resolved
10991,871,31180,,48,1,0,return_request,resolved
10992,876,47531,28,48,1,0,technical_issue,resolved
10993,869,28305,,8,1,0,warranty_claim,resolved
10994,865,13751,,4,1,0,delivery_problem,resolved
10995,865,42358,,4,1,0,return_request,resolved
10996,870,2656,,48,1,0,return_request,resolved
10997,867,16133,,72,1,1,return_request,in_progress
10998,868,38480,,24,1,0,return_request,in_progress
10999,872,15291,1,24,1,0,technical_issue,resolved
11000,878,9327,,4,1,0,return_request,pending
11001,867,37226,8,48,1,0,billing_issue,resolved
11002,878,11483,,48,1,0,warranty_claim,in_progress
11003,880,29911,,4,1,0,delivery_problem,resolved
11004,872,23496,,8,1,0,return_request,resolved
11005,878,35670,,4,1,0,warranty_claim,resolved
11006,880,30335,,24,1,0,technical_issue,resolved
11007,877,7150,,24,1,0,technical_issue,resolved
11008,872,23894,21,24,1,0,warranty_claim,resolved
11009,876,45338,,24,1,0,delivery_problem,resolved
11010,868,39659,,4,1,0,return_request,pending
11011,873,23175,,2,1,0,return_request,resolved
11012,873,35589,,72,1,1,return_request,resolved
11013,870,91,15,24,1,0,billing_issue,pending
11014,877,47074,,8,1,0,delivery_problem,resolved
11015,867,5277,,24,1,0,return_request,resolved
11016,881,28017,,8,1,0,product_inquiry,pending
11017,868,36910,,120,1,1,delivery_problem,resolved
11018,878,40302,,24,1,0,return_request,resolved
11019,875,2091,25,24,1,0,delivery_problem,resolved
11020,877,36821,,2,1,0,return_request,resolved
11021,868,19206,,4,1,0,return_request,resolved
11022,869,48260,,48,1,0,return_request,resolved
11023,882,42774,,24,1,0,return_request,resolved
11024,878,31048,,2,1,0,delivery_problem,resolved
11025,877,12667,,72,1,1,return_request,resolved
11026,868,9336,,4,1,0,return_request,resolved
11027,880,49002,,4,1,0,return_request,resolved
11028,877,43157,,8,1,0,delivery_problem,resolved
11029,876,42735,,4,1,0,return_request,resolved
11030,880,2511,,24,1,0,return_request,in_progress
11031,881,25468,,24,1,0,return_request,resolved
11032,876,36137,,72,1,1,return_request,resolved
11033,871,43786,,48,1,0,return_request,resolved
11034,872,27656,,24,1,0,return_request,resolved
11035,878,5494,5,4,1,0,billing_issue,resolved
11036,878,27726,7,4,1,0,delivery_problem,resolved
11037,882,43746,,8,1,0,return_request,resolved
11038,879,32339,,4,1,0,technical_issue,pending
11039,876,22067,,24,1,0,return_request,pending
11040,874,25131,,24,1,0,return_request,resolved
11041,882,1395,,24,1,0,technical_issue,resolved
11042,875,3744,,4,1,0,return_request,resolved
11043,878,13507,,72,1,1,billing_issue,pending
11044,876,39353,,8,1,0,technical_issue,resolved
11045,872,8079,,4,1,0,delivery_problem,resolved
11046,870,1040,,24,1,0,product_inquiry,resolved
11047,876,9280,,8,1,0,return_request,resolved
11048,879,23606,,24,1,0,return_request,resolved
11049,871,46534,,48,1,0,return_request,resolved
11050,884,28272,,4,1,0,return_request,resolved
11051,882,48621,,120,1,1,return_request,resolved
11052,876,34198,,72,1,1,return_request,resolved
11053,881,45940,,48,1,0,technical_issue,resolved
11054,873,6631,,72,1,1,return_request,resolved
11055,885,14298,15,24,1,0,delivery_problem,resolved
11056,883,25206,,4,1,0,technical_issue,resolved
11057,885,2078,,48,1,0,return_request,pending
11058,882,33300,,8,1,0,return_request,resolved
11059,882,44850,,48,1,0,return_request,resolved
11060,886,971,,24,1,0,return_request,resolved
11061,879,26472,,8,1,0,billing_issue,resolved
11062,872,19620,,48,1,0,return_request,in_progress
11063,886,24192,,72,1,1,return_request,resolved
11064,877,49305,,4,1,0,return_request,resolved
11065,876,15836,,120,1,1,return_request,resolved
11066,879,36588,,4,1,0,return_request,in_progress
11067,878,18014,,2,1,0,warranty_claim,resolved
11068,875,6205,,8,1,0,return_request,resolved
11069,884,16951,,48,1,0,return_request,resolved
11070,882,6004,1,24,1,0,product_inquiry,resolved
11071,882,46122,,4,1,0,return_request,resolved
11072,885,31612,,4,1,0,return_request,resolved
11073,880,34850,,8,1,0,return_request,resolved
11074,887,29115,,48,1,0,return_request,resolved
11075,879,22558,,48,1,0,return_request,resolved
11076,874,44203,,8,1,0,delivery_problem,resolved
11077,886,13514,,120,1,1,return_request,resolved
11078,887,14958,,48,1,0,return_request,resolved
11079,887,46459,,24,1,0,return_request,resolved
11080,881,261,,8,1,0,return_request,resolved
11081,880,43729,,24,1,0,return_request,in_progress
11082,886,43067,,48,1,0,return_request,resolved
11083,879,41329,,120,1,1,return_request,resolved
11084,877,10924,22,24,1,0,delivery_problem,resolved
11085,880,10770,,168,1,1,delivery_problem,resolved
11086,876,45912,,8,1,0,return_request,resolved
11087,876,34127,16,168,1,1,technical_issue,resolved
11088,879,17816,,72,1,1,technical_issue,resolved
11089,878,17398,,8,1,0,return_request,resolved
11090,877,13058,,72,1,1,product_inquiry,in_progress
11091,883,48331,,4,1,0,return_request,pending
11092,887,45481,,8,1,0,return_request,resolved
11093,889,1125,,24,1,0,return_request,resolved
11094,881,48829,,24,1,0,return_request,resolved
11095,881,11476,,8,1,0,return_request,resolved
11096,882,31245,2,24,1,0,return_request,resolved
11097,885,20396,,4,1,0,return_request,resolved
11098,877,27429,,48,1,0,billing_issue,pending
11099,883,31738,,4,1,0,technical_issue,resolved
11100,878,40253,11,48,1,0,technical_issue,resolved
11101,890,11444,,2,1,0,technical_issue,resolved
11102,889,37063,,4,1,0,return_request,pending
11103,889,18854,,72,1,1,return_request,resolved
11104,882,45706,,24,1,0,return_request,resolved
11105,885,46337,12,8,1,0,warranty_claim,resolved
11106,885,1477,,24,1,0,return_request,resolved
11107,880,18624,,120,1,1,product_inquiry,resolved
11108,887,25082,,8,1,0,return_request,resolved
11109,882,9315,,4,1,0,return_request,resolved
11110,882,14221,23,72,1,1,technical_issue,resolved
11111,877,42153,8,8,1,0,delivery_problem,in_progress
11112,883,19753,,72,1,1,technical_issue,resolved
11113,889,5014,,8,1,0,return_request,resolved
11114,879,3070,,48,1,0,return_request,pending
11115,877,48577,18,4,1,0,delivery_problem,resolved
11116,883,26725,,24,1,0,return_request,in_progress
11117,885,28914,,8,1,0,return_request,resolved
11118,880,32706,,72,1,1,return_request,resolved
11119,888,8154,2,4,1,0,technical_issue,resolved
11120,880,24794,,48,1,0,return_request,pending
11121,888,2157,16,4,1,0,technical_issue,resolved
11122,882,26095,14,4,1,0,technical_issue,resolved
11123,877,1215,,24,1,0,return_request,resolved
11124,880,9846,8,48,1,0,technical_issue,resolved
11125,891,3383,,72,1,1,billing_issue,resolved
11126,879,20689,,4,1,0,billing_issue,resolved
11127,890,33759,8,4,1,0,product_inquiry,resolved
11128,888,39702,18,8,1,0,delivery_problem,resolved
11129,881,3022,20,48,1,0,product_inquiry,pending
11130,882,11353,,48,1,0,technical_issue,pending
11131,879,27931,,120,1,1,return_request,resolved
11132,890,19378,3,168,1,1,technical_issue,resolved
11133,887,44880,,4,1,0,return_request,resolved
11134,879,5576,,120,1,1,return_request,resolved
11135,890,11059,,120,1,1,return_request,resolved
11136,883,1644,,24,1,0,return_request,resolved
11137,888,21974,,8,1,0,return_request,resolved
11138,879,20342,,48,1,0,return_request,resolved
11139,878,32451,,24,1,0,return_request,resolved
11140,878,34169,6,120,1,1,return_request,resolved
11141,881,27809,,24,1,0,product_inquiry,in_progress
11142,883,9397,,72,1,1,return_request,resolved
11143,892,7840,,4,1,0,return_request,resolved
11144,881,47702,,4,1,0,return_request,resolved
11145,882,8820,,24,1,0,return_request,resolved
11146,886,2597,,72,1,1,return_request,in_progress
11147,886,29379,,8,1,0,return_request,resolved
11148,884,147,,24,1,0,technical_issue,resolved
11149,892,45561,3,24,1,0,return_request,resolved
11150,882,45794,,72,1,1,return_request,resolved
11151,888,39621,,8,1,0,technical_issue,pending
11152,884,25387,,4,1,0,return_request,resolved
11153,891,10274,,4,1,0,return_request,resolved
11154,884,19070,,4,1,0,return_request,resolved
11155,891,1750,,24,1,0,return_request,resolved
11156,881,49360,,2,1,0,return_request,resolved
11157,885,33324,,24,1,0,return_request,resolved
11158,891,8186,,120,1,1,return_request,resolved
11159,885,22990,,72,1,1,return_request,resolved
11160,886,5965,,8,1,0,return_request,resolved
11161,893,45883,,2,1,0,return_request,resolved
11162,881,47786,4,4,1,0,technical_issue,resolved
11163,882,34718,,168,1,1,technical_issue,resolved
11164,886,49437,,48,1,0,delivery_problem,resolved
11165,887,40100,15,48,1,0,technical_issue,in_progress
11166,889,37273,,48,1,0,return_request,resolved
11167,890,690,,72,1,1,technical_issue,resolved
11168,890,28121,,8,1,0,technical_issue,resolved
11169,883,3854,8,2,1,0,technical_issue,pending
11170,881,21973,,24,1,0,return_request,resolved
11171,883,12515,,24,1,0,billing_issue,pending
11172,891,15071,17,4,1,0,billing_issue,resolved
11173,893,49485,,24,1,0,technical_issue,resolved
11174,886,21283,,2,1,0,technical_issue,resolved
11175,893,27129,,8,1,0,return_request,pending
11176,891,12308,,8,1,0,return_request,resolved
11177,894,17787,,24,1,0,technical_issue,resolved
11178,886,32663,,24,1,0,return_request,resolved
11179,887,19603,,8,1,0,return_request,resolved
11180,887,29473,,24,1,0,return_request,resolved
11181,885,44814,,8,1,0,return_request,resolved
11182,888,42501,,4,1,0,product_inquiry,resolved
11183,886,39291,,8,1,0,return_request,resolved
11184,889,5764,,2,1,0,return_request,pending
11185,891,25786,,8,1,0,return_request,resolved
11186,895,36893,,24,1,0,return_request,pending
11187,884,45763,,8,1,0,billing_issue,resolved
11188,883,15777,,72,1,1,return_request,resolved
11189,885,42752,,8,1,0,return_request,resolved
11190,886,42216,,72,1,1,technical_issue,in_progress
11191,894,28225,,4,1,0,return_request,resolved
11192,886,34381,,120,1,1,return_request,resolved
11193,893,24888,,2,1,0,return_request,resolved
11194,885,45625,,4,1,0,return_request,resolved
11195,884,19659,,24,1,0,return_request,resolved
11196,890,38870,,48,1,0,warranty_claim,resolved
11197,895,4412,,4,1,0,return_request,resolved
11198,891,36257,,24,1,0,return_request,resolved
11199,884,12597,,4,1,0,return_request,resolved
11200,894,11943,,24,1,0,delivery_problem,resolved
11201,884,5745,,8,1,0,return_request,resolved
11202,891,46524,,120,1,1,return_request,resolved
11203,897,13266,,24,1,0,return_request,resolved
11204,892,44852,,8,1,0,warranty_claim,resolved
11205,887,32694,,8,1,0,return_request,resolved
11206,892,6319,,8,1,0,billing_issue,resolved
11207,893,20715,,24,1,0,return_request,resolved
11208,890,3288,,24,1,0,return_request,resolved
11209,887,42081,,24,1,0,return_request,resolved
11210,884,28631,,48,1,0,return_request,resolved
11211,889,23835,,8,1,0,return_request,resolved
11212,887,32434,,4,1,0,return_request,resolved
11213,897,22653,22,24,1,0,delivery_problem,resolved
11214,885,45198,,48,1,0,return_request,resolved
11215,893,38390,,4,1,0,return_request,resolved
11216,892,47713,,48,1,0,return_request,resolved
11217,893,2130,,2,1,0,return_request,resolved
11218,889,3647,,8,1,0,delivery_problem,resolved
11219,899,34989,,24,1,0,return_request,resolved
11220,886,16352,,120,1,1,return_request,resolved
11221,896,39055,28,72,1,1,delivery_problem,resolved
11222,892,22035,1,24,1,0,delivery_problem,resolved
11223,889,23847,,72,1,1,return_request,resolved
11224,886,14263,,4,1,0,return_request,resolved
11225,892,40368,,24,1,0,return_request,resolved
11226,897,34406,,2,1,0,return_request,resolved
11227,891,43595,,8,1,0,return_request,pending
11228,895,27649,,24,1,0,return_request,resolved
11229,893,13427,3,48,1,0,billing_issue,resolved
11230,898,8527,,24,1,0,return_request,resolved
11231,892,23257,,8,1,0,return_request,resolved
11232,887,9450,,4,1,0,warranty_claim,resolved
11233,892,40645,,4,1,0,delivery_problem,resolved
11234,888,30374,,24,1,0,return_request,resolved
11235,890,3671,,2,1,0,return_request,resolved
11236,890,34888,,72,1,1,return_request,resolved
11237,898,20246,15,48,1,0,billing_issue,in_progress
11238,894,4846,,4,1,0,return_request,resolved
11239,889,15552,,8,1,0,return_request,resolved
11240,892,14174,,24,1,0,return_request,resolved
11241,895,27727,,72,1,1,return_request,resolved
11242,890,1747,,8,1,0,return_request,resolved
11243,890,8205,,72,1,1,return_request,resolved
11244,899,30093,,2,1,0,return_request,resolved
11245,901,4815,,4,1,0,return_request,resolved
11246,894,5000,,24,1,0,product_inquiry,in_progress
11247,889,23619,,4,1,0,product_inquiry,pending
11248,894,3986,20,120,1,1,technical_issue,resolved
11249,894,31240,,24,1,0,return_request,resolved
11250,898,48227,,120,1,1,warranty_claim,resolved
11251,898,24313,,72,1,1,return_request,resolved
11252,892,26766,,24,1,0,return_request,resolved
11253,891,11658,,120,1,1,return_request,pending
11254,895,37475,,48,1,0,return_request,pending
11255,891,1141,26,120,1,1,billing_issue,resolved
11256,898,31202,,2,1,0,billing_issue,pending
11257,890,35824,,2,1,0,return_request,in_progress
11258,898,38558,,24,1,0,return_request,resolved
11259,896,422,,120,1,1,technical_issue,resolved
11260,891,39955,,120,1,1,return_request,resolved
11261,898,15183,,72,1,1,return_request,resolved
11262,902,15985,,8,1,0,warranty_claim,resolved
11263,903,3798,,48,1,0,technical_issue,resolved
11264,904,45692,,8,1,0,return_request,resolved
11265,892,17024,,4,1,0,return_request,resolved
11266,900,42783,,8,1,0,billing_issue,resolved
11267,902,19797,,8,1,0,return_request,resolved
11268,900,45831,,24,1,0,return_request,pending
11269,891,12231,,2,1,0,billing_issue,resolved
11270,895,20795,11,72,1,1,billing_issue,resolved
11271,903,5319,,24,1,0,return_request,resolved
11272,896,27584,,4,1,0,return_request,in_progress
11273,891,37058,,120,1,1,return_request,resolved
11274,899,4717,,72,1,1,billing_issue,resolved
11275,892,10131,,48,1,0,billing_issue,in_progress
11276,893,11224,,24,1,0,return_request,resolved
11277,894,2414,,4,1,0,warranty_claim,resolved
11278,895,48556,,24,1,0,return_request,resolved
11279,900,5352,,168,1,1,return_request,resolved
11280,894,9114,,4,1,0,return_request,in_progress
11281,899,30971,,8,1,0,warranty_claim,resolved
11282,898,22999,,72,1,1,product_inquiry,resolved
11283,903,4991,,24,1,0,return_request,resolved
11284,895,31543,9,8,1,0,billing_issue,resolved
11285,896,41488,,2,1,0,return_request,resolved
11286,897,40397,,2,1,0,return_request,resolved
11287,904,32395,,48,1,0,delivery_problem,pending
11288,893,5299,,2,1,0,delivery_problem,resolved
11289,901,35750,,24,1,0,return_request,resolved
11290,898,1793,,4,1,0,return_request,pending
11291,893,11505,10,2,1,0,billing_issue,pending
11292,902,8834,,8,1,0,return_request,resolved
11293,898,43162,,168,1,1,technical_issue,resolved
11294,903,7110,,24,1,0,return_request,resolved
11295,898,6928,,24,1,0,return_request,resolved
11296,906,43103,,8,1,0,return_request,resolved
11297,903,33225,,8,1,0,return_request,resolved
11298,901,44917,,48,1,0,return_request,resolved
11299,895,32938,,4,1,0,return_request,resolved
11300,903,13437,,48,1,0,return_request,resolved
11301,896,3314,,8,1,0,delivery_problem,resolved
11302,902,12999,21,8,1,0,billing_issue,resolved
11303,898,26429,6,8,1,0,technical_issue,resolved
11304,899,6322,,4,1,0,return_request,resolved
11305,903,280,,48,1,0,warranty_claim,resolved
11306,903,43091,,4,1,0,delivery_problem,resolved
11307,904,26779,,2,1,0,return_request,resolved
11308,904,32525,,72,1,1,return_request,resolved
11309,904,2381,,24,1,0,product_inquiry,resolved
11310,895,44946,,24,1,0,product_inquiry,resolved
11311,907,40589,,48,1,0,return_request,resolved
11312,907,5261,,24,1,0,return_request,resolved
11313,898,476,,4,1,0,technical_issue,in_progress
11314,899,30930,,48,1,0,delivery_problem,resolved
11315,904,15685,,48,1,0,return_request,resolved
11316,906,39752,,72,1,1,return_request,resolved
11317,905,24307,,48,1,0,return_request,resolved
11318,906,43749,,2,1,0,return_request,resolved
11319,905,28972,23,24,1,0,billing_issue,resolved
11320,896,12226,,72,1,1,return_request,pending
11321,898,22928,,24,1,0,return_request,resolved
11322,903,15225,,8,1,0,return_request,resolved
11323,902,10680,,120,1,1,return_request,resolved
11324,906,38457,,4,1,0,return_request,resolved
11325,909,17057,,24,1,0,warranty_claim,resolved
11326,896,43014,,4,1,0,return_request,resolved
11327,897,30045,28,2,1,0,technical_issue,pending
11328,904,3689,,4,1,0,return_request,resolved
11329,901,10346,,4,1,0,return_request,resolved
11330,899,13983,,8,1,0,technical_issue,in_progress
11331,898,23239,,8,1,0,return_request,resolved
11332,901,17222,,2,1,0,return_request,resolved
11333,900,20739,10,4,1,0,product_inquiry,resolved
11334,901,38406,,72,1,1,technical_issue,resolved
11335,901,29845,,72,1,1,warranty_claim,resolved
11336,907,30429,14,48,1,0,technical_issue,resolved
11337,900,2386,19,24,1,0,return_request,resolved
11338,905,17604,,8,1,0,return_request,in_progress
11339,901,36749,3,8,1,0,technical_issue,resolved
11340,897,10984,,8,1,0,return_request,resolved
11341,902,5770,13,8,1,0,technical_issue,resolved
11342,897,21153,,8,1,0,return_request,resolved
11343,907,8263,,24,1,0,product_inquiry,resolved
11344,898,39675,,24,1,0,return_request,resolved
11345,898,37512,,8,1,0,return_request,in_progress
11346,905,17965,22,48,1,0,warranty_claim,pending
11347,910,9782,,24,1,0,return_request,pending
11348,905,37914,,48,1,0,return_request,resolved
11349,902,42760,,8,1,0,return_request,resolved
11350,905,40781,,24,1,0,return_request,resolved
11351,911,17066,,120,1,1,return_request,resolved
11352,901,37216,25,4,1,0,product_inquiry,in_progress
11353,911,4383,,4,1,0,return_request,resolved
11354,900,18724,,24,1,0,return_request,resolved
11355,911,1447,,8,1,0,return_request,resolved
11356,900,32840,,2,1,0,return_request,resolved
11357,909,41048,,24,1,0,delivery_problem,resolved
11358,898,7170,,24,1,0,return_request,pending
11359,903,6954,,72,1,1,return_request,resolved
11360,912,8320,,2,1,0,delivery_problem,resolved
11361,908,38336,,48,1,0,billing_issue,resolved
11362,901,2472,,24,1,0,billing_issue,resolved
11363,899,8405,,8,1,0,return_request,resolved
11364,911,41377,,24,1,0,return_request,resolved
11365,909,22965,,2,1,0,return_request,pending
11366,912,19337,,48,1,0,warranty_claim,resolved
11367,905,40359,,8,1,0,return_request,resolved
11368,910,49105,,8,1,0,return_request,resolved
11369,899,45455,,8,1,0,return_request,pending
11370,900,31072,,8,1,0,technical_issue,resolved
11371,905,20576,4,120,1,1,technical_issue,resolved
11372,906,30984,,168,1,1,product_inquiry,resolved
11373,911,26343,,24,1,0,return_request,resolved
11374,910,49219,,48,1,0,return_request,resolved
11375,912,48862,,48,1,0,return_request,resolved
11376,906,10926,,48,1,0,technical_issue,resolved
11377,902,1355,,8,1,0,return_request,resolved
11378,913,23815,,48,1,0,return_request,resolved
11379,907,20542,,48,1,0,return_request,resolved
11380,903,33976,,8,1,0,return_request,resolved
11381,904,4739,,24,1,0,return_request,in_progress
11382,913,39915,,24,1,0,return_request,resolved
11383,904,9971,,8,1,0,return_request,resolved
11384,906,19086,14,8,1,0,product_inquiry,resolved
11385,909,46715,6,24,1,0,return_request,in_progress
11386,907,6917,,48,1,0,return_request,resolved
11387,903,37518,,48,1,0,return_request,resolved
11388,905,38324,,8,1,0,return_request,resolved
11389,903,42817,,72,1,1,product_inquiry,resolved
11390,909,6042,12,24,1,0,warranty_claim,resolved
11391,915,11364,20,2,1,0,technical_issue,resolved
11392,912,28710,,4,1,0,return_request,resolved
11393,910,29694,9,48,1,0,return_request,resolved
11394,907,5473,,120,1,1,return_request,resolved
11395,906,2299,,24,1,0,return_request,resolved
11396,911,31872,21,24,1,0,warranty_claim,resolved
11397,904,8223,,24,1,0,return_request,resolved
11398,912,10052,,48,1,0,return_request,resolved
11399,915,37207,,8,1,0,return_request,resolved
11400,915,15152,,24,1,0,return_request,resolved
11401,908,11720,,72,1,1,return_request,resolved
11402,908,33503,,48,1,0,return_request,resolved
11403,910,34340,,2,1,0,return_request,resolved
11404,912,42682,,24,1,0,return_request,resolved
11405,913,34556,,48,1,0,return_request,resolved
11406,915,12583,,72,1,1,return_request,pending
11407,914,45890,,24,1,0,return_request,pending
11408,914,40362,,2,1,0,billing_issue,resolved
11409,902,24724,,8,1,0,return_request,resolved
11410,910,1842,,4,1,0,return_request,resolved
11411,903,33652,,72,1,1,return_request,resolved
11412,915,20333,,24,1,0,return_request,resolved
11413,915,36773,,24,1,0,return_request,resolved
11414,913,14788,,24,1,0,return_request,resolved
11415,912,31222,,8,1,0,product_inquiry,resolved
11416,905,47809,,8,1,0,return_request,resolved
11417,915,41291,,4,1,0,return_request,resolved
11418,907,22979,,2,1,0,return_request,resolved
11419,914,48516,,24,1,0,return_request,resolved
11420,911,17947,,24,1,0,return_request,resolved
11421,904,2333,,8,1,0,return_request,pending
11422,909,34525,,72,1,1,return_request,resolved
11423,913,13065,,48,1,0,billing_issue,resolved
11424,907,33523,,24,1,0,return_request,resolved
11425,909,30985,,8,1,0,return_request,pending
11426,905,3177,,4,1,0,return_request,resolved
11427,912,44655,,4,1,0,return_request,resolved
11428,904,15405,,72,1,1,return_request,resolved
11429,907,4494,,4,1,0,return_request,in_progress
11430,915,43030,,8,1,0,return_request,resolved
11431,904,45488,,24,1,0,return_request,resolved
11432,906,29828,,8,1,0,technical_issue,resolved
11433,908,47013,,24,1,0,return_request,resolved
11434,905,24750,13,24,1,0,technical_issue,in_progress
11435,912,237,,4,1,0,technical_issue,resolved
11436,915,42641,,24,1,0,return_request,resolved
11437,908,45525,10,2,1,0,delivery_problem,resolved
11438,907,31637,,72,1,1,return_request,resolved
11439,917,41804,,120,1,1,return_request,resolved
11440,909,23864,16,120,1,1,return_request,resolved
11441,906,28643,,24,1,0,return_request,resolved
11442,913,15568,,4,1,0,delivery_problem,in_progress
11443,911,14140,,2,1,0,return_request,resolved
11444,917,14071,24,8,1,0,product_inquiry,resolved
11445,918,1265,,24,1,0,technical_issue,resolved
11446,911,19074,,72,1,1,return_request,resolved
11447,908,25988,,2,1,0,return_request,resolved
11448,919,7940,,2,1,0,return_request,resolved
11449,910,46400,,4,1,0,return_request,resolved
11450,919,7283,,8,1,0,return_request,resolved
11451,914,15492,23,8,1,0,technical_issue,resolved
11452,910,11432,,8,1,0,return_request,resolved
11453,911,43992,,4,1,0,return_request,resolved
11454,907,37168,,2,1,0,return_request,in_progress
11455,916,47982,,8,1,0,return_request,resolved
11456,919,32744,,120,1,1,return_request,resolved
11457,915,13416,,4,1,0,return_request,pending
11458,912,2839,,8,1,0,return_request,resolved
11459,917,34043,,48,1,0,return_request,resolved
11460,911,41318,,24,1,0,return_request,resolved
11461,909,2974,,2,1,0,technical_issue,resolved
11462,912,28299,,120,1,1,billing_issue,resolved
11463,920,33369,,8,1,0,return_request,resolved
11464,912,49493,,48,1,0,delivery_problem,resolved
11465,918,729,,8,1,0,technical_issue,resolved
11466,921,48859,,8,1,0,billing_issue,in_progress
11467,912,12600,,2,1,0,technical_issue,resolved
11468,918,44100,,24,1,0,return_request,resolved
11469,913,25596,,4,1,0,return_request,resolved
11470,917,23406,,48,1,0,technical_issue,in_progress
11471,919,44468,,8,1,0,return_request,pending
11472,910,45846,,8,1,0,technical_issue,resolved
11473,915,31765,,2,1,0,return_request,resolved
11474,912,43100,,24,1,0,billing_issue,resolved
11475,916,32485,,120,1,1,return_request,resolved
11476,922,17569,7,24,1,0,return_request,resolved
11477,921,13454,,24,1,0,return_request,resolved
11478,922,16203,6,24,1,0,technical_issue,resolved
11479,917,10520,,24,1,0,return_request,resolved
11480,924,32734,,24,1,0,return_request,resolved
11481,922,45632,18,4,1,0,delivery_problem,resolved
11482,918,49609,,4,1,0,return_request,resolved
11483,920,44535,,48,1,0,return_request,resolved
11484,917,40667,,48,1,0,return_request,pending
11485,912,9204,,48,1,0,return_request,in_progress
11486,923,35679,,72,1,1,return_request,in_progress
11487,918,27108,,8,1,0,billing_issue,resolved
11488,919,33421,,48,1,0,product_inquiry,resolved
11489,916,4627,5,48,1,0,product_inquiry,resolved
11490,914,37977,,72,1,1,technical_issue,resolved
11491,912,25827,,24,1,0,return_request,resolved
11492,924,45989,11,24,1,0,technical_issue,resolved
11493,920,33078,,24,1,0,technical_issue,resolved
11494,919,17235,,24,1,0,return_request,pending
11495,919,48144,,48,1,0,return_request,resolved
11496,918,10103,,8,1,0,warranty_claim,resolved
11497,922,47375,,24,1,0,return_request,resolved
11498,914,41554,,48,1,0,product_inquiry,resolved
11499,918,6408,,120,1,1,technical_issue,resolved
11500,912,38169,,48,1,0,return_request,resolved
11501,917,14505,,24,1,0,return_request,resolved
11502,925,5228,,48,1,0,billing_issue,resolved
11503,926,6697,,72,1,1,technical_issue,resolved
11504,922,34536,,2,1,0,return_request,in_progress
11505,919,40377,,8,1,0,return_request,resolved
11506,912,16552,,120,1,1,return_request,resolved
11507,926,9269,7,4,1,0,billing_issue,resolved
11508,924,42128,13,48,1,0,delivery_problem,resolved
11509,923,8189,,24,1,0,billing_issue,resolved
11510,913,16508,,2,1,0,delivery_problem,resolved
11511,920,37416,,24,1,0,return_request,resolved
11512,916,49992,,4,1,0,return_request,resolved
11513,919,44314,,24,1,0,return_request,resolved
11514,916,31825,11,24,1,0,billing_issue,resolved
11515,919,27132,,48,1,0,technical_issue,resolved
11516,917,36587,,48,1,0,technical_issue,resolved
11517,913,34917,,4,1,0,return_request,in_progress
11518,927,35635,,168,1,1,technical_issue,resolved
11519,919,24058,,72,1,1,return_request,resolved
11520,919,41737,,48,1,0,return_request,resolved
11521,920,16579,,48,1,0,billing_issue,resolved
11522,917,44039,,72,1,1,return_request,resolved
11523,913,10438,,24,1,0,return_request,resolved
11524,924,12042,,24,1,0,return_request,resolved
11525,927,33381,,48,1,0,return_request,resolved
11526,923,31357,,8,1,0,return_request,in_progress
11527,915,15286,,72,1,1,return_request,resolved
11528,925,42810,,8,1,0,return_request,resolved
11529,925,31981,,2,1,0,return_request,resolved
11530,917,39508,,24,1,0,technical_issue,resolved
11531,928,31611,18,4,1,0,warranty_claim,resolved
11532,923,40664,,120,1,1,return_request,resolved
11533,916,9250,,4,1,0,return_request,resolved
11534,919,10514,,8,1,0,return_request,resolved
11535,916,29825,,24,1,0,return_request,resolved
11536,928,48064,,4,1,0,return_request,resolved
11537,925,23320,,24,1,0,return_request,resolved
11538,924,40989,,24,1,0,return_request,resolved
11539,915,40462,,72,1,1,return_request,resolved
11540,927,6602,,24,1,0,return_request,in_progress
11541,917,25452,,2,1,0,return_request,resolved
11542,926,13299,,8,1,0,return_request,resolved
11543,928,26099,,4,1,0,return_request,resolved
11544,914,15892,,48,1,0,return_request,resolved
11545,921,21099,,24,1,0,return_request,resolved
11546,919,36534,24,48,1,0,return_request,resolved
11547,916,35775,,24,1,0,return_request,resolved
11548,924,24216,,8,1,0,warranty_claim,resolved
11549,915,6366,,72,1,1,return_request,resolved
11550,917,44851,,2,1,0,billing_issue,pending
11551,917,33224,,24,1,0,return_request,resolved
11552,919,22059,,2,1,0,return_request,pending
11553,923,4862,,24,1,0,delivery_problem,resolved
11554,915,25520,,4,1,0,return_request,resolved
11555,917,49818,,24,1,0,return_request,resolved
11556,916,19057,,24,1,0,return_request,resolved
11557,926,29729,,24,1,0,return_request,resolved
11558,924,22723,15,48,1,0,delivery_problem,resolved
11559,924,12726,,2,1,0,return_request,resolved
11560,916,16009,,24,1,0,technical_issue,resolved
11561,922,47853,,24,1,0,return_request,resolved
11562,924,24826,,72,1,1,return_request,resolved
11563,925,21698,,24,1,0,return_request,resolved
11564,927,15907,,48,1,0,return_request,resolved
11565,920,6552,,24,1,0,return_request,resolved
11566,925,7134,5,2,1,0,technical_issue,resolved
11567,926,48600,,72,1,1,return_request,resolved
11568,922,23912,,8,1,0,return_request,resolved
11569,922,3335,,24,1,0,return_request,in_progress
11570,928,33513,10,8,1,0,return_request,resolved
11571,931,36917,,4,1,0,return_request,in_progress
11572,919,12366,3,4,1,0,technical_issue,resolved
11573,921,30831,,4,1,0,return_request,resolved
11574,928,29294,13,4,1,0,product_inquiry,resolved
11575,917,12513,,8,1,0,technical_issue,pending
11576,917,42555,,8,1,0,return_request,resolved
11577,918,15394,,4,1,0,return_request,resolved
11578,927,34999,,8,1,0,return_request,resolved
11579,918,36626,,2,1,0,return_request,resolved
11580,922,42825,,48,1,0,billing_issue,resolved
11581,917,42976,21,24,1,0,delivery_problem,resolved
11582,920,47761,,4,1,0,return_request,in_progress
11583,930,13735,,120,1,1,return_request,pending
11584,928,38735,,48,1,0,return_request,resolved
11585,923,24995,,4,1,0,return_request,resolved
11586,925,25149,27,72,1,1,return_request,resolved
11587,929,10903,,120,1,1,return_request,resolved
11588,923,46849,,24,1,0,return_request,resolved
11589,924,9604,,8,1,0,return_request,resolved
11590,929,13779,,24,1,0,billing_issue,resolved
11591,920,46781,,8,1,0,return_request,resolved
11592,930,3406,,4,1,0,technical_issue,resolved
11593,932,16058,,4,1,0,return_request,resolved
11594,919,6654,,4,1,0,return_request,resolved
11595,922,29975,,24,1,0,return_request,resolved
11596,919,44659,,24,1,0,return_request,resolved
11597,918,46065,,24,1,0,return_request,resolved
11598,928,17600,,72,1,1,return_request,resolved
11599,922,49771,6,8,1,0,warranty_claim,resolved
11600,925,45328,,8,1,0,return_request,resolved
11601,924,27409,,48,1,0,delivery_problem,resolved
11602,926,29127,,8,1,0,warranty_claim,pending
11603,928,44672,23,24,1,0,delivery_problem,resolved
11604,927,12693,,8,1,0,return_request,in_progress
11605,929,34128,,24,1,0,return_request,resolved
11606,932,17810,,72,1,1,return_request,resolved
11607,922,34921,,2,1,0,return_request,resolved
11608,927,23955,8,4,1,0,billing_issue,resolved
11609,932,11820,,4,1,0,delivery_problem,resolved
11610,926,22410,,48,1,0,warranty_claim,resolved
11611,920,13200,18,120,1,1,technical_issue,resolved
11612,933,13278,,8,1,0,return_request,resolved
11613,931,27862,6,72,1,1,technical_issue,resolved
11614,922,49349,,4,1,0,return_request,resolved
11615,932,29282,,48,1,0,return_request,resolved
11616,925,46387,,8,1,0,return_request,in_progress
11617,926,9371,,8,1,0,return_request,in_progress
11618,919,26381,14,120,1,1,product_inquiry,resolved
11619,931,26069,,120,1,1,return_request,in_progress
11620,919,40754,4,48,1,0,delivery_problem,resolved
11621,923,47612,13,24,1,0,billing_issue,resolved
11622,919,41692,,120,1,1,return_request,pending
11623,920,10682,,48,1,0,return_request,resolved
11624,927,22550,,24,1,0,return_request,resolved
11625,932,12952,14,24,1,0,billing_issue,resolved
11626,929,27762,,24,1,0,billing_issue,resolved
11627,920,39303,,8,1,0,return_request,resolved
11628,925,24422,,24,1,0,delivery_problem,resolved
11629,928,35009,,8,1,0,warranty_claim,pending
11630,931,27255,,8,1,0,return_request,resolved
11631,921,16016,,4,1,0,billing_issue,resolved
11632,932,3676,,4,1,0,return_request,in_progress
11633,920,39530,,4,1,0,return_request,pending
11634,925,13648,,48,1,0,return_request,pending
11635,922,6725,,24,1,0,technical_issue,resolved
11636,921,48610,,24,1,0,return_request,resolved
11637,934,49253,,48,1,0,technical_issue,in_progress
11638,930,21150,,120,1,1,technical_issue,resolved
11639,933,35320,,24,1,0,return_request,resolved
11640,922,41021,,72,1,1,return_request,resolved
11641,929,25260,,8,1,0,return_request,in_progress
11642,935,9557,,24,1,0,warranty_claim,resolved
11643,924,4483,18,8,1,0,billing_issue,resolved
11644,929,36295,,48,1,0,return_request,resolved
11645,921,6325,,48,1,0,return_request,resolved
11646,924,10476,,24,1,0,return_request,resolved
11647,936,42132,,2,1,0,return_request,resolved
11648,928,48983,,24,1,0,return_request,resolved
11649,928,2908,,72,1,1,return_request,resolved
11650,927,33524,,48,1,0,return_request,in_progress
11651,930,9397,22,8,1,0,billing_issue,resolved
11652,931,46976,,8,1,0,technical_issue,in_progress
11653,925,33695,,24,1,0,return_request,resolved
11654,933,11100,,8,1,0,return_request,in_progress
11655,935,29085,,72,1,1,return_request,resolved
11656,933,46242,,24,1,0,return_request,resolved
11657,929,38507,,120,1,1,return_request,resolved
11658,931,38497,,8,1,0,warranty_claim,resolved
11659,926,30734,,24,1,0,billing_issue,in_progress
11660,936,15111,,48,1,0,technical_issue,resolved
11661,926,41139,,168,1,1,return_request,resolved
11662,925,33777,,8,1,0,return_request,resolved
11663,929,14993,,24,1,0,technical_issue,resolved
11664,924,28393,,72,1,1,technical_issue,resolved
11665,933,23490,,8,1,0,billing_issue,resolved
11666,924,38834,,120,1,1,return_request,resolved
11667,929,19566,,24,1,0,return_request,in_progress
11668,928,16493,,24,1,0,return_request,resolved
11669,925,19513,,24,1,0,return_request,resolved
11670,925,18152,,8,1,0,return_request,pending
11671,936,16324,,4,1,0,billing_issue,resolved
11672,924,40678,,2,1,0,return_request,resolved
11673,935,13444,,120,1,1,delivery_problem,resolved
11674,927,24243,16,8,1,0,technical_issue,resolved
11675,927,12850,,4,1,0,delivery_problem,resolved
11676,930,12491,,8,1,0,return_request,resolved
11677,929,35912,,4,1,0,return_request,resolved
11678,925,22361,,48,1,0,return_request,resolved
11679,932,34882,,24,1,0,delivery_problem,resolved
11680,937,42003,,48,1,0,return_request,resolved
11681,935,9936,,24,1,0,return_request,resolved
11682,934,39754,,120,1,1,return_request,resolved
11683,931,852,25,8,1,0,technical_issue,resolved
11684,925,14176,27,8,1,0,return_request,resolved
11685,937,16096,,4,1,0,return_request,resolved
11686,937,20940,26,2,1,0,return_request,in_progress
11687,926,39911,,8,1,0,return_request,resolved
11688,933,42700,,48,1,0,return_request,resolved
11689,931,9504,2,24,1,0,return_request,resolved
11690,931,16587,,4,1,0,return_request,resolved
11691,930,26965,26,8,1,0,warranty_claim,in_progress
11692,936,37147,18,48,1,0,technical_issue,resolved
11693,932,29756,,2,1,0,return_request,resolved
11694,932,13812,18,4,1,0,return_request,resolved
11695,928,43330,12,8,1,0,return_request,resolved
11696,936,30934,,24,1,0,delivery_problem,resolved
11697,937,43588,25,8,1,0,return_request,resolved
11698,933,22255,,48,1,0,return_request,resolved
11699,936,7380,,120,1,1,return_request,resolved
11700,932,47608,,2,1,0,return_request,resolved
11701,931,44774,,48,1,0,return_request,resolved
11702,930,5845,,48,1,0,return_request,in_progress
11703,926,26833,,72,1,1,return_request,pending
11704,938,21560,,2,1,0,billing_issue,resolved
11705,937,9547,,2,1,0,billing_issue,resolved
11706,929,30482,,4,1,0,delivery_problem,resolved
11707,929,69,,8,1,0,technical_issue,resolved
11708,934,16363,,4,1,0,return_request,resolved
11709,937,11318,,8,1,0,return_request,resolved
11710,926,7235,23,48,1,0,delivery_problem,resolved
11711,932,18100,,8,1,0,technical_issue,resolved
11712,933,34065,,48,1,0,delivery_problem,resolved
11713,936,11714,,24,1,0,technical_issue,resolved
11714,940,36088,,4,1,0,billing_issue,resolved
11715,940,45218,,48,1,0,return_request,resolved
11716,940,11893,,24,1,0,return_request,resolved
11717,934,16229,,48,1,0,return_request,resolved
11718,933,18464,,8,1,0,return_request,resolved
11719,941,17279,,24,1,0,billing_issue,pending
11720,934,8718,24,120,1,1,delivery_problem,resolved
11721,929,6756,,4,1,0,return_request,resolved
11722,933,13248,4,120,1,1,billing_issue,resolved
11723,927,47133,,4,1,0,return_request,resolved
11724,931,22736,,2,1,0,return_request,resolved
11725,940,35422,,72,1,1,return_request,resolved
11726,940,47297,,72,1,1,return_request,resolved
11727,928,1382,3,24,1,0,billing_issue,in_progress
11728,935,3631,,2,1,0,return_request,resolved
11729,934,45169,,2,1,0,product_inquiry,resolved
11730,940,34456,,2,1,0,return_request,resolved
11731,939,40896,27,48,1,0,product_inquiry,pending
11732,934,18749,,48,1,0,return_request,in_progress
11733,931,6786,,120,1,1,return_request,resolved
11734,930,26647,,24,1,0,product_inquiry,resolved
11735,933,26557,,120,1,1,technical_issue,resolved
11736,933,33705,,24,1,0,delivery_problem,resolved
11737,933,20576,,8,1,0,warranty_claim,resolved
11738,935,32,,4,1,0,billing_issue,resolved
11739,941,18062,,4,1,0,delivery_problem,resolved
11740,936,43391,,48,1,0,return_request,pending
11741,937,11327,,48,1,0,technical_issue,resolved
11742,930,3076,,2,1,0,warranty_claim,in_progress
11743,933,22507,,24,1,0,return_request,resolved
11744,930,45480,,4,1,0,product_inquiry,resolved
11745,934,37122,,24,1,0,return_request,resolved
11746,934,7845,,8,1,0,delivery_problem,resolved
11747,931,46586,,8,1,0,billing_issue,resolved
11748,930,22288,,120,1,1,billing_issue,resolved
11749,930,19913,,24,1,0,billing_issue,resolved
11750,942,6679,,4,1,0,return_request,resolved
11751,936,2560,,4,1,0,return_request,resolved
11752,935,46957,,72,1,1,return_request,resolved
11753,944,43148,,24,1,0,billing_issue,resolved
11754,942,22532,,24,1,0,return_request,resolved
11755,935,28220,,2,1,0,return_request,in_progress
11756,941,31793,,2,1,0,delivery_problem,resolved
11757,933,24385,,2,1,0,return_request,resolved
11758,931,46977,,48,1,0,return_request,in_progress
11759,942,37859,,120,1,1,return_request,resolved
11760,941,44606,21,8,1,0,warranty_claim,resolved
11761,937,23733,,168,1,1,technical_issue,resolved
11762,937,26173,,24,1,0,return_request,resolved
11763,941,3280,,24,1,0,billing_issue,resolved
11764,937,1210,,120,1,1,return_request,resolved
11765,942,15650,24,2,1,0,warranty_claim,resolved
11766,939,30101,,8,1,0,return_request,resolved
11767,942,26674,,8,1,0,return_request,resolved
11768,936,26615,,48,1,0,return_request,resolved
11769,938,27775,,4,1,0,return_request,in_progress
11770,935,10603,,4,1,0,return_request,resolved
11771,943,20145,,24,1,0,return_request,resolved
11772,939,570,,8,1,0,return_request,resolved
11773,934,30063,17,8,1,0,return_request,resolved
11774,945,24240,,72,1,1,product_inquiry,pending
11775,933,3620,,24,1,0,return_request,resolved
11776,941,43321,,24,1,0,return_request,resolved
11777,946,47096,15,4,1,0,delivery_problem,resolved
11778,935,19210,,48,1,0,billing_issue,in_progress
11779,942,32445,,24,1,0,return_request,resolved
11780,935,7768,,8,1,0,product_inquiry,resolved
11781,933,21913,,8,1,0,return_request,resolved
11782,935,36465,,4,1,0,delivery_problem,resolved
11783,937,17589,,72,1,1,warranty_claim,resolved
11784,947,4400,,4,1,0,return_request,pending
11785,945,29418,,8,1,0,return_request,resolved
11786,948,49007,,24,1,0,return_request,resolved
11787,940,33554,,8,1,0,return_request,resolved
11788,936,46177,,4,1,0,return_request,resolved
11789,939,5574,8,8,1,0,return_request,in_progress
11790,943,26421,9,8,1,0,delivery_problem,in_progress
11791,946,8483,,24,1,0,return_request,in_progress
11792,946,13244,,2,1,0,return_request,in_progress
11793,944,29240,4,168,1,1,delivery_problem,resolved
11794,935,331,,72,1,1,return_request,resolved
11795,942,33330,,24,1,0,return_request,resolved
11796,935,48783,,24,1,0,return_request,resolved
11797,949,10247,,72,1,1,technical_issue,resolved
11798,941,45145,,24,1,0,return_request,resolved
11799,942,41231,,8,1,0,return_request,resolved
11800,943,28300,,8,1,0,return_request,resolved
11801,942,33749,,4,1,0,return_request,resolved
11802,937,1404,,48,1,0,return_request,in_progress
11803,946,35464,,24,1,0,return_request,in_progress
11804,945,33976,,2,1,0,delivery_problem,in_progress
11805,940,5173,,4,1,0,warranty_claim,resolved
11806,943,10717,,24,1,0,return_request,resolved
11807,946,39443,,8,1,0,return_request,resolved
11808,938,8443,,24,1,0,product_inquiry,resolved
11809,951,30173,,4,1,0,return_request,resolved
11810,937,39976,,8,1,0,return_request,resolved
11811,942,13063,15,4,1,0,return_request,resolved
11812,943,42509,,8,1,0,product_inquiry,resolved
11813,949,23345,,24,1,0,delivery_problem,resolved
11814,941,6560,,72,1,1,return_request,resolved
11815,941,10475,,72,1,1,return_request,resolved
11816,940,1999,,120,1,1,return_request,resolved
11817,940,14834,,4,1,0,return_request,resolved
11818,951,39177,,2,1,0,return_request,resolved
11819,945,28166,,4,1,0,billing_issue,resolved
11820,944,21276,,24,1,0,return_request,resolved
11821,952,49194,,8,1,0,technical_issue,resolved
11822,941,15102,,24,1,0,delivery_problem,resolved
11823,940,7244,,48,1,0,return_request,resolved
11824,943,24195,,4,1,0,product_inquiry,resolved
11825,946,6167,,4,1,0,technical_issue,resolved
11826,939,46457,,8,1,0,return_request,resolved
11827,943,26695,,48,1,0,return_request,resolved
11828,947,15871,24,48,1,0,technical_issue,resolved
11829,951,22710,,4,1,0,return_request,resolved
11830,947,46163,19,48,1,0,return_request,resolved
11831,946,41255,,24,1,0,return_request,in_progress
11832,949,43709,,4,1,0,return_request,resolved
11833,940,49815,,2,1,0,return_request,resolved
11834,948,37937,,48,1,0,return_request,resolved
11835,942,4220,,2,1,0,return_request,resolved
11836,954,49007,,8,1,0,return_request,resolved
11837,949,49027,,24,1,0,return_request,resolved
11838,948,42934,,2,1,0,delivery_problem,resolved
11839,953,49030,,8,1,0,return_request,resolved
11840,950,13548,,48,1,0,return_request,pending
11841,954,31005,,24,1,0,technical_issue,resolved
11842,941,3762,,4,1,0,return_request,resolved
11843,947,42209,,48,1,0,return_request,resolved
11844,953,8477,,8,1,0,return_request,resolved
11845,946,14872,,8,1,0,return_request,resolved
11846,945,11854,,24,1,0,return_request,resolved
11847,955,7657,,4,1,0,technical_issue,resolved
11848,954,17499,,72,1,1,billing_issue,resolved
11849,954,24535,20,4,1,0,billing_issue,resolved
11850,954,4904,,72,1,1,return_request,resolved
11851,944,46529,,120,1,1,delivery_problem,resolved
11852,946,4865,,4,1,0,delivery_problem,in_progress
11853,956,38271,,120,1,1,delivery_problem,resolved
11854,943,41424,,24,1,0,return_request,in_progress
11855,951,34683,,4,1,0,technical_issue,resolved
11856,952,561,20,24,1,0,delivery_problem,resolved
11857,945,29906,,48,1,0,technical_issue,pending
11858,942,1563,,24,1,0,return_request,resolved
11859,948,6186,,2,1,0,return_request,resolved
11860,943,32326,,8,1,0,technical_issue,pending
11861,948,23602,,24,1,0,return_request,resolved
11862,952,49023,,4,1,0,return_request,resolved
11863,946,23774,,4,1,0,billing_issue,resolved
11864,950,4666,,120,1,1,return_request,resolved
11865,951,16262,,24,1,0,return_request,resolved
11866,944,34807,,8,1,0,return_request,resolved
11867,953,29016,,8,1,0,billing_issue,resolved
11868,944,4713,9,120,1,1,billing_issue,pending
11869,953,25659,,48,1,0,return_request,resolved
11870,951,42756,,48,1,0,return_request,resolved
11871,956,31533,,8,1,0,technical_issue,resolved
11872,948,13273,,2,1,0,technical_issue,resolved
11873,949,23985,,24,1,0,return_request,resolved
11874,952,2304,,8,1,0,return_request,resolved
11875,954,5479,,24,1,0,product_inquiry,resolved
11876,958,14781,27,48,1,0,return_request,resolved
11877,951,14420,1,72,1,1,billing_issue,resolved
11878,948,19531,,72,1,1,billing_issue,resolved
11879,946,43314,,24,1,0,product_inquiry,resolved
11880,953,38325,,8,1,0,return_request,resolved
11881,954,17843,17,24,1,0,billing_issue,resolved
11882,952,5006,,24,1,0,return_request,resolved
11883,949,40426,,8,1,0,return_request,resolved
11884,950,31468,,24,1,0,return_request,resolved
11885,949,30298,,2,1,0,return_request,resolved
11886,957,19854,,24,1,0,warranty_claim,in_progress
11887,952,668,,8,1,0,return_request,resolved
11888,949,20222,1,48,1,0,warranty_claim,resolved
11889,957,1157,26,4,1,0,technical_issue,resolved
11890,946,38990,,48,1,0,return_request,resolved
11891,958,36765,,4,1,0,return_request,resolved
11892,955,27994,,2,1,0,return_request,resolved
11893,957,24733,,48,1,0,return_request,resolved
11894,958,15979,5,2,1,0,technical_issue,resolved
11895,950,33101,,8,1,0,return_request,resolved
11896,951,28406,,2,1,0,return_request,resolved
11897,961,33270,,120,1,1,return_request,resolved
11898,953,30851,,120,1,1,warranty_claim,resolved
11899,956,47222,,2,1,0,return_request,resolved
11900,952,26933,25,120,1,1,technical_issue,pending
11901,951,24607,2,8,1,0,return_request,resolved
11902,957,25239,,8,1,0,warranty_claim,resolved
11903,957,25983,,2,1,0,product_inquiry,resolved
11904,947,22142,,168,1,1,return_request,resolved
11905,951,10894,,48,1,0,return_request,resolved
11906,959,15383,,48,1,0,return_request,resolved
11907,948,15401,,24,1,0,return_request,resolved
11908,962,46269,,8,1,0,return_request,pending
11909,948,45422,17,4,1,0,delivery_problem,resolved
11910,957,18167,14,8,1,0,product_inquiry,resolved
11911,950,33359,,4,1,0,return_request,resolved
11912,951,39155,,48,1,0,return_request,resolved
11913,953,32691,,24,1,0,return_request,resolved
11914,950,1977,,72,1,1,return_request,resolved
11915,957,46189,,24,1,0,technical_issue,resolved
11916,949,49300,,24,1,0,return_request,in_progress
11917,951,12605,,24,1,0,return_request,in_progress
11918,962,24193,8,48,1,0,technical_issue,resolved
11919,963,13379,,24,1,0,return_request,resolved
11920,951,14611,,8,1,0,return_request,resolved
11921,956,3527,,24,1,0,delivery_problem,resolved
11922,953,14853,,2,1,0,return_request,resolved
11923,953,48732,,8,1,0,return_request,resolved
11924,962,22109,,4,1,0,delivery_problem,resolved
11925,962,41774,7,8,1,0,delivery_problem,resolved
11926,960,23309,,8,1,0,return_request,resolved
11927,964,19708,,4,1,0,return_request,resolved
11928,953,7401,,120,1,1,return_request,resolved
11929,951,4071,5,24,1,0,billing_issue,resolved
11930,953,22450,,8,1,0,return_request,resolved
11931,965,39577,,120,1,1,return_request,resolved
11932,964,26962,13,168,1,1,technical_issue,pending
11933,965,49841,,8,1,0,return_request,resolved
11934,959,47993,,4,1,0,return_request,resolved
11935,962,12541,,8,1,0,return_request,resolved
11936,953,13720,20,8,1,0,billing_issue,resolved
11937,953,18537,,24,1,0,return_request,resolved
11938,958,40893,,4,1,0,return_request,resolved
11939,960,40614,,8,1,0,return_request,resolved
11940,955,37839,,8,1,0,return_request,resolved
11941,955,36230,13,72,1,1,return_request,resolved
11942,955,43948,,8,1,0,return_request,resolved
11943,952,572,,48,1,0,return_request,resolved
11944,955,34322,,8,1,0,return_request,in_progress
11945,954,38887,19,4,1,0,delivery_problem,resolved
11946,954,27296,,24,1,0,delivery_problem,resolved
11947,966,29371,,48,1,0,return_request,resolved
11948,956,19747,,24,1,0,return_request,in_progress
11949,958,37368,,120,1,1,return_request,resolved
11950,954,37146,,72,1,1,return_request,resolved
11951,967,39679,,168,1,1,delivery_problem,resolved
11952,965,1201,,8,1,0,return_request,resolved
11953,963,46092,,72,1,1,return_request,resolved
11954,953,30917,,2,1,0,return_request,in_progress
11955,958,237,,24,1,0,return_request,resolved
11956,958,9313,,4,1,0,return_request,resolved
11957,964,25601,,48,1,0,return_request,resolved
11958,958,16466,,48,1,0,return_request,resolved
11959,963,42217,,24,1,0,delivery_problem,resolved
11960,954,46844,,48,1,0,technical_issue,resolved
11961,957,8481,,24,1,0,return_request,resolved
11962,954,12820,,8,1,0,return_request,resolved
11963,954,12963,,8,1,0,return_request,resolved
11964,965,19,,8,1,0,return_request,resolved
11965,959,47880,,8,1,0,return_request,resolved
11966,959,16286,,2,1,0,return_request,resolved
11967,959,22288,20,48,1,0,delivery_problem,in_progress
11968,962,44214,,24,1,0,return_request,resolved
11969,963,10695,,4,1,0,return_request,resolved
11970,966,35966,,72,1,1,return_request,pending
11971,969,15322,,48,1,0,return_request,resolved
11972,968,40506,,24,1,0,return_request,resolved
11973,961,33746,,4,1,0,return_request,resolved
11974,967,8708,,48,1,0,billing_issue,resolved
11975,967,20169,,4,1,0,return_request,resolved
11976,964,161,,2,1,0,technical_issue,resolved
11977,961,30984,,8,1,0,delivery_problem,resolved
11978,956,32537,,8,1,0,technical_issue,resolved
11979,961,7180,,2,1,0,return_request,resolved
11980,970,43669,,168,1,1,billing_issue,resolved
11981,965,35123,,4,1,0,delivery_problem,resolved
11982,957,44285,,24,1,0,technical_issue,in_progress
11983,964,34038,,24,1,0,return_request,pending
11984,961,21709,,4,1,0,return_request,resolved
11985,968,46124,,8,1,0,return_request,resolved
11986,965,6275,,4,1,0,billing_issue,resolved
11987,969,5856,,4,1,0,return_request,resolved
11988,959,19523,,8,1,0,technical_issue,resolved
11989,963,48134,,24,1,0,return_request,resolved
11990,968,24259,,8,1,0,return_request,resolved
11991,959,245,,8,1,0,return_request,resolved
11992,960,14349,,24,1,0,return_request,resolved
11993,968,5013,12,4,1,0,technical_issue,resolved
11994,971,41303,,24,1,0,return_request,in_progress
11995,967,32042,,168,1,1,warranty_claim,resolved
11996,971,43447,,4,1,0,return_request,resolved
11997,968,47448,,8,1,0,technical_issue,resolved
11998,969,8517,,24,1,0,return_request,resolved
11999,969,31109,,24,1,0,return_request,resolved
12000,967,35600,,24,1,0,return_request,pending
12001,971,28307,,8,1,0,technical_issue,resolved
12002,972,46321,,48,1,0,return_request,resolved
12003,972,13731,,120,1,1,warranty_claim,resolved
12004,969,11622,,8,1,0,technical_issue,resolved
12005,970,9183,,24,1,0,billing_issue,resolved
12006,967,22690,,4,1,0,return_request,resolved
12007,959,41439,,24,1,0,return_request,pending
12008,967,34507,,120,1,1,return_request,resolved
12009,965,25004,,24,1,0,return_request,resolved
12010,973,18825,,8,1,0,billing_issue,resolved
12011,973,42490,21,24,1,0,delivery_problem,resolved
12012,962,30073,,24,1,0,return_request,resolved
12013,964,39298,,24,1,0,return_request,resolved
12014,966,19249,,4,1,0,return_request,resolved
12015,970,34291,,72,1,1,technical_issue,resolved
12016,974,38433,16,24,1,0,return_request,resolved
12017,974,49924,,8,1,0,return_request,resolved
12018,969,44302,,2,1,0,return_request,pending
12019,964,28707,,8,1,0,return_request,resolved
12020,963,26676,13,24,1,0,billing_issue,resolved
12021,973,26293,13,48,1,0,product_inquiry,resolved
12022,974,45083,,4,1,0,return_request,in_progress
12023,963,37720,,120,1,1,return_request,resolved
12024,966,37670,,2,1,0,return_request,in_progress
12025,963,16689,,24,1,0,return_request,resolved
12026,962,2613,,4,1,0,return_request,in_progress
12027,963,45231,,4,1,0,return_request,resolved
12028,967,16860,,48,1,0,warranty_claim,resolved
12029,965,36724,,8,1,0,return_request,resolved
12030,965,14960,2,120,1,1,warranty_claim,resolved
12031,964,38027,,2,1,0,return_request,resolved
12032,973,24947,,8,1,0,billing_issue,resolved
12033,970,44055,,120,1,1,return_request,resolved
12034,962,46880,,4,1,0,product_inquiry,in_progress
12035,975,25532,27,4,1,0,delivery_problem,resolved
12036,976,19454,1,8,1,0,delivery_problem,resolved
12037,968,20587,,72,1,1,return_request,pending
12038,963,49358,,2,1,0,return_request,pending
12039,975,34834,,24,1,0,return_request,resolved
12040,967,35759,,48,1,0,return_request,resolved
12041,975,17035,,8,1,0,technical_issue,in_progress
12042,964,509,,2,1,0,return_request,resolved
12043,977,47982,,72,1,1,return_request,resolved
12044,975,29705,,24,1,0,return_request,resolved
12045,977,25992,,24,1,0,return_request,resolved
12046,977,9199,,8,1,0,return_request,resolved
12047,968,37629,,8,1,0,return_request,in_progress
12048,965,14187,,4,1,0,billing_issue,in_progress
12049,968,24639,23,24,1,0,return_request,resolved
12050,970,16174,,8,1,0,technical_issue,resolved
12051,973,2222,,4,1,0,delivery_problem,resolved
12052,967,6139,,8,1,0,return_request,resolved
12053,972,44541,,48,1,0,return_request,resolved
12054,977,40630,,72,1,1,return_request,resolved
12055,969,12127,,120,1,1,return_request,resolved
12056,968,2024,,24,1,0,return_request,in_progress
12057,976,14844,,24,1,0,return_request,resolved
12058,975,34195,,24,1,0,delivery_problem,resolved
12059,977,9616,,8,1,0,return_request,resolved
12060,973,39173,,24,1,0,return_request,resolved
12061,968,34940,,120,1,1,return_request,resolved
12062,972,31777,,120,1,1,return_request,resolved
12063,969,25420,,24,1,0,return_request,resolved
12064,975,46206,,4,1,0,technical_issue,resolved
12065,972,4114,,72,1,1,return_request,resolved
12066,966,39752,,24,1,0,return_request,resolved
12067,967,35870,,120,1,1,return_request,resolved
12068,976,1697,7,2,1,0,product_inquiry,in_progress
12069,977,11209,,2,1,0,return_request,resolved
12070,970,21236,,168,1,1,return_request,resolved
12071,972,14276,,72,1,1,return_request,resolved
12072,968,20061,,48,1,0,return_request,resolved
12073,968,30921,,8,1,0,return_request,pending
12074,969,19747,,4,1,0,return_request,resolved
12075,974,22076,,8,1,0,return_request,pending
12076,976,39787,,48,1,0,return_request,resolved
12077,976,32002,,24,1,0,return_request,resolved
12078,967,5621,,72,1,1,warranty_claim,resolved
12079,971,46746,,48,1,0,technical_issue,resolved
12080,981,35774,,2,1,0,return_request,resolved
12081,978,12671,,72,1,1,technical_issue,resolved
12082,970,47520,,48,1,0,return_request,resolved
12083,973,27714,,48,1,0,technical_issue,resolved
12084,976,9651,,72,1,1,delivery_problem,resolved
12085,981,3736,,48,1,0,return_request,resolved
12086,968,42964,,4,1,0,return_request,resolved
12087,978,21924,17,4,1,0,billing_issue,pending
12088,970,48717,27,4,1,0,delivery_problem,resolved
12089,969,655,,8,1,0,billing_issue,resolved
12090,973,18514,,72,1,1,return_request,resolved
12091,974,10649,27,8,1,0,delivery_problem,resolved
12092,981,7827,,24,1,0,return_request,resolved
12093,979,47466,,48,1,0,return_request,resolved
12094,975,13031,,4,1,0,return_request,resolved
12095,979,34736,,72,1,1,return_request,pending
12096,972,29743,,72,1,1,delivery_problem,resolved
12097,977,13823,,2,1,0,return_request,resolved
12098,973,27612,,8,1,0,return_request,resolved
12099,971,46619,,8,1,0,return_request,resolved
12100,973,25029,,24,1,0,return_request,resolved
12101,973,18861,,8,1,0,return_request,resolved
12102,974,16134,,24,1,0,return_request,resolved
12103,984,42554,26,120,1,1,return_request,resolved
12104,983,19580,5,4,1,0,warranty_claim,resolved
12105,978,7374,20,48,1,0,return_request,resolved
12106,975,23165,7,2,1,0,billing_issue,resolved
12107,979,37624,,2,1,0,return_request,resolved
12108,973,13933,,24,1,0,return_request,resolved
12109,985,2601,,2,1,0,return_request,resolved
12110,971,30849,,8,1,0,return_request,pending
12111,984,3989,10,24,1,0,billing_issue,resolved
12112,971,12606,,4,1,0,return_request,resolved
12113,985,11455,,8,1,0,return_request,resolved
12114,985,30558,,2,1,0,return_request,resolved
12115,974,10603,,72,1,1,return_request,pending
12116,978,13987,,4,1,0,return_request,resolved
12117,976,33319,,24,1,0,return_request,pending
12118,983,21775,,48,1,0,return_request,resolved
12119,986,12591,,8,1,0,delivery_problem,resolved
12120,982,22485,,8,1,0,product_inquiry,pending
12121,982,36517,23,4,1,0,delivery_problem,resolved
12122,975,20538,,120,1,1,return_request,resolved
12123,977,18872,,4,1,0,warranty_claim,resolved
12124,978,47768,,120,1,1,return_request,resolved
12125,983,49789,,8,1,0,return_request,in_progress
12126,973,109,16,8,1,0,return_request,resolved
12127,983,17698,,8,1,0,technical_issue,resolved
12128,982,10206,,2,1,0,delivery_problem,resolved
12129,982,26575,,8,1,0,return_request,resolved
12130,988,37855,20,168,1,1,technical_issue,resolved
12131,974,18960,,4,1,0,return_request,resolved
12132,985,22778,,2,1,0,return_request,in_progress
12133,976,8181,,24,1,0,return_request,pending
12134,975,27576,,24,1,0,return_request,pending
12135,984,6916,,24,1,0,return_request,resolved
12136,981,38097,,120,1,1,return_request,resolved
12137,985,47547,,24,1,0,technical_issue,resolved
12138,980,10359,,8,1,0,warranty_claim,resolved
12139,983,1055,,24,1,0,return_request,resolved
12140,985,34464,24,2,1,0,product_inquiry,resolved
12141,984,13490,12,24,1,0,warranty_claim,resolved
12142,986,7985,,4,1,0,return_request,resolved
12143,986,30679,,24,1,0,return_request,resolved
12144,979,23456,3,24,1,0,billing_issue,resolved
12145,984,43751,,8,1,0,return_request,resolved
12146,985,46864,,120,1,1,return_request,in_progress
12147,987,43451,,48,1,0,return_request,resolved
12148,987,49321,28,2,1,0,delivery_problem,resolved
12149,978,3631,,72,1,1,return_request,resolved
12150,981,6366,,72,1,1,billing_issue,resolved
12151,976,17764,,48,1,0,product_inquiry,resolved
12152,989,28234,25,4,1,0,billing_issue,resolved
12153,981,8263,14,24,1,0,product_inquiry,resolved
12154,982,21254,19,24,1,0,product_inquiry,resolved
12155,979,39255,,8,1,0,billing_issue,resolved
12156,988,29758,,24,1,0,return_request,resolved
12157,983,5562,,4,1,0,return_request,resolved
12158,989,18948,,48,1,0,return_request,resolved
12159,983,28888,,48,1,0,return_request,resolved
12160,985,12294,,2,1,0,return_request,in_progress
12161,978,18266,,4,1,0,return_request,resolved
12162,983,14575,26,4,1,0,product_inquiry,in_progress
12163,980,19258,,72,1,1,return_request,resolved
12164,987,38614,,72,1,1,warranty_claim,resolved
12165,987,4032,9,2,1,0,product_inquiry,in_progress
12166,982,21354,,48,1,0,return_request,resolved
12167,990,26674,,8,1,0,technical_issue,resolved
12168,987,20011,,24,1,0,technical_issue,resolved
12169,980,21716,8,24,1,0,warranty_claim,resolved
12170,981,41063,23,4,1,0,return_request,resolved
12171,979,15428,7,8,1,0,technical_issue,resolved
12172,980,32637,,8,1,0,return_request,resolved
12173,986,133,,24,1,0,return_request,resolved
12174,990,29892,,24,1,0,return_request,resolved
12175,983,12909,,48,1,0,return_request,resolved
12176,988,613,,72,1,1,return_request,resolved
12177,980,47979,24,24,1,0,technical_issue,resolved
12178,981,25094,,24,1,0,technical_issue,resolved
12179,982,14255,,48,1,0,return_request,resolved
12180,980,8492,,24,1,0,return_request,resolved
12181,990,13849,,4,1,0,warranty_claim,in_progress
12182,985,25168,,4,1,0,return_request,in_progress
12183,989,46494,24,48,1,0,billing_issue,in_progress
12184,988,13013,,48,1,0,billing_issue,resolved
12185,988,8675,,4,1,0,return_request,resolved
12186,985,44852,18,72,1,1,return_request,resolved
12187,980,37054,,24,1,0,return_request,resolved
12188,984,39038,,8,1,0,return_request,resolved
12189,979,1382,22,72,1,1,technical_issue,resolved
12190,986,31054,,24,1,0,return_request,resolved
12191,988,7083,,24,1,0,technical_issue,resolved
12192,983,258,,24,1,0,return_request,resolved
12193,982,2081,,8,1,0,return_request,pending
12194,986,24057,,48,1,0,warranty_claim,in_progress
12195,988,34003,,48,1,0,return_request,in_progress
12196,991,26239,,4,1,0,return_request,resolved
12197,991,25188,,120,1,1,technical_issue,in_progress
12198,987,36692,28,4,1,0,warranty_claim,pending
12199,990,25625,,8,1,0,return_request,resolved
12200,994,9036,,4,1,0,return_request,resolved
12201,982,18791,,4,1,0,return_request,resolved
12202,986,8889,,8,1,0,product_inquiry,resolved
12203,994,29187,3,48,1,0,billing_issue,resolved
12204,988,42382,24,48,1,0,billing_issue,resolved
12205,993,34659,,24,1,0,return_request,resolved
12206,980,1746,,48,1,0,warranty_claim,resolved
12207,992,7232,,2,1,0,delivery_problem,pending
12208,980,28097,,48,1,0,return_request,resolved
12209,993,47575,,120,1,1,return_request,resolved
12210,993,3252,,8,1,0,return_request,resolved
12211,983,23198,,4,1,0,return_request,resolved
12212,992,30107,,48,1,0,return_request,resolved
12213,987,11332,,24,1,0,return_request,resolved
12214,985,9696,,120,1,1,return_request,resolved
12215,993,15098,,2,1,0,return_request,resolved
12216,991,14452,,48,1,0,return_request,pending
12217,991,12604,14,48,1,0,return_request,resolved
12218,985,39902,,24,1,0,billing_issue,resolved
12219,992,17464,,8,1,0,return_request,resolved
12220,990,19443,,48,1,0,return_request,resolved
12221,993,47111,17,24,1,0,delivery_problem,pending
12222,984,33714,,120,1,1,product_inquiry,resolved
12223,993,19128,,4,1,0,return_request,resolved
12224,986,15140,,4,1,0,delivery_problem,in_progress
12225,993,21885,,8,1,0,return_request,in_progress
12226,990,4199,,8,1,0,delivery_problem,resolved
12227,992,40749,,4,1,0,technical_issue,resolved
12228,981,40952,,24,1,0,return_request,resolved
12229,991,46320,,2,1,0,return_request,resolved
12230,985,996,,4,1,0,return_request,resolved
12231,982,49926,,8,1,0,return_request,resolved
12232,990,28176,25,8,1,0,delivery_problem,resolved
12233,982,46727,,8,1,0,return_request,resolved
12234,994,1674,,8,1,0,return_request,resolved
12235,988,37818,,2,1,0,return_request,resolved
12236,994,4974,,24,1,0,return_request,resolved
12237,993,11958,,8,1,0,return_request,resolved
12238,994,18795,,24,1,0,return_request,resolved
12239,991,428,,8,1,0,return_request,resolved
12240,983,9761,,48,1,0,return_request,resolved
12241,995,43536,,24,1,0,warranty_claim,resolved
12242,984,36137,,48,1,0,return_request,pending
12243,988,39112,,4,1,0,technical_issue,resolved
12244,995,4139,,48,1,0,return_request,pending
12245,983,40985,16,120,1,1,delivery_problem,resolved
12246,996,33429,,8,1,0,return_request,resolved
12247,998,23891,,24,1,0,return_request,resolved
12248,989,12920,,48,1,0,technical_issue,resolved
12249,988,11027,,24,1,0,return_request,resolved
12250,989,24218,,48,1,0,return_request,resolved
12251,992,26211,,24,1,0,return_request,resolved
12252,992,20326,,4,1,0,return_request,resolved
12253,991,17372,,8,1,0,product_inquiry,resolved
12254,995,17965,,120,1,1,return_request,in_progress
12255,996,46151,2,48,1,0,technical_issue,resolved
12256,994,45250,,48,1,0,return_request,resolved
12257,986,46818,,24,1,0,return_request,resolved
12258,988,3167,,72,1,1,technical_issue,resolved
12259,986,29176,,24,1,0,technical_issue,resolved
12260,986,11721,,48,1,0,return_request,resolved
12261,985,35777,3,24,1,0,technical_issue,resolved
12262,985,6584,,48,1,0,return_request,resolved
12263,997,8067,,4,1,0,return_request,resolved
12264,992,22844,,72,1,1,return_request,resolved
12265,992,19470,,72,1,1,return_request,resolved
12266,993,31835,,2,1,0,billing_issue,resolved
12267,991,36091,,2,1,0,return_request,resolved
12268,995,885,,24,1,0,technical_issue,resolved
12269,993,44376,,4,1,0,return_request,resolved
12270,994,16,,168,1,1,delivery_problem,pending
12271,999,5624,,2,1,0,return_request,resolved
12272,992,48547,,24,1,0,delivery_problem,resolved
12273,997,39463,,2,1,0,warranty_claim,resolved
12274,991,9636,,4,1,0,return_request,in_progress
12275,991,7018,,8,1,0,return_request,resolved
12276,991,46221,2,4,1,0,technical_issue,resolved
12277,992,22495,,8,1,0,return_request,resolved
12278,994,46747,,4,1,0,return_request,resolved
12279,993,11397,,8,1,0,billing_issue,resolved
12280,996,10737,,24,1,0,technical_issue,resolved
12281,993,22976,,4,1,0,product_inquiry,resolved
12282,991,21540,,4,1,0,return_request,pending
12283,999,13182,,8,1,0,return_request,resolved
12284,998,9269,,24,1,0,return_request,resolved
12285,992,45888,,8,1,0,return_request,resolved
12286,999,44987,,4,1,0,delivery_problem,resolved
12287,999,29931,,48,1,0,return_request,resolved
12288,998,41408,,4,1,0,return_request,resolved
12289,991,16657,,72,1,1,return_request,resolved
12290,991,10716,,24,1,0,return_request,resolved
12291,998,26250,12,2,1,0,return_request,resolved
12292,999,47035,,8,1,0,billing_issue,pending
12293,989,32316,,24,1,0,return_request,resolved
12294,991,25129,3,4,1,0,technical_issue,resolved
12295,988,16038,,4,1,0,return_request,resolved
12296,990,24264,,120,1,1,delivery_problem,resolved
12297,990,25803,1,48,1,0,return_request,resolved
12298,989,38566,,8,1,0,return_request,resolved
12299,1001,9030,,2,1,0,warranty_claim,resolved
12300,1002,6502,,4,1,0,return_request,resolved
12301,995,37301,,8,1,0,return_request,resolved
12302,994,41999,,2,1,0,return_request,resolved
12303,988,45781,9,120,1,1,delivery_problem,resolved
12304,997,15601,,2,1,0,return_request,resolved
12305,993,12460,,72,1,1,return_request,resolved
12306,994,5123,,4,1,0,return_request,resolved
12307,1000,26705,,2,1,0,return_request,resolved
12308,991,16092,,120,1,1,return_request,resolved
12309,992,40654,,4,1,0,return_request,resolved
12310,999,7060,,2,1,0,return_request,resolved
12311,1001,20979,4,72,1,1,delivery_problem,resolved
12312,995,40918,,48,1,0,return_request,resolved
12313,1001,1642,,48,1,0,return_request,resolved
12314,990,30324,6,8,1,0,billing_issue,resolved
12315,993,47368,,48,1,0,return_request,resolved
12316,1000,35249,,24,1,0,return_request,resolved
12317,1001,14914,22,24,1,0,return_request,resolved
12318,1000,19483,24,48,1,0,technical_issue,resolved
12319,1002,42205,,4,1,0,return_request,resolved
12320,997,4413,,8,1,0,return_request,resolved
12321,993,28641,,8,1,0,return_request,in_progress
12322,1001,32540,28,24,1,0,product_inquiry,resolved
12323,994,9307,,8,1,0,delivery_problem,resolved
12324,1002,2485,,24,1,0,return_request,resolved
12325,989,22482,,8,1,0,return_request,in_progress
12326,996,796,,24,1,0,delivery_problem,resolved
12327,1000,38893,,120,1,1,return_request,in_progress
12328,990,46779,9,48,1,0,delivery_problem,resolved
12329,995,45539,,72,1,1,warranty_claim,resolved
12330,995,33775,,8,1,0,technical_issue,resolved
12331,1002,8867,,4,1,0,return_request,resolved
12332,1004,49098,,24,1,0,return_request,resolved
12333,990,27096,,24,1,0,return_request,resolved
12334,996,20351,25,72,1,1,warranty_claim,resolved
12335,998,24025,,8,1,0,delivery_problem,resolved
12336,1002,8571,,24,1,0,return_request,resolved
12337,994,34128,,24,1,0,return_request,in_progress
12338,998,17860,4,8,1,0,warranty_claim,resolved
12339,995,38873,,48,1,0,return_request,resolved
12340,992,17076,19,2,1,0,delivery_problem,resolved
12341,991,5387,,24,1,0,return_request,resolved
12342,995,38568,,24,1,0,return_request,resolved
12343,996,17511,,4,1,0,return_request,resolved
12344,997,28612,,24,1,0,return_request,resolved
12345,1005,21137,19,24,1,0,delivery_problem,resolved
12346,998,35400,,72,1,1,return_request,resolved
12347,997,34432,,24,1,0,return_request,resolved
12348,1001,31073,,24,1,0,technical_issue,resolved
12349,1000,22699,,8,1,0,return_request,resolved
12350,1003,13735,23,8,1,0,return_request,resolved
12351,1001,48113,,72,1,1,return_request,resolved
12352,998,7151,,48,1,0,return_request,resolved
12353,1003,34844,11,72,1,1,return_request,resolved
12354,1005,8045,,8,1,0,technical_issue,pending
12355,1006,25602,,24,1,0,return_request,resolved
12356,1001,20864,,8,1,0,return_request,resolved
12357,992,44346,,8,1,0,return_request,resolved
12358,1004,32367,,8,1,0,delivery_problem,resolved
12359,1002,32449,,24,1,0,billing_issue,resolved
12360,999,16410,19,8,1,0,delivery_problem,resolved
12361,998,38599,,8,1,0,delivery_problem,pending
12362,1001,4469,,8,1,0,return_request,resolved
12363,1003,3551,,4,1,0,return_request,resolved
12364,996,10456,,24,1,0,return_request,resolved
12365,997,28640,,4,1,0,delivery_problem,pending
12366,995,8494,,24,1,0,return_request,resolved
12367,1002,46237,,4,1,0,technical_issue,in_progress
12368,994,25534,,48,1,0,return_request,resolved
12369,995,11882,7,48,1,0,delivery_problem,resolved
12370,1007,47835,,24,1,0,return_request,resolved
12371,1001,40949,,48,1,0,return_request,resolved
12372,1003,25802,,72,1,1,return_request,resolved
12373,1001,9978,,8,1,0,return_request,resolved
12374,1005,4090,,24,1,0,return_request,resolved
12375,995,38909,,2,1,0,return_request,resolved
12376,1002,33903,,24,1,0,billing_issue,resolved
12377,997,2985,,72,1,1,return_request,resolved
12378,998,36079,,48,1,0,return_request,resolved
12379,996,19480,,24,1,0,return_request,in_progress
12380,998,25339,,48,1,0,return_request,resolved
12381,1007,45977,1,2,1,0,warranty_claim,resolved
12382,1005,9478,,48,1,0,return_request,resolved
12383,996,21255,,4,1,0,return_request,resolved
12384,998,42430,,24,1,0,technical_issue,resolved
12385,1009,46170,,24,1,0,product_inquiry,resolved
12386,998,49818,,2,1,0,return_request,resolved
12387,1001,45445,7,8,1,0,technical_issue,resolved
12388,1002,42317,,8,1,0,return_request,in_progress
12389,1009,29776,,24,1,0,technical_issue,resolved
12390,999,20,22,2,1,0,technical_issue,resolved
12391,1009,18512,,2,1,0,billing_issue,resolved
12392,1005,35912,,120,1,1,return_request,resolved
12393,1002,31140,,24,1,0,technical_issue,resolved
12394,997,42606,,4,1,0,delivery_problem,resolved
12395,1002,49455,,24,1,0,return_request,resolved
12396,999,21663,,2,1,0,return_request,resolved
12397,1000,40100,,48,1,0,return_request,resolved
12398,1002,23647,,24,1,0,delivery_problem,resolved
12399,997,15378,,48,1,0,technical_issue,resolved
12400,1000,27049,,8,1,0,return_request,resolved
12401,1003,37234,,2,1,0,return_request,in_progress
12402,1006,48694,,4,1,0,return_request,resolved
12403,1000,4070,,120,1,1,return_request,resolved
12404,1004,43453,,24,1,0,return_request,resolved
12405,1008,23811,,2,1,0,return_request,resolved
12406,1006,4042,,24,1,0,product_inquiry,resolved
12407,1004,22622,24,2,1,0,product_inquiry,resolved
12408,998,24512,,8,1,0,technical_issue,resolved
12409,1003,25383,,24,1,0,billing_issue,resolved
12410,1007,37436,,2,1,0,return_request,resolved
12411,996,31172,,48,1,0,return_request,resolved
12412,1010,40843,,4,1,0,technical_issue,resolved
12413,1005,749,,24,1,0,technical_issue,resolved
12414,996,48283,,8,1,0,return_request,in_progress
12415,1003,3210,,4,1,0,billing_issue,resolved
12416,1003,14778,,72,1,1,product_inquiry,resolved
12417,1008,26686,,24,1,0,return_request,resolved
12418,1000,44858,,4,1,0,return_request,resolved
12419,1008,30564,,24,1,0,return_request,resolved
12420,1009,6277,,24,1,0,return_request,resolved
12421,1003,41398,,4,1,0,technical_issue,resolved
12422,1002,17308,,8,1,0,return_request,resolved
12423,1001,2825,,24,1,0,return_request,resolved
12424,998,17380,,48,1,0,return_request,resolved
12425,1006,17867,3,8,1,0,technical_issue,resolved
12426,1008,38811,,72,1,1,return_request,resolved
12427,1000,8200,,72,1,1,return_request,resolved
12428,1003,28118,,24,1,0,return_request,resolved
12429,1004,42860,,8,1,0,return_request,resolved
12430,1001,28053,,8,1,0,warranty_claim,resolved
12431,1004,45591,,8,1,0,return_request,resolved
12432,1003,738,,2,1,0,return_request,resolved
12433,1009,8157,,72,1,1,return_request,in_progress
12434,1001,41899,,48,1,0,product_inquiry,resolved
12435,1001,27571,,24,1,0,return_request,resolved
12436,1001,17515,,8,1,0,return_request,resolved
12437,1001,42737,,120,1,1,warranty_claim,resolved
12438,1009,39689,,8,1,0,return_request,resolved
12439,1002,31104,,4,1,0,return_request,resolved
12440,1005,457,,48,1,0,technical_issue,resolved
12441,1010,41217,,4,1,0,return_request,resolved
12442,1004,30947,,4,1,0,return_request,in_progress
12443,1003,7113,16,48,1,0,billing_issue,resolved
12444,1013,13299,,72,1,1,return_request,resolved
12445,1006,16617,,4,1,0,return_request,resolved
12446,1002,3056,16,4,1,0,billing_issue,resolved
12447,1002,46635,,2,1,0,return_request,resolved
12448,1010,18501,,24,1,0,return_request,resolved
12449,1006,7627,,120,1,1,return_request,resolved
12450,1006,14816,,24,1,0,return_request,resolved
12451,1009,27994,,24,1,0,return_request,resolved
12452,1005,17533,16,24,1,0,warranty_claim,resolved
12453,1012,11879,,24,1,0,return_request,resolved
12454,1013,33399,,2,1,0,return_request,resolved
12455,1005,34760,,4,1,0,return_request,resolved
12456,1009,34274,,8,1,0,return_request,resolved
12457,1002,10709,,4,1,0,return_request,resolved
12458,1004,3714,,24,1,0,delivery_problem,resolved
12459,1011,18146,,8,1,0,return_request,resolved
12460,1003,14436,,72,1,1,return_request,resolved
12461,1012,48488,,2,1,0,return_request,resolved
12462,1010,776,8,168,1,1,return_request,resolved
12463,1003,13574,,168,1,1,return_request,resolved
12464,1013,41805,,4,1,0,delivery_problem,resolved
12465,1004,13705,,48,1,0,product_inquiry,resolved
12466,1012,34262,,24,1,0,return_request,pending
12467,1006,41155,,8,1,0,warranty_claim,resolved
12468,1010,10512,,8,1,0,return_request,resolved
12469,1007,21752,,4,1,0,technical_issue,resolved
12470,1015,42931,,24,1,0,return_request,resolved
12471,1009,41265,,48,1,0,return_request,resolved
12472,1007,15184,,8,1,0,return_request,resolved
12473,1012,46207,,168,1,1,return_request,resolved
12474,1010,33232,,72,1,1,return_request,resolved
12475,1011,35271,,2,1,0,return_request,resolved
12476,1011,46969,27,48,1,0,technical_issue,resolved
12477,1006,7528,,24,1,0,return_request,resolved
12478,1009,14285,,8,1,0,return_request,resolved
12479,1010,9859,,4,1,0,delivery_problem,resolved
12480,1008,27947,,72,1,1,return_request,resolved
12481,1002,3084,,2,1,0,return_request,resolved
12482,1012,39658,,8,1,0,return_request,resolved
12483,1013,40710,,4,1,0,return_request,resolved
12484,1012,44824,,48,1,0,return_request,resolved
12485,1002,8007,19,168,1,1,warranty_claim,resolved
12486,1008,20144,8,8,1,0,return_request,resolved
12487,1008,26018,,24,1,0,return_request,resolved
12488,1010,45257,,24,1,0,technical_issue,resolved
12489,1002,19017,,24,1,0,return_request,resolved
12490,1006,7902,15,8,1,0,technical_issue,resolved
12491,1012,19882,,8,1,0,return_request,resolved
12492,1002,12123,,24,1,0,billing_issue,resolved
12493,1008,22694,,4,1,0,return_request,resolved
12494,1006,23010,,2,1,0,delivery_problem,resolved
12495,1003,12439,,24,1,0,return_request,resolved
12496,1015,2690,,2,1,0,return_request,resolved
12497,1011,45028,,8,1,0,return_request,in_progress
12498,1005,26150,12,4,1,0,return_request,resolved
12499,1004,38078,9,8,1,0,return_request,resolved
12500,1009,31113,25,4,1,0,technical_issue,resolved
12501,1007,42760,,4,1,0,delivery_problem,resolved
12502,1011,4227,,24,1,0,return_request,resolved
12503,1006,17302,,72,1,1,return_request,resolved
12504,1009,7096,,8,1,0,return_request,resolved
12505,1017,46378,,24,1,0,return_request,resolved
12506,1013,33680,,8,1,0,return_request,resolved
12507,1008,37318,,2,1,0,return_request,resolved
12508,1014,43554,,4,1,0,return_request,pending
12509,1016,6107,15,24,1,0,delivery_problem,resolved
12510,1014,4522,,2,1,0,return_request,resolved
12511,1016,5502,,48,1,0,return_request,pending
12512,1015,41930,,4,1,0,billing_issue,resolved
12513,1010,24852,7,24,1,0,technical_issue,resolved
12514,1007,33894,,24,1,0,return_request,resolved
12515,1007,6752,,48,1,0,return_request,resolved
12516,1015,34413,18,72,1,1,delivery_problem,resolved
12517,1015,46552,,48,1,0,return_request,resolved
12518,1015,24145,,8,1,0,product_inquiry,resolved
12519,1006,33879,,4,1,0,return_request,resolved
12520,1013,3729,,24,1,0,return_request,resolved
12521,1009,41113,,4,1,0,return_request,resolved
12522,1017,33743,,48,1,0,return_request,resolved
12523,1005,9124,,8,1,0,return_request,resolved
12524,1005,5193,26,2,1,0,product_inquiry,resolved
12525,1012,47468,19,48,1,0,technical_issue,resolved
12526,1017,20407,,24,1,0,return_request,in_progress
12527,1010,43334,,48,1,0,return_request,resolved
12528,1017,15445,,8,1,0,return_request,resolved
12529,1007,20199,19,48,1,0,delivery_problem,in_progress
12530,1005,5779,,8,1,0,billing_issue,resolved
12531,1010,35444,,2,1,0,technical_issue,resolved
12532,1016,37517,5,8,1,0,return_request,resolved
12533,1010,19935,,24,1,0,return_request,pending
12534,1007,9977,,72,1,1,technical_issue,in_progress
12535,1006,49163,,8,1,0,return_request,resolved
12536,1012,39582,,2,1,0,return_request,in_progress
12537,1005,1718,,2,1,0,technical_issue,resolved
12538,1018,40116,,48,1,0,return_request,pending
12539,1016,25207,,48,1,0,return_request,resolved
12540,1019,16836,,24,1,0,return_request,resolved
12541,1009,37725,,8,1,0,return_request,resolved
12542,1017,48789,,24,1,0,return_request,resolved
12543,1006,2673,,24,1,0,warranty_claim,resolved
12544,1012,11897,,24,1,0,return_request,resolved
12545,1011,43251,,8,1,0,return_request,resolved
12546,1009,29820,,2,1,0,return_request,resolved
12547,1009,15937,,2,1,0,warranty_claim,resolved
12548,1017,40386,26,4,1,0,return_request,resolved
12549,1011,13188,,8,1,0,technical_issue,resolved
12550,1013,23622,,24,1,0,return_request,resolved
12551,1016,23254,,24,1,0,return_request,resolved
12552,1021,7542,,8,1,0,return_request,resolved
12553,1019,34618,,8,1,0,technical_issue,resolved
12554,1011,10775,,48,1,0,return_request,resolved
12555,1014,36287,,24,1,0,return_request,resolved
12556,1017,13833,,4,1,0,return_request,resolved
12557,1016,23926,,2,1,0,return_request,resolved
12558,1011,33842,,4,1,0,return_request,resolved
12559,1015,46012,16,24,1,0,return_request,resolved
12560,1020,3611,7,8,1,0,technical_issue,resolved
12561,1013,19027,,4,1,0,return_request,in_progress
12562,1011,46050,,48,1,0,return_request,pending
12563,1020,1204,26,4,1,0,warranty_claim,resolved
12564,1017,8862,,48,1,0,return_request,resolved
12565,1016,14644,19,120,1,1,technical_issue,resolved
12566,1009,11795,14,48,1,0,billing_issue,resolved
12567,1017,32024,10,24,1,0,delivery_problem,resolved
12568,1012,20806,,8,1,0,technical_issue,resolved
12569,1020,26263,,2,1,0,technical_issue,resolved
12570,1020,35050,,2,1,0,warranty_claim,resolved
12571,1010,34648,,24,1,0,billing_issue,resolved
12572,1017,41709,,8,1,0,return_request,resolved
12573,1020,44377,,8,1,0,return_request,in_progress
12574,1015,18296,,48,1,0,technical_issue,resolved
12575,1009,2288,,48,1,0,return_request,resolved
12576,1012,7345,,24,1,0,return_request,resolved
12577,1011,11581,,48,1,0,return_request,in_progress
12578,1021,34475,,2,1,0,billing_issue,resolved
12579,1012,3253,,2,1,0,billing_issue,resolved
12580,1010,12030,,4,1,0,technical_issue,pending
12581,1011,19600,,8,1,0,return_request,resolved
12582,1014,9513,,8,1,0,return_request,in_progress
12583,1018,17428,,48,1,0,warranty_claim,resolved
12584,1019,21074,,168,1,1,technical_issue,resolved
12585,1010,7754,,4,1,0,return_request,resolved
12586,1011,25245,,120,1,1,return_request,resolved
12587,1022,23249,28,48,1,0,return_request,resolved
12588,1019,15942,16,24,1,0,billing_issue,resolved
12589,1011,20696,,8,1,0,return_request,resolved
12590,1020,22739,17,48,1,0,delivery_problem,resolved
12591,1012,34084,,4,1,0,return_request,resolved
12592,1010,7846,,4,1,0,return_request,resolved
12593,1011,12340,,8,1,0,return_request,resolved
12594,1019,23737,,2,1,0,return_request,resolved
12595,1014,23126,,24,1,0,return_request,resolved
12596,1019,39515,,24,1,0,delivery_problem,pending
12597,1016,24112,,72,1,1,return_request,resolved
12598,1024,9889,,8,1,0,return_request,resolved
12599,1015,28119,13,120,1,1,billing_issue,pending
12600,1015,24115,,24,1,0,technical_issue,resolved
12601,1017,9890,,24,1,0,return_request,resolved
12602,1020,9255,,120,1,1,return_request,resolved
12603,1022,22619,,72,1,1,return_request,resolved
12604,1015,5593,,48,1,0,return_request,resolved
12605,1021,33559,,24,1,0,product_inquiry,resolved
12606,1018,12696,19,168,1,1,billing_issue,resolved
12607,1013,37314,19,24,1,0,technical_issue,resolved
12608,1019,14125,,24,1,0,return_request,resolved
12609,1017,44784,,8,1,0,return_request,pending
12610,1016,25494,,4,1,0,billing_issue,resolved
12611,1017,38938,13,72,1,1,technical_issue,in_progress
12612,1014,16979,7,120,1,1,product_inquiry,resolved
12613,1015,13136,,4,1,0,return_request,resolved
12614,1023,29683,,120,1,1,return_request,resolved
12615,1014,6470,20,24,1,0,billing_issue,resolved
12616,1014,10510,,8,1,0,return_request,resolved
12617,1020,35792,,8,1,0,return_request,resolved
12618,1021,46535,,4,1,0,billing_issue,resolved
12619,1017,29024,,4,1,0,return_request,in_progress
12620,1027,19862,,2,1,0,return_request,resolved
12621,1022,32964,,8,1,0,return_request,resolved
12622,1021,22639,,24,1,0,return_request,resolved
12623,1027,10681,,2,1,0,return_request,pending
12624,1013,22679,,4,1,0,return_request,resolved
12625,1027,49682,,48,1,0,delivery_problem,resolved
12626,1015,32790,,4,1,0,return_request,in_progress
12627,1024,20966,,24,1,0,return_request,resolved
12628,1018,34939,,48,1,0,return_request,pending
12629,1026,32900,,8,1,0,product_inquiry,resolved
12630,1014,49232,,48,1,0,return_request,resolved
12631,1023,4763,,24,1,0,return_request,resolved
12632,1023,2037,25,4,1,0,warranty_claim,resolved
12633,1018,24453,8,24,1,0,warranty_claim,resolved
12634,1016,19199,,4,1,0,return_request,in_progress
12635,1014,27434,,4,1,0,return_request,pending
12636,1021,40061,,4,1,0,return_request,pending
12637,1022,15436,,48,1,0,return_request,resolved
12638,1022,21939,20,4,1,0,product_inquiry,resolved
12639,1018,19742,,8,1,0,return_request,resolved
12640,1028,21352,5,4,1,0,product_inquiry,resolved
12641,1020,43101,,48,1,0,return_request,resolved
12642,1014,46357,,4,1,0,technical_issue,resolved
12643,1020,3430,,48,1,0,return_request,resolved
12644,1028,34239,,2,1,0,product_inquiry,resolved
12645,1023,10095,8,120,1,1,technical_issue,resolved
12646,1027,35365,,8,1,0,product_inquiry,resolved
12647,1015,8854,,24,1,0,return_request,resolved
12648,1019,12492,,168,1,1,product_inquiry,resolved
12649,1016,26013,,168,1,1,return_request,in_progress
12650,1020,44809,,120,1,1,return_request,in_progress
12651,1023,1764,,120,1,1,return_request,resolved
12652,1018,22193,,120,1,1,return_request,in_progress
12653,1019,42066,,72,1,1,return_request,resolved
12654,1016,12725,,72,1,1,warranty_claim,resolved
12655,1025,47892,,4,1,0,billing_issue,resolved
12656,1028,45234,,8,1,0,billing_issue,in_progress
12657,1017,8501,10,72,1,1,delivery_problem,resolved
12658,1020,29665,,2,1,0,return_request,resolved
12659,1030,48183,,8,1,0,delivery_problem,resolved
12660,1026,36384,,2,1,0,return_request,resolved
12661,1027,40180,,8,1,0,delivery_problem,resolved
12662,1027,5337,,72,1,1,return_request,resolved
12663,1023,37235,,24,1,0,return_request,pending
12664,1029,35548,,24,1,0,return_request,resolved
12665,1024,1053,,4,1,0,return_request,resolved
12666,1026,13664,,8,1,0,return_request,resolved
12667,1024,1379,,4,1,0,return_request,resolved
12668,1029,10672,,24,1,0,return_request,resolved
12669,1019,10564,15,24,1,0,return_request,resolved
12670,1018,6594,,24,1,0,return_request,resolved
12671,1025,31841,,8,1,0,return_request,in_progress
12672,1031,14695,,24,1,0,return_request,resolved
12673,1024,5424,,8,1,0,return_request,in_progress
12674,1027,44618,4,48,1,0,delivery_problem,pending
12675,1027,14733,,24,1,0,return_request,resolved
12676,1025,39968,,72,1,1,return_request,resolved
12677,1027,24327,4,48,1,0,return_request,pending
12678,1024,40708,,48,1,0,return_request,pending
12679,1031,13763,,24,1,0,return_request,resolved
12680,1026,47226,,48,1,0,return_request,resolved
12681,1018,42939,,24,1,0,return_request,resolved
12682,1022,816,,2,1,0,return_request,pending
12683,1020,43290,,8,1,0,return_request,resolved
12684,1029,29797,,48,1,0,return_request,resolved
12685,1021,22184,,48,1,0,return_request,resolved
12686,1027,12405,,48,1,0,return_request,resolved
12687,1031,34359,,24,1,0,return_request,resolved
12688,1024,39294,,24,1,0,return_request,pending
12689,1021,47253,,48,1,0,return_request,resolved
12690,1019,43097,,24,1,0,return_request,resolved
12691,1024,37306,21,72,1,1,return_request,resolved
12692,1018,6193,,48,1,0,technical_issue,resolved
12693,1029,16070,,8,1,0,return_request,resolved
12694,1029,11161,,48,1,0,billing_issue,resolved
12695,1031,48817,,48,1,0,return_request,resolved
12696,1023,17438,,72,1,1,return_request,resolved
12697,1029,33116,,2,1,0,return_request,resolved
12698,1025,4810,,72,1,1,technical_issue,resolved
12699,1020,36694,,24,1,0,product_inquiry,resolved
12700,1023,94,,120,1,1,technical_issue,resolved
12701,1029,36005,,72,1,1,return_request,resolved
12702,1029,47835,,4,1,0,product_inquiry,pending
12703,1021,27539,,8,1,0,return_request,resolved
12704,1029,22670,28,8,1,0,technical_issue,resolved
12705,1026,29031,,2,1,0,return_request,resolved
12706,1023,16152,,72,1,1,return_request,resolved
12707,1034,31304,,120,1,1,return_request,resolved
12708,1024,4072,,8,1,0,return_request,resolved
12709,1034,36749,,8,1,0,return_request,resolved
12710,1020,27106,,48,1,0,return_request,resolved
12711,1031,43762,27,24,1,0,warranty_claim,resolved
12712,1024,2420,3,8,1,0,warranty_claim,resolved
12713,1022,15822,,24,1,0,return_request,resolved
12714,1026,40794,,72,1,1,return_request,resolved
12715,1029,48966,24,2,1,0,product_inquiry,resolved
12716,1020,22793,,8,1,0,return_request,resolved
12717,1025,32002,11,2,1,0,product_inquiry,resolved
12718,1033,8381,,72,1,1,return_request,pending
12719,1030,49997,,4,1,0,return_request,resolved
12720,1028,45451,,8,1,0,return_request,resolved
12721,1027,12849,,2,1,0,return_request,resolved
12722,1030,20791,,8,1,0,return_request,resolved
12723,1028,23776,,24,1,0,technical_issue,in_progress
12724,1034,2218,,48,1,0,return_request,resolved
12725,1024,28002,,168,1,1,return_request,pending
12726,1032,37130,,120,1,1,return_request,resolved
12727,1021,35317,,120,1,1,return_request,resolved
12728,1035,49975,,4,1,0,delivery_problem,resolved
12729,1023,38432,,2,1,0,technical_issue,resolved
12730,1026,34355,7,4,1,0,technical_issue,resolved
12731,1030,7347,,8,1,0,product_inquiry,resolved
12732,1023,24707,,48,1,0,return_request,resolved
12733,1024,28942,,4,1,0,return_request,resolved
12734,1027,11770,,168,1,1,delivery_problem,resolved
12735,1026,26851,,48,1,0,return_request,resolved
12736,1024,42115,,24,1,0,return_request,resolved
12737,1025,26378,,2,1,0,return_request,resolved
12738,1023,16533,,168,1,1,return_request,pending
12739,1028,23075,,24,1,0,return_request,resolved
12740,1030,48234,,24,1,0,return_request,resolved
12741,1029,36827,,120,1,1,delivery_problem,resolved
12742,1033,47351,,24,1,0,return_request,resolved
12743,1031,45502,,24,1,0,return_request,resolved
12744,1036,35323,,48,1,0,delivery_problem,resolved
12745,1030,34091,,48,1,0,return_request,resolved
12746,1031,43699,,8,1,0,technical_issue,resolved
12747,1030,2396,,8,1,0,return_request,resolved
12748,1026,27582,26,8,1,0,return_request,in_progress
12749,1031,16129,,24,1,0,return_request,resolved
12750,1029,41813,,48,1,0,technical_issue,resolved
12751,1025,26357,,24,1,0,return_request,pending
12752,1024,22376,,4,1,0,product_inquiry,resolved
12753,1027,30796,,48,1,0,return_request,resolved
12754,1026,24777,,48,1,0,warranty_claim,resolved
12755,1033,40784,,4,1,0,return_request,in_progress
12756,1023,17894,,2,1,0,return_request,pending
12757,1030,31089,,72,1,1,return_request,resolved
12758,1025,23483,,4,1,0,billing_issue,resolved
12759,1024,7739,,48,1,0,return_request,resolved
12760,1037,10297,,72,1,1,product_inquiry,pending
12761,1034,4231,,24,1,0,return_request,resolved
12762,1026,446,,8,1,0,return_request,resolved
12763,1024,41683,14,120,1,1,return_request,resolved
12764,1034,31935,,24,1,0,return_request,pending
12765,1038,39121,,168,1,1,technical_issue,resolved
12766,1032,7563,14,120,1,1,delivery_problem,resolved
12767,1029,4783,5,168,1,1,return_request,resolved
12768,1028,29575,,72,1,1,return_request,resolved
12769,1029,30732,1,24,1,0,billing_issue,resolved
12770,1030,2981,,24,1,0,delivery_problem,resolved
12771,1032,48563,,4,1,0,return_request,resolved
12772,1029,13438,,24,1,0,return_request,resolved
12773,1031,23502,,72,1,1,return_request,pending
12774,1029,36230,26,8,1,0,product_inquiry,pending
12775,1029,21420,,24,1,0,return_request,resolved
12776,1036,8915,,8,1,0,delivery_problem,resolved
12777,1033,49783,,48,1,0,return_request,resolved
12778,1028,12188,,120,1,1,return_request,resolved
12779,1026,857,,24,1,0,technical_issue,resolved
12780,1028,6017,,24,1,0,return_request,pending
12781,1030,37364,,8,1,0,warranty_claim,resolved
12782,1035,33732,,24,1,0,product_inquiry,resolved
12783,1026,25631,,72,1,1,return_request,resolved
12784,1035,26572,,48,1,0,return_request,resolved
12785,1030,37830,,48,1,0,technical_issue,resolved
12786,1036,19743,,4,1,0,return_request,resolved
12787,1039,14596,,120,1,1,return_request,pending
12788,1040,39887,,24,1,0,return_request,resolved
12789,1029,2204,,8,1,0,return_request,resolved
12790,1038,41649,,8,1,0,return_request,resolved
12791,1031,521,,120,1,1,return_request,resolved
12792,1029,33082,,72,1,1,return_request,resolved
12793,1027,46750,,24,1,0,billing_issue,resolved
12794,1032,36359,,4,1,0,return_request,in_progress
12795,1032,13056,,48,1,0,return_request,resolved
12796,1031,34660,,24,1,0,return_request,resolved
12797,1034,47588,,8,1,0,return_request,resolved
12798,1032,25477,,8,1,0,return_request,resolved
12799,1041,455,,48,1,0,return_request,resolved
12800,1029,40829,,4,1,0,billing_issue,resolved
12801,1033,41328,,24,1,0,return_request,resolved
12802,1030,16532,,48,1,0,return_request,resolved
12803,1040,4639,,8,1,0,return_request,resolved
12804,1036,40430,25,120,1,1,technical_issue,resolved
12805,1040,29476,4,72,1,1,return_request,pending
12806,1028,28437,,8,1,0,return_request,resolved
12807,1036,38876,,4,1,0,return_request,resolved
12808,1037,26537,,120,1,1,return_request,pending
12809,1036,6031,,4,1,0,return_request,resolved
12810,1036,30272,,48,1,0,return_request,resolved
12811,1037,6789,24,8,1,0,warranty_claim,resolved
12812,1033,28187,,4,1,0,return_request,resolved
12813,1033,9814,,48,1,0,delivery_problem,resolved
12814,1037,11495,,24,1,0,return_request,resolved
12815,1041,27983,,24,1,0,return_request,resolved
12816,1038,44476,,24,1,0,delivery_problem,resolved
12817,1030,33864,,72,1,1,return_request,in_progress
12818,1042,24590,23,72,1,1,return_request,resolved
12819,1031,35537,3,48,1,0,technical_issue,resolved
12820,1034,12168,,8,1,0,return_request,resolved
12821,1033,6259,,24,1,0,return_request,resolved
12822,1030,47359,,4,1,0,return_request,resolved
12823,1041,5789,,48,1,0,return_request,resolved
12824,1041,5497,,72,1,1,return_request,resolved
12825,1029,36969,,2,1,0,technical_issue,resolved
12826,1042,35784,,8,1,0,billing_issue,resolved
12827,1038,22399,,72,1,1,return_request,resolved
12828,1036,14297,,8,1,0,return_request,resolved
12829,1036,37098,,24,1,0,return_request,resolved
12830,1036,18016,,4,1,0,return_request,resolved
12831,1042,16939,,4,1,0,return_request,resolved
12832,1037,37147,,4,1,0,product_inquiry,resolved
12833,1044,29906,,8,1,0,technical_issue,resolved
12834,1034,23438,,2,1,0,return_request,pending
12835,1042,31670,,24,1,0,delivery_problem,in_progress
12836,1030,2076,,24,1,0,return_request,pending
12837,1039,40465,,24,1,0,return_request,resolved
12838,1030,34043,5,2,1,0,billing_issue,resolved
12839,1035,30298,,2,1,0,return_request,pending
12840,1032,30410,,8,1,0,return_request,resolved
12841,1044,21282,15,24,1,0,technical_issue,resolved
12842,1037,21011,,4,1,0,return_request,resolved
12843,1036,762,21,48,1,0,delivery_problem,resolved
12844,1043,8393,,72,1,1,return_request,resolved
12845,1042,15667,18,24,1,0,billing_issue,resolved
12846,1039,14083,,4,1,0,return_request,resolved
12847,1040,19126,,120,1,1,return_request,resolved
12848,1033,20462,,4,1,0,return_request,resolved
12849,1041,16814,,72,1,1,return_request,in_progress
12850,1046,35465,,8,1,0,return_request,in_progress
12851,1038,41086,,4,1,0,return_request,resolved
12852,1037,22819,3,4,1,0,return_request,resolved
12853,1037,46940,,72,1,1,delivery_problem,resolved
12854,1039,30801,,24,1,0,return_request,resolved
12855,1036,7357,7,72,1,1,technical_issue,resolved
12856,1040,42561,,72,1,1,return_request,resolved
12857,1036,20957,,8,1,0,return_request,resolved
12858,1034,12351,,2,1,0,return_request,resolved
12859,1043,31251,,8,1,0,delivery_problem,in_progress
12860,1044,42877,,48,1,0,return_request,resolved
12861,1036,24689,,168,1,1,return_request,resolved
12862,1039,43549,,72,1,1,return_request,resolved
12863,1045,49514,,4,1,0,return_request,resolved
12864,1047,32193,,120,1,1,return_request,resolved
12865,1033,20286,5,72,1,1,technical_issue,resolved
12866,1044,2683,,4,1,0,warranty_claim,resolved
12867,1035,7842,28,72,1,1,warranty_claim,resolved
12868,1033,29797,,24,1,0,return_request,resolved
12869,1038,38371,,24,1,0,return_request,pending
12870,1041,19818,,4,1,0,technical_issue,resolved
12871,1048,4685,,2,1,0,return_request,resolved
12872,1037,32610,,2,1,0,return_request,resolved
12873,1038,33983,,24,1,0,billing_issue,resolved
12874,1035,32776,,24,1,0,product_inquiry,in_progress
12875,1048,8622,,24,1,0,return_request,pending
12876,1049,24942,,8,1,0,return_request,in_progress
12877,1047,12896,,24,1,0,return_request,resolved
12878,1043,26368,,8,1,0,billing_issue,pending
12879,1041,13808,,2,1,0,return_request,resolved
12880,1047,21375,,8,1,0,return_request,pending
12881,1039,26603,,72,1,1,technical_issue,resolved
12882,1049,44471,,48,1,0,return_request,in_progress
12883,1047,35523,,8,1,0,return_request,resolved
12884,1046,28544,,4,1,0,return_request,resolved
12885,1040,16280,10,24,1,0,product_inquiry,resolved
12886,1048,44251,,4,1,0,return_request,in_progress
12887,1047,9592,,24,1,0,return_request,resolved
12888,1039,30048,,48,1,0,return_request,in_progress
12889,1041,39817,,120,1,1,return_request,pending
12890,1047,48820,,4,1,0,technical_issue,in_progress
12891,1036,15121,,4,1,0,return_request,resolved
12892,1048,25990,,8,1,0,return_request,resolved
12893,1046,20532,,168,1,1,return_request,resolved
12894,1036,13116,,48,1,0,return_request,resolved
12895,1037,12438,,4,1,0,return_request,resolved
12896,1047,429,,120,1,1,technical_issue,pending
12897,1050,20841,,8,1,0,return_request,resolved
12898,1044,6795,,4,1,0,delivery_problem,resolved
12899,1041,6746,,4,1,0,delivery_problem,resolved
12900,1043,49796,20,4,1,0,billing_issue,resolved
12901,1042,49880,,24,1,0,warranty_claim,resolved
12902,1047,28238,,48,1,0,return_request,pending
12903,1045,29882,,48,1,0,technical_issue,resolved
12904,1047,21500,,24,1,0,billing_issue,resolved
12905,1049,10467,,4,1,0,return_request,resolved
12906,1039,25555,,168,1,1,delivery_problem,in_progress
12907,1039,35758,,168,1,1,return_request,resolved
12908,1038,22087,,2,1,0,return_request,pending
12909,1049,37609,7,72,1,1,return_request,resolved
12910,1043,3238,26,4,1,0,product_inquiry,resolved
12911,1048,11040,,8,1,0,return_request,resolved
12912,1045,22926,,8,1,0,return_request,resolved
12913,1038,3589,,8,1,0,return_request,resolved
12914,1037,5680,,8,1,0,return_request,resolved
12915,1039,28288,21,48,1,0,return_request,resolved
12916,1042,17010,18,24,1,0,return_request,in_progress
12917,1046,22374,,24,1,0,product_inquiry,resolved
12918,1037,26832,21,2,1,0,technical_issue,resolved
12919,1041,14427,,24,1,0,return_request,in_progress
12920,1042,22612,,24,1,0,return_request,resolved
12921,1045,28044,,72,1,1,return_request,in_progress
12922,1045,15450,,24,1,0,billing_issue,resolved
12923,1040,41422,,8,1,0,return_request,resolved
12924,1044,40164,,2,1,0,delivery_problem,resolved
12925,1044,46677,,2,1,0,return_request,resolved
12926,1044,35896,,72,1,1,delivery_problem,resolved
12927,1039,16872,20,24,1,0,delivery_problem,resolved
12928,1048,38224,7,24,1,0,return_request,pending
12929,1041,38443,,2,1,0,return_request,resolved
12930,1047,49437,,4,1,0,return_request,pending
12931,1044,42121,,120,1,1,return_request,resolved
12932,1049,13892,,8,1,0,return_request,resolved
12933,1040,39357,,72,1,1,return_request,pending
12934,1039,45948,,2,1,0,return_request,resolved
12935,1044,31329,21,48,1,0,warranty_claim,resolved
12936,1044,26310,,72,1,1,return_request,resolved
12937,1051,17450,,24,1,0,return_request,resolved
12938,1051,14975,21,24,1,0,return_request,resolved
12939,1043,41273,25,24,1,0,delivery_problem,resolved
12940,1039,47611,,24,1,0,warranty_claim,resolved
12941,1048,48811,,168,1,1,return_request,resolved
12942,1048,26585,,24,1,0,return_request,in_progress
12943,1053,8347,,48,1,0,return_request,resolved
12944,1047,31493,,48,1,0,return_request,resolved
12945,1040,5663,,2,1,0,billing_issue,in_progress
12946,1049,8705,,24,1,0,return_request,pending
12947,1051,49967,,8,1,0,warranty_claim,resolved
12948,1043,43333,,48,1,0,return_request,resolved
12949,1052,39104,,72,1,1,return_request,resolved
12950,1053,28048,28,2,1,0,billing_issue,resolved
12951,1051,47040,,24,1,0,return_request,pending
12952,1041,36554,,4,1,0,return_request,resolved
12953,1043,20987,,8,1,0,warranty_claim,resolved
12954,1041,17440,,24,1,0,return_request,resolved
12955,1043,32935,8,120,1,1,delivery_problem,resolved
12956,1051,27051,,2,1,0,return_request,resolved
12957,1041,33180,17,8,1,0,warranty_claim,resolved
12958,1045,27828,,24,1,0,return_request,resolved
12959,1040,34500,,4,1,0,return_request,resolved
12960,1042,45356,,24,1,0,return_request,resolved
12961,1045,48067,,24,1,0,return_request,resolved
12962,1053,19422,,24,1,0,return_request,resolved
12963,1041,40832,,8,1,0,return_request,resolved
12964,1051,39865,6,24,1,0,return_request,resolved
12965,1044,3284,,24,1,0,delivery_problem,resolved
12966,1044,48985,16,48,1,0,technical_issue,in_progress
12967,1040,35355,,8,1,0,billing_issue,resolved
12968,1041,26221,14,8,1,0,product_inquiry,resolved
12969,1045,23521,,48,1,0,return_request,resolved
12970,1047,5613,,8,1,0,return_request,resolved
12971,1046,27444,9,8,1,0,technical_issue,in_progress
12972,1055,13926,,24,1,0,return_request,in_progress
12973,1043,31293,,4,1,0,return_request,resolved
12974,1050,47384,,24,1,0,return_request,resolved
12975,1046,48307,,24,1,0,technical_issue,resolved
12976,1051,24730,,24,1,0,return_request,resolved
12977,1042,12746,23,4,1,0,technical_issue,resolved
12978,1043,8526,,24,1,0,return_request,in_progress
12979,1046,25936,12,48,1,0,product_inquiry,resolved
12980,1050,33732,,120,1,1,return_request,resolved
12981,1046,19261,,2,1,0,return_request,resolved
12982,1055,47240,,4,1,0,return_request,resolved
12983,1041,48385,,48,1,0,return_request,in_progress
12984,1043,14208,,8,1,0,return_request,resolved
12985,1043,8155,,24,1,0,billing_issue,resolved
12986,1043,14444,,24,1,0,return_request,resolved
12987,1047,38341,,120,1,1,return_request,resolved
12988,1050,48983,,4,1,0,return_request,resolved
12989,1051,3925,,4,1,0,return_request,resolved
12990,1054,9749,,4,1,0,return_request,resolved
12991,1043,14385,,24,1,0,return_request,resolved
12992,1044,14717,,48,1,0,return_request,resolved
12993,1049,45772,,2,1,0,return_request,resolved
12994,1049,34801,,24,1,0,product_inquiry,resolved
12995,1045,11533,,48,1,0,return_request,resolved
12996,1044,10275,,8,1,0,return_request,resolved
12997,1042,44005,,8,1,0,return_request,resolved
12998,1042,141,,8,1,0,return_request,pending
12999,1047,13226,,8,1,0,return_request,resolved
13000,1053,31716,,120,1,1,return_request,resolved
13001,1050,11017,,48,1,0,return_request,resolved
13002,1049,6415,,2,1,0,product_inquiry,resolved
13003,1043,2355,12,4,1,0,technical_issue,in_progress
13004,1050,16736,,8,1,0,return_request,resolved
13005,1051,35341,,8,1,0,return_request,resolved
13006,1042,2217,,48,1,0,return_request,resolved
13007,1048,10586,,4,1,0,return_request,resolved
13008,1055,41566,,24,1,0,return_request,resolved
13009,1042,41525,,48,1,0,warranty_claim,resolved
13010,1054,6125,,24,1,0,technical_issue,in_progress
13011,1045,9376,,4,1,0,technical_issue,resolved
13012,1044,11551,,4,1,0,billing_issue,resolved
13013,1051,19303,,4,1,0,return_request,resolved
13014,1052,3142,,2,1,0,billing_issue,resolved
13015,1042,15807,4,4,1,0,delivery_problem,resolved
13016,1045,18391,,24,1,0,technical_issue,resolved
13017,1054,25802,,4,1,0,return_request,resolved
13018,1050,9967,,4,1,0,return_request,resolved
13019,1056,6057,,48,1,0,return_request,resolved
13020,1056,14683,5,168,1,1,delivery_problem,resolved
13021,1051,10343,,168,1,1,return_request,resolved
13022,1053,33198,,2,1,0,return_request,resolved
13023,1052,14898,,4,1,0,product_inquiry,resolved
13024,1054,36494,,8,1,0,return_request,resolved
13025,1048,35181,7,48,1,0,technical_issue,resolved
13026,1043,44762,,120,1,1,return_request,resolved
13027,1052,6614,,8,1,0,return_request,resolved
13028,1051,18183,,24,1,0,product_inquiry,resolved
13029,1050,5207,,4,1,0,return_request,resolved
13030,1046,43743,,24,1,0,return_request,resolved
13031,1055,2181,,48,1,0,technical_issue,resolved
13032,1058,15895,,8,1,0,return_request,resolved
13033,1046,28124,,24,1,0,delivery_problem,resolved
13034,1047,44824,,8,1,0,return_request,resolved
13035,1055,28657,,72,1,1,return_request,resolved
13036,1049,49224,,24,1,0,return_request,resolved
13037,1050,43669,,48,1,0,return_request,resolved
13038,1049,43900,,2,1,0,return_request,in_progress
13039,1048,44671,,48,1,0,return_request,resolved
13040,1044,39786,,24,1,0,return_request,pending
13041,1052,36480,,2,1,0,return_request,resolved
13042,1045,44409,,24,1,0,return_request,resolved
13043,1046,15476,,48,1,0,return_request,pending
13044,1044,19981,,4,1,0,warranty_claim,resolved
13045,1048,39029,,8,1,0,return_request,resolved
13046,1050,36422,,24,1,0,warranty_claim,resolved
13047,1049,17686,,48,1,0,return_request,resolved
13048,1056,28980,27,72,1,1,return_request,resolved
13049,1049,18931,,24,1,0,return_request,in_progress
13050,1058,21005,,24,1,0,return_request,in_progress
13051,1052,1044,,2,1,0,delivery_problem,in_progress
13052,1058,39979,,72,1,1,return_request,resolved
13053,1051,18060,,24,1,0,return_request,resolved
13054,1054,3179,,48,1,0,return_request,resolved
13055,1054,22838,,2,1,0,return_request,resolved
13056,1052,18457,,8,1,0,return_request,resolved
13057,1054,36885,18,120,1,1,delivery_problem,resolved
13058,1047,25020,,8,1,0,technical_issue,resolved
13059,1053,49203,,8,1,0,warranty_claim,in_progress
13060,1050,13546,28,2,1,0,delivery_problem,resolved
13061,1059,19255,,4,1,0,return_request,resolved
13062,1059,20154,,24,1,0,return_request,pending
13063,1050,13728,,24,1,0,technical_issue,resolved
13064,1058,32901,2,8,1,0,technical_issue,resolved
13065,1059,7594,,48,1,0,technical_issue,resolved
13066,1048,33170,,2,1,0,return_request,resolved
13067,1055,48295,,24,1,0,technical_issue,resolved
13068,1046,34034,,72,1,1,return_request,resolved
13069,1057,13117,,2,1,0,return_request,resolved
13070,1046,19600,23,24,1,0,billing_issue,resolved
13071,1045,16624,,8,1,0,return_request,in_progress
13072,1059,34362,,72,1,1,return_request,resolved
13073,1051,11756,,24,1,0,delivery_problem,resolved
13074,1051,39545,,120,1,1,return_request,resolved
13075,1048,40899,,4,1,0,warranty_claim,resolved
13076,1045,17739,,8,1,0,return_request,resolved
13077,1045,35941,,24,1,0,warranty_claim,resolved
13078,1050,2892,,24,1,0,return_request,resolved
13079,1054,32331,,24,1,0,technical_issue,resolved
13080,1049,17481,,72,1,1,return_request,resolved
13081,1058,43323,,2,1,0,return_request,resolved
13082,1058,3440,,48,1,0,return_request,resolved
13083,1049,30552,,4,1,0,return_request,resolved
13084,1048,4803,,8,1,0,return_request,resolved
13085,1051,6670,,8,1,0,return_request,resolved
13086,1060,8730,,2,1,0,return_request,resolved
13087,1051,47756,,8,1,0,return_request,resolved
13088,1059,37663,,24,1,0,return_request,pending
13089,1049,49530,,24,1,0,return_request,resolved
13090,1046,12413,8,4,1,0,billing_issue,resolved
13091,1060,11462,,8,1,0,return_request,resolved
13092,1051,55,,48,1,0,return_request,resolved
13093,1056,33130,,2,1,0,return_request,resolved
13094,1055,1229,,8,1,0,return_request,resolved
13095,1047,1831,12,2,1,0,delivery_problem,resolved
13096,1052,31147,,72,1,1,return_request,resolved
13097,1057,19724,,8,1,0,billing_issue,resolved
13098,1046,23117,,48,1,0,return_request,in_progress
13099,1048,14879,,24,1,0,return_request,resolved
13100,1052,44994,,24,1,0,return_request,resolved
13101,1060,16093,,4,1,0,return_request,resolved
13102,1053,10320,,8,1,0,delivery_problem,in_progress
13103,1061,21076,,48,1,0,return_request,in_progress
13104,1055,27957,,8,1,0,product_inquiry,pending
13105,1061,910,,48,1,0,technical_issue,resolved
13106,1061,5801,,24,1,0,return_request,resolved
13107,1050,29014,,8,1,0,return_request,pending
13108,1047,18017,,72,1,1,billing_issue,resolved
13109,1053,36246,,8,1,0,return_request,in_progress
13110,1058,40256,,2,1,0,return_request,pending
13111,1059,11205,,8,1,0,delivery_problem,resolved
13112,1055,13178,,120,1,1,return_request,pending
13113,1048,330,,4,1,0,return_request,resolved
13114,1053,40477,,4,1,0,return_request,resolved
13115,1057,11708,14,4,1,0,return_request,resolved
13116,1054,45356,,8,1,0,delivery_problem,resolved
13117,1060,42741,,8,1,0,return_request,resolved
13118,1059,2805,,48,1,0,return_request,resolved
13119,1050,28217,,2,1,0,return_request,pending
13120,1059,19334,,8,1,0,return_request,resolved
13121,1053,12435,3,8,1,0,return_request,resolved
13122,1056,27330,,8,1,0,return_request,resolved
13123,1061,27831,,24,1,0,return_request,in_progress
13124,1054,10774,,2,1,0,return_request,resolved
13125,1049,19662,,24,1,0,return_request,resolved
13126,1062,39874,,72,1,1,return_request,resolved
13127,1051,49642,,24,1,0,return_request,in_progress
13128,1049,4601,,72,1,1,return_request,resolved
13129,1051,8943,,8,1,0,return_request,resolved
13130,1060,6475,,4,1,0,return_request,resolved
13131,1053,45550,,8,1,0,return_request,resolved
13132,1053,3257,,24,1,0,return_request,pending
13133,1061,2574,,8,1,0,return_request,pending
13134,1050,13832,,168,1,1,technical_issue,in_progress
13135,1050,533,,24,1,0,product_inquiry,resolved
13136,1057,15060,,2,1,0,technical_issue,resolved
13137,1060,20560,,8,1,0,return_request,resolved
13138,1057,18119,23,2,1,0,product_inquiry,resolved
13139,1054,22392,,2,1,0,return_request,resolved
13140,1060,49885,,4,1,0,return_request,resolved
13141,1055,25178,,24,1,0,technical_issue,resolved
13142,1051,2431,,24,1,0,technical_issue,pending
13143,1052,36838,,4,1,0,return_request,resolved
13144,1050,18377,,24,1,0,return_request,resolved
13145,1063,45365,,4,1,0,return_request,resolved
13146,1053,18444,,24,1,0,return_request,resolved
13147,1056,11209,21,8,1,0,delivery_problem,resolved
13148,1049,27509,,24,1,0,return_request,resolved
13149,1056,9106,,24,1,0,return_request,resolved
13150,1049,2993,,72,1,1,return_request,resolved
13151,1057,44179,,24,1,0,return_request,resolved
13152,1063,4919,,8,1,0,return_request,resolved
13153,1052,5912,,48,1,0,return_request,resolved
13154,1062,43470,,2,1,0,return_request,in_progress
13155,1055,2771,,2,1,0,return_request,resolved
13156,1064,31206,,168,1,1,technical_issue,resolved
13157,1063,5601,,48,1,0,return_request,resolved
13158,1055,5597,,48,1,0,return_request,resolved
13159,1054,23283,,2,1,0,return_request,resolved
13160,1062,28840,,72,1,1,return_request,resolved
13161,1062,11703,12,24,1,0,technical_issue,resolved
13162,1052,15769,19,48,1,0,return_request,pending
13163,1054,39725,,24,1,0,return_request,pending
13164,1052,34858,,4,1,0,return_request,resolved
13165,1050,41010,,48,1,0,return_request,resolved
13166,1062,36795,,8,1,0,return_request,resolved
13167,1050,23661,,24,1,0,return_request,resolved
13168,1052,38185,,2,1,0,return_request,pending
13169,1054,19454,,72,1,1,return_request,resolved
13170,1053,48013,28,8,1,0,return_request,pending
13171,1055,6644,,4,1,0,return_request,resolved
13172,1061,31060,14,120,1,1,delivery_problem,resolved
13173,1050,15446,,48,1,0,return_request,resolved
13174,1064,47362,,72,1,1,technical_issue,resolved
13175,1055,28878,,24,1,0,return_request,resolved
13176,1055,42320,,8,1,0,return_request,resolved
13177,1058,23395,,24,1,0,return_request,pending
13178,1063,29658,,8,1,0,return_request,in_progress
13179,1051,20538,,72,1,1,technical_issue,resolved
13180,1064,7766,,168,1,1,return_request,resolved
13181,1061,44001,,4,1,0,return_request,resolved
13182,1051,12172,,72,1,1,return_request,resolved
13183,1065,41018,,8,1,0,billing_issue,resolved
13184,1052,41414,,4,1,0,delivery_problem,resolved
13185,1065,38412,20,24,1,0,product_inquiry,resolved
13186,1052,26311,12,24,1,0,return_request,pending
13187,1051,14574,,4,1,0,return_request,resolved
13188,1064,14872,,8,1,0,return_request,resolved
13189,1053,34990,,120,1,1,return_request,resolved
13190,1052,7120,,8,1,0,return_request,resolved
13191,1061,1071,,24,1,0,return_request,resolved
13192,1054,41757,,24,1,0,return_request,pending
13193,1052,37307,10,4,1,0,billing_issue,resolved
13194,1052,23565,,4,1,0,return_request,resolved
13195,1051,46107,,4,1,0,return_request,resolved
13196,1052,26586,15,120,1,1,technical_issue,in_progress
13197,1059,18353,,24,1,0,technical_issue,resolved
13198,1065,38176,,24,1,0,return_request,resolved
13199,1066,38707,,8,1,0,return_request,pending
13200,1060,14960,,8,1,0,return_request,resolved
13201,1061,34953,,24,1,0,return_request,resolved
13202,1054,48162,,120,1,1,warranty_claim,resolved
13203,1056,13835,,48,1,0,return_request,resolved
13204,1063,25579,,24,1,0,return_request,resolved
13205,1059,34653,,8,1,0,return_request,resolved
13206,1058,8690,,48,1,0,return_request,resolved
13207,1065,15539,,2,1,0,return_request,resolved
13208,1060,8170,,72,1,1,technical_issue,resolved
13209,1053,41664,,24,1,0,return_request,in_progress
13210,1054,21266,,8,1,0,return_request,resolved
13211,1056,17641,,24,1,0,technical_issue,resolved
13212,1063,34222,,24,1,0,return_request,resolved
13213,1058,5802,6,24,1,0,technical_issue,resolved
13214,1064,30609,,2,1,0,warranty_claim,in_progress
13215,1059,48903,,8,1,0,billing_issue,resolved
13216,1061,44213,,4,1,0,product_inquiry,resolved
13217,1062,1764,,4,1,0,technical_issue,pending
13218,1058,21247,,24,1,0,return_request,resolved
13219,1061,6179,,4,1,0,return_request,resolved
13220,1067,12475,,24,1,0,return_request,pending
13221,1066,35272,,2,1,0,technical_issue,resolved
13222,1058,8995,,48,1,0,return_request,in_progress
13223,1061,47391,,8,1,0,return_request,resolved
13224,1062,34774,,48,1,0,return_request,in_progress
13225,1053,41827,,24,1,0,return_request,resolved
13226,1066,9171,,120,1,1,return_request,resolved
13227,1058,47614,,24,1,0,return_request,resolved
13228,1065,10184,,72,1,1,warranty_claim,resolved
13229,1064,6850,13,8,1,0,technical_issue,resolved
13230,1054,16861,,8,1,0,return_request,resolved
13231,1067,30763,,24,1,0,billing_issue,resolved
13232,1054,18074,,2,1,0,return_request,pending
13233,1068,37255,,8,1,0,billing_issue,resolved
13234,1067,6873,,48,1,0,return_request,resolved
13235,1068,6441,,24,1,0,return_request,resolved
13236,1057,48409,,8,1,0,return_request,resolved
13237,1068,28250,,48,1,0,return_request,resolved
13238,1065,1123,,48,1,0,return_request,resolved
13239,1063,31081,,24,1,0,return_request,resolved
13240,1067,39136,,8,1,0,return_request,resolved
13241,1055,30515,,2,1,0,return_request,resolved
13242,1058,31642,,48,1,0,return_request,resolved
13243,1063,30244,,4,1,0,return_request,resolved
13244,1063,7083,,48,1,0,return_request,resolved
13245,1057,38351,,8,1,0,return_request,resolved
13246,1057,15599,28,24,1,0,billing_issue,resolved
13247,1060,31206,,8,1,0,billing_issue,resolved
13248,1056,19731,,8,1,0,return_request,resolved
13249,1056,15512,,120,1,1,return_request,resolved
13250,1065,18450,,2,1,0,return_request,resolved
13251,1063,48600,,24,1,0,return_request,resolved
13252,1062,47382,15,8,1,0,delivery_problem,resolved
13253,1068,18959,,4,1,0,return_request,resolved
13254,1059,34953,,4,1,0,product_inquiry,resolved
13255,1057,22240,,24,1,0,return_request,resolved
13256,1063,22513,,4,1,0,return_request,pending
13257,1056,42484,,2,1,0,return_request,resolved
13258,1057,31726,,168,1,1,product_inquiry,resolved
13259,1069,15583,,24,1,0,return_request,resolved
13260,1058,43357,,8,1,0,return_request,resolved
13261,1056,28520,,24,1,0,delivery_problem,in_progress
13262,1061,4609,19,72,1,1,return_request,pending
13263,1056,48937,,8,1,0,billing_issue,resolved
13264,1063,3605,19,72,1,1,delivery_problem,resolved
13265,1059,30607,,72,1,1,technical_issue,resolved
13266,1058,27679,,24,1,0,return_request,resolved
13267,1058,6916,,48,1,0,return_request,pending
13268,1070,46344,,4,1,0,return_request,resolved
13269,1058,3229,,2,1,0,return_request,resolved
13270,1060,21410,,4,1,0,return_request,resolved
13271,1067,8532,,72,1,1,return_request,resolved
13272,1066,3855,,8,1,0,return_request,resolved
13273,1068,13525,,8,1,0,delivery_problem,resolved
13274,1062,17942,,2,1,0,return_request,in_progress
13275,1061,17140,,120,1,1,return_request,resolved
13276,1068,47998,,8,1,0,product_inquiry,resolved
13277,1060,31676,,8,1,0,return_request,resolved
13278,1067,7,19,48,1,0,product_inquiry,resolved
13279,1069,11286,,8,1,0,return_request,resolved
13280,1057,21075,,4,1,0,return_request,resolved
13281,1068,3233,,4,1,0,return_request,resolved
13282,1071,22909,,2,1,0,return_request,resolved
13283,1057,44648,,4,1,0,return_request,resolved
13284,1068,5416,,72,1,1,delivery_problem,resolved
13285,1067,42000,,2,1,0,return_request,pending
13286,1070,47664,1,24,1,0,warranty_claim,resolved
13287,1059,18845,,72,1,1,return_request,resolved
13288,1058,14050,,48,1,0,return_request,resolved
13289,1069,34137,,24,1,0,return_request,resolved
13290,1069,13106,16,8,1,0,product_inquiry,resolved
13291,1071,11587,,24,1,0,return_request,resolved
13292,1068,11885,,4,1,0,return_request,resolved
13293,1059,36077,,24,1,0,return_request,resolved
13294,1060,39882,23,24,1,0,return_request,resolved
13295,1061,35299,,4,1,0,return_request,resolved
13296,1061,23528,21,48,1,0,delivery_problem,resolved
13297,1058,15510,,48,1,0,return_request,resolved
13298,1065,33077,,24,1,0,billing_issue,resolved
13299,1061,13508,,24,1,0,return_request,resolved
13300,1072,15057,,48,1,0,return_request,pending
13301,1068,36485,,8,1,0,return_request,resolved
13302,1063,12989,9,4,1,0,billing_issue,resolved
13303,1059,2362,,48,1,0,return_request,resolved
13304,1058,31494,,48,1,0,delivery_problem,resolved
13305,1066,47800,,48,1,0,return_request,resolved
13306,1063,26407,,8,1,0,return_request,resolved
13307,1058,4333,,48,1,0,product_inquiry,resolved
13308,1068,35962,,72,1,1,billing_issue,resolved
13309,1072,41317,,8,1,0,return_request,resolved
13310,1060,32449,,48,1,0,delivery_problem,resolved
13311,1065,42894,,2,1,0,technical_issue,pending
13312,1068,35767,,24,1,0,return_request,resolved
13313,1072,42898,,24,1,0,return_request,pending
13314,1065,21657,,72,1,1,return_request,resolved
13315,1063,12357,,8,1,0,return_request,resolved
13316,1059,27065,,4,1,0,product_inquiry,resolved
13317,1064,15730,,8,1,0,return_request,resolved
13318,1071,9093,,2,1,0,return_request,resolved
13319,1062,46948,,24,1,0,return_request,resolved
13320,1062,42326,,48,1,0,return_request,resolved
13321,1058,11369,,24,1,0,technical_issue,resolved
13322,1058,13559,14,72,1,1,return_request,resolved
13323,1066,40249,,72,1,1,return_request,resolved
13324,1062,15229,17,2,1,0,technical_issue,resolved
13325,1071,30980,,4,1,0,return_request,resolved
13326,1063,36933,,8,1,0,return_request,resolved
13327,1066,6116,21,24,1,0,billing_issue,resolved
13328,1068,17349,,8,1,0,return_request,resolved
13329,1062,12215,,72,1,1,delivery_problem,resolved
13330,1061,13165,,120,1,1,return_request,resolved
13331,1061,41575,,8,1,0,return_request,resolved
13332,1069,12848,,48,1,0,return_request,resolved
13333,1069,42486,18,48,1,0,technical_issue,resolved
13334,1067,29179,,48,1,0,delivery_problem,resolved
13335,1069,12711,24,120,1,1,product_inquiry,resolved
13336,1060,45423,,24,1,0,delivery_problem,resolved
13337,1065,9844,,2,1,0,return_request,resolved
13338,1068,18248,,48,1,0,return_request,pending
13339,1068,771,,2,1,0,return_request,resolved
13340,1061,35880,,24,1,0,return_request,resolved
13341,1068,16041,,8,1,0,warranty_claim,resolved
13342,1065,32328,,2,1,0,billing_issue,resolved
13343,1064,38960,,8,1,0,return_request,resolved
13344,1073,20323,,2,1,0,return_request,resolved
13345,1071,9251,,4,1,0,billing_issue,resolved
13346,1060,12239,,8,1,0,return_request,resolved
13347,1071,9055,,8,1,0,return_request,resolved
13348,1064,4664,,24,1,0,return_request,resolved
13349,1061,10144,,24,1,0,technical_issue,resolved
13350,1071,22509,,2,1,0,billing_issue,resolved
13351,1071,25789,,72,1,1,return_request,in_progress
13352,1060,16251,,120,1,1,return_request,pending
13353,1068,31280,,72,1,1,product_inquiry,pending
13354,1069,26565,21,48,1,0,delivery_problem,resolved
13355,1072,23874,,48,1,0,return_request,resolved
13356,1065,42480,,24,1,0,return_request,resolved
13357,1066,10249,,72,1,1,technical_issue,pending
13358,1061,7748,,120,1,1,return_request,resolved
13359,1072,10525,10,72,1,1,billing_issue,resolved
13360,1073,19457,,48,1,0,return_request,resolved
13361,1067,32716,,48,1,0,return_request,resolved
13362,1074,32310,,2,1,0,return_request,resolved
13363,1073,33038,,4,1,0,warranty_claim,resolved
13364,1064,3685,,8,1,0,return_request,resolved
13365,1065,6526,,120,1,1,return_request,resolved
13366,1060,44834,,48,1,0,return_request,resolved
13367,1072,25190,,4,1,0,return_request,resolved
13368,1062,31457,,8,1,0,billing_issue,resolved
13369,1067,37986,,8,1,0,return_request,resolved
13370,1065,34835,,48,1,0,return_request,resolved
13371,1061,21221,,72,1,1,return_request,resolved
13372,1074,41541,,72,1,1,return_request,resolved
13373,1065,15612,,24,1,0,return_request,resolved
13374,1073,9758,24,24,1,0,delivery_problem,resolved
13375,1072,36427,,24,1,0,return_request,resolved
13376,1072,46058,,24,1,0,billing_issue,resolved
13377,1070,28174,,24,1,0,delivery_problem,resolved
13378,1069,639,,8,1,0,return_request,resolved
13379,1068,35678,5,24,1,0,billing_issue,resolved
13380,1075,28020,16,48,1,0,technical_issue,resolved
13381,1061,42427,,168,1,1,return_request,resolved
13382,1066,40181,17,8,1,0,delivery_problem,resolved
13383,1066,33163,,24,1,0,technical_issue,resolved
13384,1061,40498,,24,1,0,technical_issue,pending
13385,1071,13504,,24,1,0,return_request,pending
13386,1072,35424,,2,1,0,return_request,resolved
13387,1068,49860,19,48,1,0,return_request,pending
13388,1064,44883,,8,1,0,billing_issue,resolved
13389,1072,27451,,48,1,0,return_request,resolved
13390,1066,17689,,120,1,1,return_request,resolved
13391,1068,212,,8,1,0,delivery_problem,resolved
13392,1065,34885,7,8,1,0,delivery_problem,resolved
13393,1064,5076,,24,1,0,return_request,resolved
13394,1074,47682,,4,1,0,return_request,resolved
13395,1068,48124,,24,1,0,product_inquiry,resolved
13396,1074,46307,23,2,1,0,delivery_problem,resolved
13397,1065,44056,,24,1,0,return_request,pending
13398,1064,41696,,24,1,0,return_request,resolved
13399,1065,26350,7,72,1,1,product_inquiry,resolved
13400,1067,26453,6,24,1,0,product_inquiry,resolved
13401,1068,3998,,24,1,0,return_request,resolved
13402,1072,41668,,2,1,0,warranty_claim,resolved
13403,1071,19426,,72,1,1,return_request,resolved
13404,1062,43517,,48,1,0,return_request,resolved
13405,1075,31588,,48,1,0,return_request,in_progress
13406,1075,45567,,8,1,0,return_request,resolved
13407,1070,28477,,72,1,1,return_request,resolved
13408,1076,18942,,8,1,0,return_request,resolved
13409,1068,14071,13,8,1,0,delivery_problem,in_progress
13410,1064,12110,,2,1,0,technical_issue,resolved
13411,1074,4323,,8,1,0,return_request,resolved
13412,1075,22327,,8,1,0,billing_issue,resolved
13413,1063,31109,,24,1,0,product_inquiry,resolved
13414,1071,49381,,8,1,0,return_request,resolved
13415,1074,5199,,48,1,0,return_request,resolved
13416,1068,5455,,8,1,0,return_request,resolved
13417,1064,45551,,120,1,1,return_request,resolved
13418,1074,40258,,8,1,0,return_request,resolved
13419,1074,42527,,24,1,0,return_request,resolved
13420,1076,16194,,8,1,0,return_request,resolved
13421,1070,5018,,48,1,0,return_request,resolved
13422,1063,27269,,4,1,0,return_request,resolved
13423,1075,19609,25,48,1,0,delivery_problem,resolved
13424,1068,46090,,24,1,0,return_request,resolved
13425,1066,26670,,48,1,0,technical_issue,pending
13426,1075,29050,,8,1,0,return_request,resolved
13427,1068,38101,,120,1,1,technical_issue,resolved
13428,1064,9445,,24,1,0,return_request,pending
13429,1068,14794,,8,1,0,product_inquiry,resolved
13430,1066,24955,,4,1,0,warranty_claim,resolved
13431,1073,22384,25,8,1,0,delivery_problem,resolved
13432,1076,26850,,120,1,1,return_request,resolved
13433,1069,8055,,8,1,0,technical_issue,resolved
13434,1074,29633,,168,1,1,return_request,resolved
13435,1064,32960,,72,1,1,return_request,resolved
13436,1069,24464,,8,1,0,return_request,resolved
13437,1071,39831,,24,1,0,delivery_problem,resolved
13438,1076,41083,,8,1,0,return_request,resolved
13439,1077,18823,,8,1,0,return_request,pending
13440,1075,27232,,8,1,0,return_request,resolved
13441,1066,36151,,8,1,0,return_request,resolved
13442,1067,14611,,168,1,1,return_request,resolved
13443,1073,5294,19,24,1,0,delivery_problem,resolved
13444,1072,47715,,8,1,0,return_request,resolved
13445,1064,15952,,4,1,0,return_request,resolved
13446,1067,35307,,4,1,0,billing_issue,resolved
13447,1071,5644,,24,1,0,return_request,resolved
13448,1070,36042,,24,1,0,billing_issue,resolved
13449,1076,34972,17,24,1,0,product_inquiry,resolved
13450,1064,39381,,24,1,0,return_request,resolved
13451,1069,36953,,48,1,0,technical_issue,in_progress
13452,1073,11313,,2,1,0,return_request,resolved
13453,1074,27886,,2,1,0,return_request,resolved
13454,1071,34983,,4,1,0,return_request,resolved
13455,1073,30310,,48,1,0,return_request,pending
13456,1073,39301,,24,1,0,return_request,resolved
13457,1070,11242,,72,1,1,return_request,resolved
13458,1070,38252,,24,1,0,return_request,in_progress
13459,1072,49383,2,24,1,0,technical_issue,resolved
13460,1075,37654,,8,1,0,return_request,resolved
13461,1075,3613,,8,1,0,return_request,resolved
13462,1075,36697,,8,1,0,return_request,resolved
13463,1077,25792,,24,1,0,return_request,resolved
13464,1065,27457,,8,1,0,return_request,resolved
13465,1065,7536,,24,1,0,return_request,resolved
13466,1065,40453,,48,1,0,return_request,resolved
13467,1074,11068,,8,1,0,return_request,resolved
13468,1078,21190,,48,1,0,return_request,in_progress
13469,1077,27882,,4,1,0,return_request,resolved
13470,1075,34829,,120,1,1,return_request,resolved
13471,1065,33409,,48,1,0,warranty_claim,resolved
13472,1064,39593,,4,1,0,return_request,resolved
13473,1076,40942,,120,1,1,return_request,pending
13474,1064,46919,14,24,1,0,delivery_problem,resolved
13475,1078,7972,,8,1,0,product_inquiry,resolved
13476,1064,9820,,24,1,0,technical_issue,in_progress
13477,1073,26801,,24,1,0,return_request,resolved
13478,1068,27912,,4,1,0,technical_issue,pending
13479,1071,31582,,2,1,0,delivery_problem,resolved
13480,1074,8259,25,2,1,0,product_inquiry,pending
13481,1068,11421,,8,1,0,return_request,in_progress
13482,1075,2434,,168,1,1,billing_issue,resolved
13483,1065,13470,,72,1,1,return_request,resolved
13484,1073,26223,21,48,1,0,warranty_claim,pending
13485,1065,16593,,24,1,0,return_request,resolved
13486,1067,3190,19,24,1,0,product_inquiry,resolved
13487,1069,38528,,24,1,0,return_request,resolved
13488,1071,25829,4,48,1,0,technical_issue,pending
13489,1073,31058,,48,1,0,return_request,resolved
13490,1064,777,,24,1,0,product_inquiry,resolved
13491,1074,15574,14,2,1,0,technical_issue,resolved
13492,1072,42066,2,24,1,0,technical_issue,resolved
13493,1070,44678,10,48,1,0,technical_issue,resolved
13494,1073,8684,27,8,1,0,billing_issue,resolved
13495,1077,44304,,8,1,0,return_request,resolved
13496,1071,41180,,24,1,0,billing_issue,in_progress
13497,1074,22343,,24,1,0,return_request,resolved
13498,1068,40431,,24,1,0,billing_issue,resolved
13499,1070,17608,11,24,1,0,billing_issue,resolved
13500,1073,5376,,8,1,0,return_request,resolved
13501,1065,29175,,2,1,0,delivery_problem,resolved
13502,1066,5229,,48,1,0,return_request,resolved
13503,1070,41300,,72,1,1,return_request,resolved
13504,1073,21369,,72,1,1,return_request,resolved
13505,1075,41498,,48,1,0,return_request,resolved
13506,1078,409,,8,1,0,return_request,resolved
13507,1065,28223,,48,1,0,delivery_problem,resolved
13508,1069,1568,,8,1,0,return_request,resolved
13509,1069,46353,,24,1,0,return_request,resolved
13510,1077,6025,,8,1,0,warranty_claim,resolved
13511,1074,12372,,72,1,1,delivery_problem,resolved
13512,1065,13662,,24,1,0,technical_issue,resolved
13513,1064,35637,,4,1,0,return_request,resolved
13514,1078,11171,,72,1,1,return_request,resolved
13515,1065,5545,,24,1,0,return_request,resolved
13516,1071,22230,,8,1,0,return_request,in_progress
13517,1077,24774,,8,1,0,return_request,resolved
13518,1078,21897,,48,1,0,technical_issue,resolved
13519,1070,34456,,120,1,1,return_request,pending
13520,1069,16652,,24,1,0,return_request,resolved
13521,1071,35729,9,72,1,1,technical_issue,resolved
13522,1069,25408,,2,1,0,return_request,pending
13523,1072,48258,,4,1,0,return_request,resolved
13524,1069,938,,24,1,0,return_request,resolved
13525,1075,27283,,8,1,0,return_request,in_progress
13526,1066,35046,,48,1,0,technical_issue,in_progress
13527,1073,36911,,72,1,1,return_request,resolved
13528,1065,36860,,4,1,0,return_request,resolved
13529,1075,24744,,2,1,0,return_request,pending
13530,1077,24964,,48,1,0,return_request,resolved
13531,1069,383,,48,1,0,return_request,resolved
13532,1070,28181,,8,1,0,return_request,resolved
13533,1074,3777,,72,1,1,return_request,resolved
13534,1068,32219,,2,1,0,return_request,resolved
13535,1077,22549,14,24,1,0,warranty_claim,resolved
13536,1077,19367,,48,1,0,delivery_problem,resolved
13537,1077,36444,,8,1,0,return_request,resolved
13538,1075,42877,,8,1,0,return_request,resolved
13539,1066,5476,,4,1,0,product_inquiry,resolved
13540,1076,11884,1,48,1,0,billing_issue,resolved
13541,1075,43128,,8,1,0,return_request,resolved
13542,1077,47794,,4,1,0,return_request,resolved
13543,1065,46700,,24,1,0,return_request,resolved
13544,1076,39330,,8,1,0,return_request,resolved
13545,1071,41751,,72,1,1,return_request,resolved
13546,1075,37624,,120,1,1,product_inquiry,resolved
13547,1080,29403,7,4,1,0,delivery_problem,pending
13548,1071,32527,22,48,1,0,warranty_claim,resolved
13549,1067,27188,,24,1,0,return_request,resolved
13550,1077,43038,,4,1,0,return_request,resolved
13551,1068,24488,,4,1,0,technical_issue,resolved
13552,1071,2848,,4,1,0,return_request,resolved
13553,1071,15537,,24,1,0,warranty_claim,resolved
13554,1074,684,,24,1,0,return_request,resolved
13555,1069,38890,7,48,1,0,delivery_problem,resolved
13556,1071,15055,,4,1,0,technical_issue,resolved
13557,1078,49147,,24,1,0,technical_issue,resolved
13558,1073,15771,,2,1,0,delivery_problem,resolved
13559,1071,38846,,24,1,0,return_request,resolved
13560,1067,10665,,8,1,0,return_request,pending
13561,1071,3444,,2,1,0,return_request,resolved
13562,1070,22993,28,8,1,0,technical_issue,resolved
13563,1078,25259,,120,1,1,warranty_claim,resolved
13564,1076,44921,,2,1,0,return_request,resolved
13565,1074,40322,,2,1,0,warranty_claim,resolved
13566,1075,16865,17,72,1,1,warranty_claim,resolved
13567,1066,13056,,4,1,0,return_request,resolved
13568,1069,22067,,24,1,0,return_request,resolved
13569,1072,49012,,48,1,0,return_request,resolved
13570,1075,6140,,2,1,0,return_request,resolved
13571,1069,42501,,8,1,0,return_request,resolved
13572,1074,42573,,8,1,0,return_request,resolved
13573,1069,14188,,72,1,1,return_request,resolved
13574,1078,12991,,168,1,1,return_request,resolved
13575,1079,6116,,48,1,0,return_request,in_progress
13576,1080,44796,,2,1,0,return_request,resolved
13577,1074,29373,,4,1,0,billing_issue,resolved
13578,1068,33437,,24,1,0,billing_issue,resolved
13579,1068,4387,,48,1,0,return_request,resolved
13580,1076,33261,,4,1,0,technical_issue,resolved
13581,1072,30047,,24,1,0,return_request,resolved
13582,1072,19642,11,24,1,0,return_request,resolved
13583,1073,16180,,4,1,0,return_request,resolved
13584,1079,21111,,24,1,0,return_request,resolved
13585,1069,49085,25,120,1,1,billing_issue,resolved
13586,1071,24580,,2,1,0,return_request,resolved
13587,1071,43500,,8,1,0,return_request,resolved
13588,1075,42455,,4,1,0,billing_issue,resolved
13589,1078,16732,,24,1,0,return_request,resolved
13590,1081,3750,,120,1,1,billing_issue,pending
13591,1074,34745,,8,1,0,return_request,resolved
13592,1074,31313,,2,1,0,return_request,resolved
13593,1072,18759,,24,1,0,return_request,resolved
13594,1075,2681,,2,1,0,return_request,resolved
13595,1080,25851,,24,1,0,return_request,resolved
13596,1071,32448,,48,1,0,technical_issue,resolved
13597,1067,47772,,2,1,0,return_request,resolved
13598,1076,32597,18,24,1,0,delivery_problem,resolved
13599,1080,13201,,24,1,0,return_request,resolved
13600,1073,29252,,4,1,0,warranty_claim,resolved
13601,1072,21134,,72,1,1,return_request,resolved
13602,1077,35658,,24,1,0,return_request,resolved
13603,1080,10454,,8,1,0,return_request,resolved
13604,1076,47209,,24,1,0,product_inquiry,resolved
13605,1078,36265,,120,1,1,return_request,resolved
13606,1069,26207,,24,1,0,return_request,resolved
13607,1074,33420,9,48,1,0,technical_issue,resolved
13608,1070,42347,,48,1,0,return_request,in_progress
13609,1077,41086,,4,1,0,return_request,resolved
13610,1069,34104,,72,1,1,return_request,resolved
13611,1068,39157,8,120,1,1,technical_issue,resolved
13612,1082,23601,,8,1,0,return_request,resolved
13613,1073,26313,,8,1,0,return_request,resolved
13614,1074,33478,24,48,1,0,billing_issue,resolved
13615,1076,3153,,2,1,0,warranty_claim,resolved
13616,1074,20911,,8,1,0,return_request,resolved
13617,1082,28548,,4,1,0,return_request,resolved
13618,1079,24694,,4,1,0,return_request,resolved
13619,1074,4434,,24,1,0,return_request,resolved
13620,1079,15738,,72,1,1,return_request,in_progress
13621,1078,30105,,24,1,0,return_request,resolved
13622,1083,29146,,4,1,0,product_inquiry,resolved
13623,1082,18677,,8,1,0,technical_issue,resolved
13624,1072,7062,,8,1,0,technical_issue,resolved
13625,1072,12240,,24,1,0,return_request,resolved
13626,1069,21603,,24,1,0,return_request,resolved
13627,1083,5045,,24,1,0,return_request,resolved
13628,1078,17329,,48,1,0,return_request,resolved
13629,1083,14300,19,24,1,0,delivery_problem,resolved
13630,1083,18931,,24,1,0,return_request,in_progress
13631,1080,19033,,24,1,0,return_request,resolved
13632,1075,14729,,120,1,1,delivery_problem,resolved
13633,1076,15468,,48,1,0,return_request,resolved
13634,1081,12850,,24,1,0,product_inquiry,resolved
13635,1078,37183,,24,1,0,delivery_problem,resolved
13636,1073,45407,17,120,1,1,technical_issue,resolved
13637,1071,18327,,48,1,0,return_request,pending
13638,1082,5453,,8,1,0,return_request,resolved
13639,1070,32306,,8,1,0,return_request,resolved
13640,1075,33525,,4,1,0,warranty_claim,resolved
13641,1083,7832,,4,1,0,product_inquiry,resolved
13642,1083,26827,,4,1,0,return_request,resolved
13643,1077,25286,,8,1,0,delivery_problem,resolved
13644,1075,43399,,2,1,0,return_request,pending
13645,1082,8228,,48,1,0,return_request,resolved
13646,1073,26234,,8,1,0,technical_issue,pending
13647,1083,34877,,24,1,0,return_request,resolved
13648,1083,5012,,24,1,0,return_request,resolved
13649,1070,2442,5,24,1,0,technical_issue,resolved
13650,1079,36173,17,8,1,0,billing_issue,resolved
13651,1070,38757,,48,1,0,return_request,resolved
13652,1079,20103,13,24,1,0,technical_issue,resolved
13653,1071,47958,,48,1,0,return_request,resolved
13654,1070,11896,,4,1,0,technical_issue,resolved
13655,1077,20506,9,2,1,0,delivery_problem,resolved
13656,1076,3393,,24,1,0,return_request,resolved
13657,1073,20244,,4,1,0,return_request,resolved
13658,1079,47848,,4,1,0,return_request,resolved
13659,1075,13543,16,8,1,0,billing_issue,resolved
13660,1083,1010,,24,1,0,technical_issue,resolved
13661,1074,794,,72,1,1,return_request,in_progress
13662,1083,22010,,48,1,0,return_request,resolved
13663,1074,26503,,8,1,0,warranty_claim,pending
13664,1074,17270,,8,1,0,return_request,in_progress
13665,1085,8947,,72,1,1,return_request,resolved
13666,1071,4547,,72,1,1,return_request,resolved
13667,1079,979,,2,1,0,delivery_problem,resolved
13668,1075,23674,,2,1,0,return_request,resolved
13669,1081,17710,15,4,1,0,product_inquiry,in_progress
13670,1077,42462,,48,1,0,return_request,resolved
13671,1082,22020,,2,1,0,return_request,resolved
13672,1079,33912,,4,1,0,return_request,pending
13673,1081,11529,,4,1,0,return_request,resolved
13674,1079,25585,,72,1,1,return_request,resolved
13675,1074,29987,,4,1,0,return_request,resolved
13676,1076,34073,,8,1,0,return_request,resolved
13677,1079,4391,,8,1,0,return_request,pending
13678,1079,28758,,2,1,0,return_request,in_progress
13679,1074,30070,,4,1,0,return_request,resolved
13680,1082,41434,,8,1,0,return_request,resolved
13681,1081,20665,,168,1,1,return_request,resolved
13682,1084,44722,,2,1,0,return_request,pending
13683,1077,30393,,48,1,0,technical_issue,in_progress
13684,1074,22184,,2,1,0,warranty_claim,resolved
13685,1084,44719,,24,1,0,technical_issue,resolved
13686,1081,3876,,72,1,1,warranty_claim,resolved
13687,1078,31420,,4,1,0,return_request,in_progress
13688,1082,3043,,4,1,0,return_request,resolved
13689,1072,42757,,24,1,0,technical_issue,resolved
13690,1078,35923,9,72,1,1,billing_issue,resolved
13691,1075,21368,11,4,1,0,return_request,resolved
13692,1077,10080,,4,1,0,warranty_claim,resolved
13693,1073,39258,,72,1,1,warranty_claim,in_progress
13694,1086,49860,,2,1,0,return_request,resolved
13695,1078,19393,,4,1,0,return_request,resolved
13696,1083,49877,,8,1,0,return_request,resolved
13697,1078,2428,,24,1,0,return_request,resolved
13698,1074,34365,,48,1,0,technical_issue,resolved
13699,1077,43911,,24,1,0,return_request,resolved
13700,1079,10098,,4,1,0,warranty_claim,resolved
13701,1075,13700,,24,1,0,delivery_problem,resolved
13702,1080,8678,,2,1,0,return_request,resolved
13703,1082,47926,17,8,1,0,technical_issue,resolved
13704,1081,32193,,8,1,0,product_inquiry,resolved
13705,1078,23264,,4,1,0,return_request,resolved
13706,1081,42813,,72,1,1,return_request,resolved
13707,1085,15916,,8,1,0,return_request,resolved
13708,1085,37811,,24,1,0,return_request,resolved
13709,1080,11696,,8,1,0,return_request,resolved
13710,1084,7843,,72,1,1,warranty_claim,resolved
13711,1074,38083,,24,1,0,return_request,resolved
13712,1084,20641,,24,1,0,return_request,resolved
13713,1073,28081,,72,1,1,return_request,resolved
13714,1077,36456,,24,1,0,technical_issue,resolved
13715,1079,32740,,72,1,1,return_request,resolved
13716,1073,13517,,24,1,0,return_request,resolved
13717,1076,39292,,24,1,0,return_request,resolved
13718,1074,26913,,48,1,0,product_inquiry,resolved
13719,1085,28097,,24,1,0,return_request,resolved
13720,1082,37199,24,4,1,0,delivery_problem,resolved
13721,1078,38775,,2,1,0,return_request,resolved
13722,1075,36450,,48,1,0,return_request,resolved
13723,1080,32416,,24,1,0,return_request,resolved
13724,1085,14539,,48,1,0,return_request,resolved
13725,1082,7570,20,48,1,0,return_request,resolved
13726,1073,27944,16,72,1,1,return_request,resolved
13727,1086,23279,,120,1,1,billing_issue,resolved
13728,1076,25643,,2,1,0,return_request,resolved
13729,1075,16323,,24,1,0,delivery_problem,resolved
13730,1083,31934,,72,1,1,return_request,resolved
13731,1078,30636,,8,1,0,return_request,resolved
13732,1086,8149,,24,1,0,return_request,resolved
13733,1074,18874,4,8,1,0,technical_issue,in_progress
13734,1085,39992,,8,1,0,return_request,pending
13735,1081,47306,,24,1,0,return_request,resolved
13736,1076,22165,,8,1,0,return_request,resolved
13737,1076,11342,,48,1,0,return_request,resolved
13738,1080,9344,,8,1,0,return_request,pending
13739,1082,33431,,24,1,0,return_request,resolved
13740,1077,41568,,120,1,1,return_request,resolved
13741,1077,39460,,24,1,0,return_request,resolved
13742,1082,20859,,8,1,0,return_request,resolved
13743,1086,15740,,4,1,0,return_request,resolved
13744,1078,6717,26,24,1,0,billing_issue,resolved
13745,1088,40651,,72,1,1,return_request,resolved
13746,1087,14612,,24,1,0,billing_issue,resolved
13747,1083,27446,,8,1,0,return_request,resolved
13748,1081,40503,,2,1,0,delivery_problem,resolved
13749,1076,33708,,2,1,0,technical_issue,resolved
13750,1084,35795,22,24,1,0,delivery_problem,resolved
13751,1082,6242,,8,1,0,billing_issue,resolved
13752,1088,42770,,48,1,0,return_request,resolved
13753,1085,1369,,8,1,0,return_request,resolved
13754,1076,27929,10,4,1,0,product_inquiry,resolved
13755,1075,47562,,8,1,0,return_request,resolved
13756,1082,9137,,72,1,1,return_request,resolved
13757,1075,9689,,24,1,0,return_request,in_progress
13758,1083,37578,,120,1,1,technical_issue,resolved
13759,1082,41273,,24,1,0,product_inquiry,resolved
13760,1077,5056,,120,1,1,technical_issue,resolved
13761,1080,34832,,48,1,0,delivery_problem,resolved
13762,1079,18326,,24,1,0,billing_issue,resolved
13763,1076,17537,,2,1,0,technical_issue,resolved
13764,1085,30155,,48,1,0,technical_issue,resolved
13765,1088,23750,,4,1,0,return_request,resolved
13766,1077,12178,,24,1,0,return_request,resolved
13767,1081,21056,,8,1,0,return_request,resolved
13768,1078,36958,,24,1,0,return_request,resolved
13769,1079,2520,,2,1,0,return_request,resolved
13770,1081,14164,,24,1,0,return_request,resolved
13771,1078,22565,,24,1,0,return_request,pending
13772,1081,5231,,8,1,0,return_request,resolved
13773,1080,7654,1,2,1,0,technical_issue,resolved
13774,1088,42463,24,8,1,0,warranty_claim,resolved
13775,1077,12133,,72,1,1,technical_issue,pending
13776,1076,20597,,8,1,0,return_request,resolved
13777,1090,8074,9,24,1,0,return_request,resolved
13778,1087,33285,,8,1,0,return_request,resolved
13779,1081,629,,8,1,0,return_request,resolved
13780,1078,43925,,4,1,0,return_request,in_progress
13781,1077,49284,10,8,1,0,technical_issue,resolved
13782,1085,34236,,168,1,1,technical_issue,resolved
13783,1083,48390,,24,1,0,product_inquiry,resolved
13784,1089,25035,,72,1,1,return_request,pending
13785,1089,35560,,8,1,0,return_request,resolved
13786,1080,42039,,8,1,0,return_request,resolved
13787,1090,5417,,24,1,0,return_request,resolved
13788,1090,27279,13,8,1,0,technical_issue,resolved
13789,1083,4635,,8,1,0,return_request,resolved
13790,1086,41860,,48,1,0,return_request,resolved
13791,1084,4564,24,4,1,0,technical_issue,resolved
13792,1090,3690,17,8,1,0,delivery_problem,resolved
13793,1081,41913,,24,1,0,return_request,resolved
13794,1080,9569,7,4,1,0,technical_issue,pending
13795,1087,3529,,4,1,0,return_request,resolved
13796,1078,41795,28,8,1,0,delivery_problem,resolved
13797,1078,19760,,72,1,1,return_request,resolved
13798,1076,24828,,48,1,0,return_request,resolved
13799,1087,28973,,4,1,0,delivery_problem,resolved
13800,1089,40480,,24,1,0,return_request,resolved
13801,1086,5211,,72,1,1,return_request,resolved
13802,1090,20581,8,2,1,0,billing_issue,resolved
13803,1079,42060,19,4,1,0,return_request,resolved
13804,1077,646,,2,1,0,return_request,resolved
13805,1082,29299,,8,1,0,return_request,resolved
13806,1079,941,,24,1,0,return_request,pending
13807,1086,26650,27,24,1,0,delivery_problem,resolved
13808,1077,42095,,120,1,1,technical_issue,resolved
13809,1077,34489,12,8,1,0,delivery_problem,resolved
13810,1083,35897,28,4,1,0,return_request,resolved
13811,1091,1011,,72,1,1,technical_issue,resolved
13812,1088,37467,,48,1,0,return_request,resolved
13813,1082,34836,,4,1,0,return_request,resolved
13814,1091,34009,18,4,1,0,billing_issue,pending
13815,1080,26347,,24,1,0,return_request,resolved
13816,1092,46196,,24,1,0,warranty_claim,resolved
13817,1082,8717,,48,1,0,return_request,resolved
13818,1088,40668,,24,1,0,return_request,resolved
13819,1088,17993,4,48,1,0,billing_issue,resolved
13820,1087,30989,,48,1,0,return_request,resolved
13821,1082,11215,,120,1,1,technical_issue,pending
13822,1092,24278,,48,1,0,return_request,resolved
13823,1082,49071,,4,1,0,return_request,resolved
13824,1085,18787,,24,1,0,return_request,resolved
13825,1084,36080,,4,1,0,return_request,resolved
13826,1080,42267,,8,1,0,product_inquiry,pending
13827,1081,26196,,4,1,0,return_request,pending
13828,1080,19630,,24,1,0,return_request,resolved
13829,1089,21371,,72,1,1,return_request,resolved
13830,1090,34518,,24,1,0,return_request,resolved
13831,1084,17051,,2,1,0,return_request,resolved
13832,1080,4760,,8,1,0,return_request,resolved
13833,1084,41520,8,24,1,0,return_request,resolved
13834,1092,15133,,8,1,0,return_request,resolved
13835,1082,37999,,24,1,0,return_request,resolved
13836,1079,29539,,72,1,1,product_inquiry,resolved
13837,1093,32743,,72,1,1,return_request,resolved
13838,1086,38125,,24,1,0,return_request,resolved
13839,1090,17772,,2,1,0,billing_issue,resolved
13840,1088,4612,,48,1,0,return_request,resolved
13841,1086,8649,,8,1,0,return_request,resolved
13842,1085,30270,1,48,1,0,delivery_problem,resolved
13843,1083,38722,,48,1,0,delivery_problem,resolved
13844,1087,48461,,8,1,0,return_request,resolved
13845,1082,46939,19,8,1,0,delivery_problem,resolved
13846,1082,28412,,8,1,0,return_request,resolved
13847,1088,34541,,4,1,0,return_request,resolved
13848,1088,14161,,24,1,0,return_request,resolved
13849,1092,26037,,2,1,0,return_request,pending
13850,1080,19991,11,24,1,0,return_request,resolved
13851,1088,47735,27,8,1,0,billing_issue,resolved
13852,1084,6322,,8,1,0,return_request,resolved
13853,1079,5101,,120,1,1,return_request,resolved
13854,1081,9703,,4,1,0,return_request,resolved
13855,1081,36208,,2,1,0,return_request,resolved
13856,1079,1926,27,8,1,0,return_request,resolved
13857,1079,44974,6,2,1,0,product_inquiry,resolved
13858,1086,37290,10,8,1,0,delivery_problem,resolved
13859,1093,39275,,2,1,0,billing_issue,resolved
13860,1083,34379,,48,1,0,return_request,resolved
13861,1089,45691,25,24,1,0,product_inquiry,resolved
13862,1080,21737,,4,1,0,return_request,resolved
13863,1092,18670,,48,1,0,return_request,resolved
13864,1085,29615,,8,1,0,delivery_problem,resolved
13865,1090,37351,,24,1,0,return_request,in_progress
13866,1086,33665,,4,1,0,return_request,resolved
13867,1086,46516,,72,1,1,delivery_problem,resolved
13868,1087,6824,,120,1,1,return_request,resolved
13869,1093,35072,,24,1,0,return_request,resolved
13870,1085,11545,,8,1,0,return_request,resolved
13871,1085,30955,,48,1,0,return_request,resolved
13872,1086,15884,,8,1,0,return_request,in_progress
13873,1086,49597,,4,1,0,return_request,in_progress
13874,1088,35284,,48,1,0,return_request,resolved
13875,1083,48355,,72,1,1,return_request,resolved
13876,1084,35493,,48,1,0,return_request,resolved
13877,1092,5704,,120,1,1,return_request,resolved
13878,1082,37172,,24,1,0,return_request,resolved
13879,1081,12646,,8,1,0,return_request,resolved
13880,1086,22669,,72,1,1,return_request,resolved
13881,1091,16148,,8,1,0,return_request,resolved
13882,1080,7726,,8,1,0,return_request,resolved
13883,1091,32980,,24,1,0,return_request,resolved
13884,1087,11666,,8,1,0,return_request,resolved
13885,1094,19504,,24,1,0,return_request,resolved
13886,1087,10938,,24,1,0,billing_issue,resolved
13887,1084,16462,11,24,1,0,technical_issue,in_progress
13888,1083,29770,,24,1,0,technical_issue,resolved
13889,1080,3733,,8,1,0,return_request,pending
13890,1083,8497,,24,1,0,billing_issue,resolved
13891,1084,43505,,48,1,0,return_request,resolved
13892,1087,3636,10,8,1,0,return_request,resolved
13893,1091,49965,23,8,1,0,technical_issue,pending
13894,1088,22446,16,2,1,0,delivery_problem,resolved
13895,1087,12232,,24,1,0,return_request,pending
13896,1091,28410,,4,1,0,return_request,resolved
13897,1095,21452,,48,1,0,return_request,resolved
13898,1086,20738,6,48,1,0,billing_issue,resolved
13899,1082,49813,,48,1,0,return_request,resolved
13900,1089,46490,,72,1,1,return_request,resolved
13901,1083,42108,,24,1,0,return_request,in_progress
13902,1084,20562,,4,1,0,return_request,resolved
13903,1093,23200,,4,1,0,return_request,resolved
13904,1094,47985,9,8,1,0,technical_issue,resolved
13905,1087,17489,,8,1,0,return_request,resolved
13906,1094,1910,,24,1,0,product_inquiry,resolved
13907,1091,25455,,2,1,0,delivery_problem,resolved
13908,1085,26117,18,2,1,0,technical_issue,resolved
13909,1082,8899,,8,1,0,return_request,resolved
13910,1081,25454,,8,1,0,technical_issue,resolved
13911,1085,6195,,24,1,0,warranty_claim,resolved
13912,1095,6613,,2,1,0,return_request,resolved
13913,1081,6057,,48,1,0,return_request,resolved
13914,1092,38844,,24,1,0,billing_issue,resolved
13915,1087,37259,,24,1,0,delivery_problem,resolved
13916,1082,33813,,4,1,0,return_request,resolved
13917,1093,41134,,24,1,0,return_request,resolved
13918,1090,32453,,48,1,0,return_request,resolved
13919,1089,823,,8,1,0,return_request,resolved
13920,1091,19335,,48,1,0,billing_issue,resolved
13921,1093,28395,,24,1,0,return_request,resolved
13922,1085,46205,,8,1,0,return_request,resolved
13923,1088,3920,,48,1,0,return_request,resolved
13924,1094,48985,,2,1,0,return_request,resolved
13925,1088,44921,24,48,1,0,delivery_problem,resolved
13926,1084,11937,28,72,1,1,billing_issue,resolved
13927,1093,7894,,24,1,0,return_request,resolved
13928,1085,35842,,72,1,1,return_request,resolved
13929,1086,1248,,8,1,0,technical_issue,resolved
13930,1085,12215,,24,1,0,return_request,pending
13931,1092,20294,,48,1,0,return_request,pending
13932,1090,28818,,24,1,0,return_request,resolved
13933,1086,32583,,120,1,1,return_request,resolved
13934,1085,40486,,24,1,0,return_request,resolved
13935,1096,9866,17,48,1,0,technical_issue,resolved
13936,1082,49056,23,72,1,1,technical_issue,resolved
13937,1083,45815,,24,1,0,return_request,pending
13938,1096,45498,,24,1,0,return_request,in_progress
13939,1084,8030,,48,1,0,product_inquiry,in_progress
13940,1089,8857,7,24,1,0,technical_issue,resolved
13941,1096,11555,,72,1,1,billing_issue,resolved
13942,1092,48326,26,48,1,0,billing_issue,resolved
13943,1092,13956,22,4,1,0,product_inquiry,in_progress
13944,1095,13931,,2,1,0,return_request,resolved
13945,1083,12442,,8,1,0,return_request,pending
13946,1086,32883,,24,1,0,return_request,resolved
13947,1096,44416,,4,1,0,return_request,pending
13948,1091,26031,,4,1,0,technical_issue,resolved
13949,1086,21066,,168,1,1,return_request,resolved
13950,1093,21112,27,24,1,0,billing_issue,resolved
13951,1083,8393,,48,1,0,return_request,in_progress
13952,1095,20730,,48,1,0,return_request,pending
13953,1090,3312,,72,1,1,return_request,resolved
13954,1093,48166,,4,1,0,return_request,resolved
13955,1096,22247,,48,1,0,return_request,resolved
13956,1096,24902,,8,1,0,product_inquiry,resolved
13957,1089,19282,,120,1,1,return_request,pending
13958,1093,34974,,120,1,1,return_request,resolved
13959,1093,22450,,72,1,1,return_request,resolved
13960,1096,39980,,72,1,1,return_request,resolved
13961,1094,45478,25,120,1,1,billing_issue,resolved
13962,1086,19817,,8,1,0,return_request,resolved
13963,1092,41080,,4,1,0,product_inquiry,resolved
13964,1094,3644,,48,1,0,return_request,resolved
13965,1092,23555,,8,1,0,return_request,pending
13966,1091,37033,,8,1,0,return_request,resolved
13967,1095,45497,,8,1,0,billing_issue,resolved
13968,1090,15988,,24,1,0,return_request,resolved
13969,1086,49598,,8,1,0,return_request,resolved
13970,1084,2866,,72,1,1,return_request,in_progress
13971,1092,27762,,24,1,0,warranty_claim,resolved
13972,1093,5428,,2,1,0,delivery_problem,in_progress
13973,1085,13904,,8,1,0,technical_issue,resolved
13974,1088,31066,,48,1,0,technical_issue,resolved
13975,1085,40196,,8,1,0,return_request,resolved
13976,1091,47483,,24,1,0,return_request,resolved
13977,1086,33946,,2,1,0,return_request,resolved
13978,1085,31803,,24,1,0,return_request,resolved
13979,1094,35689,,72,1,1,return_request,resolved
13980,1092,6366,,72,1,1,return_request,resolved
13981,1096,10040,,4,1,0,return_request,resolved
13982,1090,3795,,8,1,0,product_inquiry,resolved
13983,1094,43765,,72,1,1,return_request,resolved
13984,1091,27661,,48,1,0,return_request,resolved
13985,1094,11671,,8,1,0,return_request,resolved
13986,1089,26616,,4,1,0,return_request,resolved
13987,1092,24498,,4,1,0,technical_issue,resolved
13988,1093,33185,,4,1,0,return_request,resolved
13989,1094,1733,,2,1,0,return_request,resolved
13990,1084,34706,,24,1,0,technical_issue,resolved
13991,1087,4571,,4,1,0,return_request,resolved
13992,1089,31039,,8,1,0,return_request,resolved
13993,1087,4508,,4,1,0,return_request,resolved
13994,1093,25540,,4,1,0,return_request,resolved
13995,1095,39306,,4,1,0,warranty_claim,resolved
13996,1085,8011,,8,1,0,return_request,pending
13997,1090,37786,,24,1,0,return_request,resolved
13998,1092,39260,,4,1,0,return_request,resolved
13999,1092,43459,,4,1,0,return_request,resolved
14000,1096,18251,19,48,1,0,product_inquiry,resolved
14001,1084,29667,,120,1,1,return_request,resolved
14002,1095,37471,11,4,1,0,technical_issue,resolved
14003,1089,43562,,2,1,0,warranty_claim,pending
14004,1085,39377,,2,1,0,technical_issue,resolved
14005,1085,39794,,4,1,0,return_request,resolved
14006,1096,1079,,48,1,0,return_request,resolved
14007,1096,11585,,24,1,0,return_request,resolved
14008,1086,41981,,72,1,1,return_request,in_progress
14009,1095,15837,,2,1,0,return_request,resolved
14010,1086,42888,,72,1,1,product_inquiry,resolved
14011,1090,36044,,2,1,0,return_request,resolved
14012,1096,30572,19,8,1,0,technical_issue,resolved
14013,1087,23778,,8,1,0,return_request,resolved
14014,1088,32993,,8,1,0,return_request,resolved
14015,1096,30256,,48,1,0,return_request,resolved
14016,1088,47903,,24,1,0,return_request,resolved
14017,1090,19325,,48,1,0,return_request,resolved
14018,1094,47383,14,24,1,0,delivery_problem,resolved
14019,1095,22474,,72,1,1,return_request,resolved
14020,1095,25109,10,2,1,0,technical_issue,pending
14021,1090,27398,17,72,1,1,billing_issue,resolved
14022,1093,37483,1,24,1,0,technical_issue,resolved
14023,1094,34091,2,24,1,0,delivery_problem,in_progress
14024,1096,14086,1,72,1,1,return_request,resolved
14025,1096,12623,,8,1,0,return_request,resolved
14026,1091,11783,,8,1,0,return_request,resolved
14027,1086,35363,,24,1,0,return_request,resolved
14028,1089,7285,,4,1,0,return_request,resolved
14029,1090,14040,,4,1,0,return_request,resolved
14030,1092,38287,,120,1,1,return_request,resolved
14031,1091,10036,,8,1,0,return_request,resolved
14032,1092,20543,,8,1,0,warranty_claim,resolved
14033,1089,17738,,24,1,0,billing_issue,resolved
14034,1089,28161,,2,1,0,return_request,resolved
14035,1090,28606,,8,1,0,return_request,resolved
14036,1085,49541,,4,1,0,return_request,resolved
14037,1095,45417,,48,1,0,technical_issue,resolved
14038,1096,32622,27,24,1,0,warranty_claim,resolved
14039,1087,35611,,48,1,0,delivery_problem,resolved
14040,1087,38305,,8,1,0,return_request,resolved
14041,1094,28574,,8,1,0,return_request,resolved
14042,1096,42809,,24,1,0,product_inquiry,resolved
14043,1092,4807,,72,1,1,delivery_problem,resolved
14044,1096,43253,,8,1,0,return_request,in_progress
14045,1095,24401,,48,1,0,return_request,pending
14046,1096,4133,,2,1,0,return_request,resolved
14047,1095,45440,,8,1,0,return_request,resolved
14048,1096,37922,,48,1,0,return_request,resolved
14049,1088,39818,,8,1,0,billing_issue,in_progress
14050,1096,26205,,4,1,0,return_request,resolved
14051,1086,28668,15,4,1,0,billing_issue,resolved
14052,1096,19843,,48,1,0,delivery_problem,resolved
14053,1087,24129,,2,1,0,return_request,pending
14054,1096,35306,,8,1,0,return_request,resolved
14055,1096,28613,,24,1,0,delivery_problem,resolved
14056,1088,43681,,4,1,0,billing_issue,resolved
14057,1096,31909,,24,1,0,return_request,resolved
14058,1096,16533,,2,1,0,technical_issue,resolved
14059,1092,26683,,48,1,0,return_request,resolved
14060,1090,20658,,48,1,0,warranty_claim,resolved
14061,1094,31130,,8,1,0,return_request,resolved
14062,1087,44880,,4,1,0,return_request,resolved
14063,1086,46095,,8,1,0,warranty_claim,resolved
14064,1096,38850,,8,1,0,return_request,resolved
14065,1092,23464,,24,1,0,return_request,resolved
14066,1090,49668,,48,1,0,return_request,resolved
14067,1095,24910,25,168,1,1,billing_issue,pending
14068,1091,49179,,4,1,0,return_request,resolved
14069,1094,4783,,24,1,0,technical_issue,resolved
14070,1092,5086,,4,1,0,delivery_problem,resolved
14071,1092,9151,,8,1,0,return_request,resolved
14072,1092,27472,,8,1,0,delivery_problem,in_progress
14073,1092,31919,,8,1,0,warranty_claim,pending
14074,1087,1212,,4,1,0,technical_issue,resolved
14075,1089,34078,2,24,1,0,delivery_problem,resolved
14076,1090,33273,,2,1,0,return_request,in_progress
14077,1096,45501,,48,1,0,return_request,pending
14078,1091,4914,,120,1,1,return_request,pending
14079,1088,27819,,24,1,0,return_request,resolved
14080,1096,9674,,24,1,0,product_inquiry,resolved
14081,1096,49875,,168,1,1,return_request,pending
14082,1094,16242,,4,1,0,return_request,in_progress
14083,1091,3383,,120,1,1,return_request,resolved
14084,1092,42290,,4,1,0,return_request,resolved
14085,1087,43787,,2,1,0,return_request,resolved
14086,1096,13806,19,24,1,0,product_inquiry,resolved
14087,1094,12665,,24,1,0,return_request,in_progress
14088,1096,32274,,4,1,0,delivery_problem,resolved
14089,1088,47865,16,8,1,0,delivery_problem,resolved
14090,1094,30248,,24,1,0,return_request,resolved
14091,1095,9828,,8,1,0,return_request,resolved
14092,1093,19997,,168,1,1,return_request,resolved
14093,1087,21773,,24,1,0,technical_issue,resolved
14094,1090,49794,,8,1,0,product_inquiry,resolved
14095,1096,21989,20,168,1,1,return_request,in_progress
14096,1094,25256,,24,1,0,return_request,in_progress
14097,1096,22136,,24,1,0,return_request,resolved
14098,1092,37053,,72,1,1,return_request,resolved
14099,1087,44252,28,4,1,0,warranty_claim,resolved
14100,1096,48881,,24,1,0,return_request,resolved
14101,1095,36970,,4,1,0,billing_issue,resolved
14102,1092,46555,,8,1,0,return_request,pending
14103,1091,46708,,4,1,0,return_request,resolved
14104,1096,11751,,2,1,0,delivery_problem,resolved
14105,1095,21516,,8,1,0,return_request,in_progress
14106,1096,7549,,8,1,0,return_request,resolved
14107,1091,38547,,4,1,0,return_request,resolved
14108,1093,13321,,2,1,0,return_request,resolved
14109,1087,4518,,8,1,0,product_inquiry,resolved
14110,1096,31528,26,2,1,0,warranty_claim,pending
14111,1095,46499,27,24,1,0,billing_issue,resolved
14112,1096,28783,26,72,1,1,technical_issue,resolved
14113,1094,5731,,2,1,0,technical_issue,resolved
14114,1096,42047,,168,1,1,delivery_problem,resolved
14115,1096,29181,,4,1,0,return_request,resolved
14116,1095,11474,,4,1,0,delivery_problem,resolved
14117,1096,34430,,120,1,1,return_request,resolved
14118,1096,25524,7,24,1,0,technical_issue,resolved
14119,1096,48989,14,24,1,0,product_inquiry,resolved
14120,1095,19199,16,24,1,0,product_inquiry,resolved
14121,1096,29063,,24,1,0,return_request,pending
14122,1096,31342,,72,1,1,technical_issue,pending
14123,1091,44858,,4,1,0,return_request,resolved
14124,1094,20095,,24,1,0,delivery_problem,resolved
14125,1088,27802,,8,1,0,return_request,resolved
14126,1096,6947,,72,1,1,delivery_problem,resolved
14127,1096,34940,,4,1,0,delivery_problem,resolved
14128,1096,31508,,24,1,0,technical_issue,resolved
14129,1096,44598,7,24,1,0,delivery_problem,resolved
14130,1096,46805,,120,1,1,return_request,resolved
14131,1091,1186,,8,1,0,product_inquiry,resolved
14132,1091,19848,,72,1,1,return_request,resolved
14133,1096,40290,,48,1,0,delivery_problem,resolved
14134,1096,12953,,48,1,0,return_request,resolved
14135,1095,46528,,24,1,0,return_request,resolved
14136,1096,23800,,48,1,0,return_request,resolved
14137,1089,38767,,2,1,0,return_request,in_progress
14138,1096,33177,,8,1,0,warranty_claim,resolved
14139,1092,44123,,72,1,1,return_request,resolved
14140,1096,30129,,48,1,0,return_request,resolved
14141,1096,37359,,72,1,1,return_request,resolved
14142,1092,48734,,4,1,0,return_request,resolved
14143,1096,36337,,4,1,0,return_request,resolved
14144,1096,20511,,8,1,0,return_request,resolved
14145,1095,17700,,8,1,0,return_request,resolved
14146,1092,37439,,168,1,1,return_request,resolved
14147,1096,18284,,8,1,0,return_request,resolved
14148,1091,21009,,48,1,0,return_request,resolved
14149,1095,26547,,8,1,0,return_request,resolved
14150,1096,45562,,8,1,0,return_request,resolved
14151,1096,34998,,24,1,0,return_request,resolved
14152,1090,13873,,120,1,1,technical_issue,resolved
14153,1095,1410,,72,1,1,return_request,resolved
14154,1096,5690,,72,1,1,delivery_problem,resolved
14155,1094,7191,14,24,1,0,delivery_problem,resolved
14156,1092,17610,,168,1,1,delivery_problem,resolved
14157,1092,33869,,24,1,0,return_request,resolved
14158,1096,30213,,24,1,0,return_request,resolved
14159,1088,30954,,24,1,0,return_request,resolved
14160,1096,19006,,2,1,0,return_request,resolved
14161,1096,31781,,24,1,0,return_request,pending
14162,1096,49322,,8,1,0,return_request,resolved
14163,1096,34598,,24,1,0,return_request,resolved
14164,1095,5814,,2,1,0,return_request,resolved
14165,1096,21692,,24,1,0,billing_issue,resolved
14166,1096,13701,2,48,1,0,delivery_problem,resolved
14167,1096,11488,23,24,1,0,billing_issue,resolved
14168,1092,10989,,4,1,0,return_request,resolved
14169,1091,22196,,4,1,0,return_request,resolved
14170,1095,34718,12,8,1,0,billing_issue,resolved
14171,1096,41607,,4,1,0,delivery_problem,resolved
14172,1090,24578,,8,1,0,return_request,resolved
14173,1089,23596,,8,1,0,return_request,resolved
14174,1090,3727,18,8,1,0,warranty_claim,resolved
14175,1090,19194,,2,1,0,return_request,resolved
14176,1092,45573,,4,1,0,return_request,resolved
14177,1091,5447,,24,1,0,return_request,resolved
14178,1096,42544,,24,1,0,return_request,resolved
14179,1089,8360,4,48,1,0,billing_issue,resolved
14180,1096,5107,,48,1,0,return_request,resolved
14181,1096,11355,,8,1,0,return_request,resolved
14182,1096,29758,12,48,1,0,billing_issue,resolved
14183,1096,31124,,48,1,0,return_request,resolved
14184,1092,41112,,8,1,0,return_request,resolved
14185,1089,15715,,4,1,0,return_request,resolved
14186,1096,20283,,2,1,0,return_request,resolved
14187,1096,46176,,24,1,0,return_request,resolved
14188,1092,20384,28,24,1,0,warranty_claim,resolved
14189,1096,31785,14,48,1,0,technical_issue,resolved
14190,1090,1053,,24,1,0,return_request,resolved
14191,1096,15276,,4,1,0,return_request,resolved
14192,1092,42325,,8,1,0,technical_issue,in_progress
14193,1096,27442,,168,1,1,return_request,resolved
14194,1096,8135,,8,1,0,return_request,resolved
14195,1092,41442,24,24,1,0,return_request,resolved
14196,1092,22368,17,24,1,0,technical_issue,resolved
14197,1096,2809,,4,1,0,delivery_problem,resolved
14198,1096,13492,17,4,1,0,warranty_claim,resolved
14199,1095,30856,,48,1,0,delivery_problem,in_progress
14200,1096,6123,13,24,1,0,return_request,resolved
14201,1093,9867,15,48,1,0,technical_issue,resolved
14202,1095,32836,,72,1,1,delivery_problem,resolved
14203,1096,18026,,4,1,0,return_request,resolved
14204,1096,10132,,4,1,0,technical_issue,resolved
14205,1096,1809,,48,1,0,return_request,resolved
14206,1096,45276,,8,1,0,return_request,resolved
14207,1095,48578,17,24,1,0,technical_issue,resolved
14208,1096,18689,,120,1,1,return_request,resolved
14209,1096,5335,,48,1,0,return_request,resolved
14210,1096,28160,,168,1,1,product_inquiry,resolved
14211,1095,3442,,48,1,0,return_request,resolved
14212,1094,29866,3,24,1,0,delivery_problem,pending
14213,1093,5624,,72,1,1,return_request,resolved
14214,1096,4333,,48,1,0,return_request,resolved
14215,1096,47596,7,72,1,1,return_request,resolved
14216,1094,9686,,72,1,1,return_request,resolved
14217,1096,9793,,4,1,0,return_request,resolved
14218,1096,20391,,48,1,0,billing_issue,resolved
14219,1094,48514,,4,1,0,delivery_problem,resolved
14220,1092,22493,,2,1,0,return_request,pending
14221,1096,33020,,24,1,0,return_request,pending
14222,1094,21217,,24,1,0,billing_issue,resolved
14223,1096,27332,,24,1,0,return_request,resolved
14224,1092,7194,,24,1,0,billing_issue,resolved
14225,1096,22861,,2,1,0,return_request,resolved
14226,1092,25937,,48,1,0,return_request,resolved
14227,1096,39690,,24,1,0,return_request,resolved
14228,1092,39866,,120,1,1,return_request,resolved
14229,1096,37810,,24,1,0,return_request,resolved
14230,1096,4884,,48,1,0,return_request,resolved
14231,1096,5499,,72,1,1,return_request,resolved
14232,1096,38172,,2,1,0,return_request,resolved
14233,1094,45833,,4,1,0,return_request,resolved
14234,1095,24304,,24,1,0,warranty_claim,resolved
14235,1096,49945,,2,1,0,billing_issue,resolved
14236,1096,26956,,4,1,0,technical_issue,resolved
14237,1096,29668,,4,1,0,return_request,resolved
14238,1096,18281,,8,1,0,return_request,resolved
14239,1096,41128,,4,1,0,return_request,resolved
14240,1093,45892,,24,1,0,billing_issue,resolved
14241,1096,37307,,24,1,0,return_request,resolved
14242,1094,36086,,48,1,0,return_request,resolved
14243,1096,41553,,2,1,0,return_request,resolved
14244,1091,43901,,48,1,0,billing_issue,in_progress
14245,1096,42421,16,8,1,0,delivery_problem,resolved
14246,1092,7288,23,48,1,0,technical_issue,resolved
14247,1096,31247,,48,1,0,return_request,resolved
14248,1096,20953,,2,1,0,return_request,resolved
14249,1096,46331,,4,1,0,product_inquiry,pending
14250,1096,33806,,2,1,0,return_request,in_progress
14251,1096,6548,12,8,1,0,technical_issue,resolved
14252,1094,26683,,120,1,1,technical_issue,resolved
14253,1094,44972,25,24,1,0,product_inquiry,resolved
14254,1096,42575,26,48,1,0,technical_issue,resolved
14255,1096,49567,,8,1,0,return_request,resolved
14256,1096,9325,,8,1,0,delivery_problem,resolved
14257,1096,10095,,4,1,0,return_request,resolved
14258,1094,46618,,8,1,0,return_request,resolved
14259,1096,35919,,24,1,0,return_request,resolved
14260,1096,37157,,72,1,1,return_request,resolved
14261,1096,37181,,72,1,1,return_request,resolved
14262,1096,16045,,24,1,0,billing_issue,resolved
14263,1096,25063,,2,1,0,return_request,resolved
14264,1094,9039,,8,1,0,return_request,resolved
14265,1092,7773,24,72,1,1,return_request,resolved
14266,1096,44582,,48,1,0,return_request,resolved
14267,1096,25797,,24,1,0,return_request,resolved
14268,1096,46670,,8,1,0,return_request,resolved
14269,1094,14563,,24,1,0,return_request,resolved
14270,1096,3676,,4,1,0,return_request,resolved
14271,1096,3890,,2,1,0,return_request,resolved
14272,1096,37197,,24,1,0,return_request,resolved
14273,1096,29076,,4,1,0,return_request,resolved
14274,1095,2501,,24,1,0,return_request,resolved
14275,1096,21202,,24,1,0,return_request,resolved
14276,1096,37120,,4,1,0,return_request,resolved
14277,1096,18159,,4,1,0,delivery_problem,resolved
14278,1096,7076,,72,1,1,return_request,resolved
14279,1096,15895,,24,1,0,delivery_problem,resolved
14280,1096,17609,,2,1,0,return_request,resolved
14281,1096,25243,3,48,1,0,return_request,resolved
14282,1096,49402,,120,1,1,delivery_problem,resolved
14283,1096,3038,,72,1,1,return_request,resolved
14284,1096,19141,,8,1,0,return_request,in_progress
14285,1096,28289,,8,1,0,return_request,resolved
14286,1096,693,,48,1,0,return_request,resolved
14287,1096,46625,,8,1,0,return_request,resolved
14288,1096,49526,,24,1,0,delivery_problem,resolved
14289,1096,18767,,24,1,0,return_request,resolved
14290,1096,35245,19,8,1,0,return_request,resolved
14291,1096,15441,5,168,1,1,technical_issue,resolved
14292,1093,19252,,72,1,1,return_request,resolved
14293,1096,7327,,8,1,0,return_request,pending
14294,1096,21274,,8,1,0,return_request,resolved
14295,1096,39715,25,8,1,0,return_request,resolved
14296,1096,34201,,4,1,0,warranty_claim,resolved
14297,1096,6324,6,72,1,1,billing_issue,resolved
14298,1095,5652,28,24,1,0,technical_issue,resolved
14299,1096,40447,,8,1,0,return_request,resolved
14300,1096,39662,6,4,1,0,technical_issue,resolved
14301,1095,1694,,4,1,0,delivery_problem,resolved
14302,1096,29072,,8,1,0,return_request,resolved
14303,1096,21907,,24,1,0,warranty_claim,resolved
14304,1096,8523,,48,1,0,return_request,resolved
14305,1096,31577,17,4,1,0,technical_issue,resolved
14306,1096,17245,2,8,1,0,technical_issue,in_progress
14307,1096,11118,,24,1,0,return_request,resolved
14308,1094,35013,,24,1,0,return_request,resolved
14309,1096,37050,,2,1,0,return_request,pending
14310,1096,26654,,72,1,1,return_request,resolved
14311,1096,46479,,4,1,0,return_request,resolved
14312,1096,30492,,48,1,0,return_request,resolved
14313,1096,47753,,72,1,1,return_request,pending
14314,1096,4007,,2,1,0,return_request,resolved
14315,1096,5116,,24,1,0,return_request,in_progress
14316,1096,17316,,120,1,1,return_request,resolved
14317,1096,4700,,4,1,0,return_request,resolved
14318,1096,43557,25,4,1,0,technical_issue,resolved
14319,1096,27126,,8,1,0,delivery_problem,resolved
14320,1096,21445,,48,1,0,return_request,resolved
14321,1096,43873,,48,1,0,return_request,resolved
14322,1096,3322,,24,1,0,return_request,resolved
14323,1096,2375,,4,1,0,technical_issue,resolved
14324,1095,6291,19,48,1,0,delivery_problem,resolved
14325,1096,25374,,48,1,0,return_request,resolved
14326,1096,15532,,4,1,0,warranty_claim,resolved
14327,1096,46937,,24,1,0,return_request,resolved
14328,1096,33103,,24,1,0,return_request,resolved
14329,1096,2513,,24,1,0,return_request,resolved
14330,1096,14901,,48,1,0,return_request,resolved
14331,1096,13507,,48,1,0,return_request,in_progress
14332,1096,34396,18,72,1,1,delivery_problem,resolved
14333,1096,40241,,48,1,0,technical_issue,pending
14334,1096,13875,,8,1,0,product_inquiry,resolved
14335,1096,4082,6,24,1,0,billing_issue,resolved
14336,1096,5573,,120,1,1,return_request,resolved
14337,1096,32450,,24,1,0,return_request,pending
14338,1096,19942,,48,1,0,billing_issue,resolved
14339,1096,2106,,120,1,1,return_request,resolved
14340,1096,7288,,2,1,0,return_request,resolved
14341,1096,15618,26,24,1,0,delivery_problem,resolved
14342,1096,19808,,8,1,0,return_request,in_progress
14343,1096,5530,,24,1,0,return_request,resolved
14344,1096,4590,,2,1,0,technical_issue,resolved
14345,1096,7679,,24,1,0,return_request,resolved
14346,1096,20777,,24,1,0,return_request,resolved
14347,1096,43074,,8,1,0,return_request,resolved
14348,1096,48230,,72,1,1,technical_issue,resolved
14349,1096,10629,11,4,1,0,technical_issue,resolved
14350,1096,36587,,4,1,0,product_inquiry,resolved
14351,1096,28074,6,4,1,0,technical_issue,in_progress
14352,1096,41514,,72,1,1,return_request,resolved
14353,1096,5631,,8,1,0,return_request,resolved
14354,1096,48903,,24,1,0,return_request,pending
14355,1096,16385,20,8,1,0,technical_issue,resolved
14356,1096,6061,,4,1,0,return_request,resolved
14357,1096,8464,,24,1,0,return_request,resolved
14358,1096,730,,24,1,0,return_request,pending
14359,1096,18473,,72,1,1,return_request,resolved
14360,1096,1457,,24,1,0,return_request,resolved
14361,1096,19404,,8,1,0,billing_issue,pending
